"Function / Call Stack","CPU Time","Clockticks","Instructions Retired","CPI Rate","Retiring","Front-End Bound","Bad Speculation","Back-End Bound","Retiring","Front-End Bound","Bad Speculation","Back-End Bound","Back-End Bound Auxiliary","Average CPU Frequency","Module","Function (Full)","Source File","Start Address"
"ImageProcessing::convolution","20.4663","77706048000","269742412800","0.288075","0.61531","0.292315","0.0687632","0.0236112","0.395698","0.0760958","0","0.943588","0.943588","3.79678e+09","kip_sequential_profile.exe","ImageProcessing::convolution(class Image const &,class Kernel const &)","ImageProcessing.cpp","0x1400220e0"
"Pixel::getR","2.85629","10766246400","32801664000","0.328223","0.663023","0.163946","0.0988644","0.0741661","","0","","","","3.76931e+09","kip_sequential_profile.exe","Pixel::getR(void)","Pixel.cpp","0x140023ec0"
"Pixel::~Pixel","2.68479","10099622400","35391552000","0.285368","0.670929","0.24658","0.0631599","0.0193309","1","0","0","0","0","3.76179e+09","kip_sequential_profile.exe","Pixel::~Pixel(void)","Pixel.cpp","0x140023eb0"
"Pixel::getG","2.63599","9948556800","29311027200","0.339413","0.582474","0.163125","0.234179","0.020222","0.257555","0.103022","0","1","1","3.77413e+09","kip_sequential_profile.exe","Pixel::getG(void)","Pixel.cpp","0x140023ed0"
"Pixel::getB","2.57169","9822489600","32087731200","0.306114","0.543839","0.196022","0.236964","0.023175","0","0","","","","3.81947e+09","kip_sequential_profile.exe","Pixel::getB(void)","Pixel.cpp","0x140023ee0"
"stbiw__jpg_processDU","0.363598","1392384000","1719513600","0.809755","0.23625","0.244062","0.429063","0.090625","0","0","0","0","0","3.82946e+09","kip_sequential_profile.exe","stbiw__jpg_processDU(struct stbi__write_context *, int *, int *, float *, int, float *, int, unsigned short[2] *, unsigned short[2] *)","stb_image_write.h","0x14001ff50"
"stbi__jpeg_decode_block_prog_ac","0.223899","846720000","1133529600","0.746977","0.195413","0.35367","0.372936","0.0779817","0","0","0","0","0","3.7817e+09","kip_sequential_profile.exe","stbi__jpeg_decode_block_prog_ac(struct stbi__jpeg *, short *, struct stbi__huffman *, short *)","stb_image.h","0x14001bce0"
"getChannelAsUint8","0.151199","563404800","1852032000","0.304209","0.589474","0.431579","0","0.0789474","","0","","0","0","3.72624e+09","kip_sequential_profile.exe","getChannelAsUint8(float)","ImageProcessing.cpp","0x1400220c0"
"STBImageReader::loadRGBImage","0.119499","451046400","603456000","0.747439","0.118584","0.020354","0.135398","0.725664","0","0","0","0","0","3.77446e+09","kip_sequential_profile.exe","STBImageReader::loadRGBImage(class std::filesystem::path const &)","STBImageReader.cpp","0x14000b3d0"
"std::vector<Pixel,std::allocator<Pixel> >::operator[]","0.0946996","342720000","1164979200","0.294186","0.395556","0.112593","0.477037","0.0148148","0.669643","0","0","1","1","3.61902e+09","kip_sequential_profile.exe","std::vector<Pixel,std::allocator<Pixel> >::operator[]","vector","0x1400222e6"
"stbiw__jpg_DCT","0.0818996","299174400","1517644800","0.197131","0.728571","0.097619","0.12619","0.047619","0","0","0","0","0","3.65294e+09","kip_sequential_profile.exe","stbiw__jpg_DCT(float *, float *, float *, float *, float *, float *, float *, float *)","stb_image_write.h","0x140020c70"
"RtlLeaveCriticalSection","0.0747997","262080000","793497600","0.330285","0.296203","0.213924","0.439241","0.0506329","0","0","0","0","0","3.50376e+09","ntdll.dll","RtlLeaveCriticalSection","[Unknown]","0x18007a190"
"RtlEnterCriticalSection","0.0675997","267724800","849139200","0.31529","0.510145","0.249275","0.24058","0","0","0","0","0","0","3.96044e+09","ntdll.dll","RtlEnterCriticalSection","[Unknown]","0x18007a090"
"stbi__YCbCr_to_RGB_simd","0.0573997","215577600","1012838400","0.212845","0.647458","0.10678","0.144068","0.101695","0","0","0","0","0","3.75572e+09","kip_sequential_profile.exe","stbi__YCbCr_to_RGB_simd(unsigned char *, const unsigned char *, const unsigned char *, const unsigned char *, int, int)","stb_image.h","0x140017cb0"
"std::_Default_allocator_traits<std::allocator<Pixel> >::construct","0.0570998","203750400","739737600","0.275436","0.576271","0.0661017","0.171186","0.186441","0","0","0","0","0","3.56832e+09","kip_sequential_profile.exe","std::_Default_allocator_traits<std::allocator<Pixel> >::construct","xmemory","0x140021b40"
"stbiw__jpg_writeBits","0.0550998","217190400","590822400","0.367607","0.425455","0.234545","0.321818","0.0181818","0","0","0","0","0","3.94177e+09","kip_sequential_profile.exe","stbiw__jpg_writeBits(struct stbi__write_context *, int *, int *, const unsigned short *)","stb_image_write.h","0x140020be0"
"func@0x1406b47ae","0.0455998","173376000","56716800","3.05687","0.140426","0.204255","0","0.702128","0","0","0","0","0","3.80212e+09","ntoskrnl.exe","func@0x1406b47ae","[Unknown]","0x1406b47ae"
"stbi__jpeg_huff_decode","0.0455998","173376000","152140800","1.13958","0.1125","0.36875","0.435417","0.0833333","0","0","0","0","0","3.80212e+09","kip_sequential_profile.exe","stbi__jpeg_huff_decode","stb_image.h","0x14001be55"
"stbi_write_jpg_core","0.0423998","156710400","577651200","0.271289","0.622222","0.075","0","0.388889","0","0","0","0","0","3.69602e+09","kip_sequential_profile.exe","stbi_write_jpg_core(struct stbi__write_context *, int, int, int, const void *, int)","stb_image_write.h","0x140009520"
"STBImageReader::saveJPGImage","0.0299999","113164800","389222400","0.290746","0.5625","0.121875","0.159375","0.15625","0","0","0","0","0","3.77218e+09","kip_sequential_profile.exe","STBImageReader::saveJPGImage(class Image const &,class std::filesystem::path const &)","STBImageReader.cpp","0x14000b9a0"
"stbi__jpeg_get_bit","0.0296999","123110400","95692800","1.28652","0.185185","0.52963","0.248148","0.037037","0","0","0","0","0","4.14515e+09","kip_sequential_profile.exe","stbi__jpeg_get_bit","stb_image.h","0x14001c085"
"std::vector<std::vector<Pixel,std::allocator<Pixel> >,std::allocator<std::vector<Pixel,std::allocator<Pixel> > > >::operator[]","0.0269999","109939200","354009600","0.310554","0.414815","0.737037","0","0.0740741","0","0","0","0","0","4.07184e+09","kip_sequential_profile.exe","std::vector<std::vector<Pixel,std::allocator<Pixel> >,std::allocator<std::vector<Pixel,std::allocator<Pixel> > > >::operator[]","vector","0x1400223d8"
"stbi__grow_buffer_unsafe","0.0267999","101337600","125798400","0.805556","0.26087","0.395652","0.256522","0.0869565","0","0","0","0","0","3.78127e+09","kip_sequential_profile.exe","stbi__grow_buffer_unsafe(struct stbi__jpeg *)","stb_image.h","0x14001b870"
"func@0x1406a77e0","0.0244999","91392000","30105600","3.03571","0.0416667","0.3125","0.270833","0.375","0","0","0","0","0","3.7303e+09","ntoskrnl.exe","func@0x1406a77e0","[Unknown]","0x1406a77e0"
"func@0x180036180","0.0238999","81715200","160742400","0.508361","0.694737","0.236842","0.0684211","0","0","0","0","0","0","3.41906e+09","ucrtbase.dll","func@0x180036180","[Unknown]","0x180036180"
"std::_Default_allocator_traits<std::allocator<Pixel> >::construct","0.0236999","90585600","358848000","0.252434","0.580952","0.0857143","0.0952381","0.238095","0","0","0","0","0","3.82219e+09","kip_sequential_profile.exe","std::_Default_allocator_traits<std::allocator<Pixel> >::construct","xmemory","0x1400215e0"
"Pixel::Pixel","0.0224999","90048000","158054400","0.569728","0.416667","0.283333","0","0.333333","0","0","0","0","0","4.00215e+09","kip_sequential_profile.exe","Pixel::Pixel(unsigned char,unsigned char,unsigned char)","Pixel.cpp","0x140023ea0"
"stbiw__jpg_calcBits","0.0204999","76339200","155635200","0.490501","0.482353","0.247059","0.211765","0.0588235","0","0","0","0","0","3.72388e+09","kip_sequential_profile.exe","stbiw__jpg_calcBits(int, unsigned short *)","stb_image_write.h","0x140020de0"
"stbi__idct_simd","0.0200999","77414400","242188800","0.319645","0.752941","0.0823529","0","0.411765","0","0","0","0","0","3.85148e+09","kip_sequential_profile.exe","stbi__idct_simd(unsigned char *, int, short *)","stb_image.h","0x140017490"
"fwrite","0.0196999","63705600","211276800","0.301527","0.509091","0.240909","0.204545","0.0454545","0","0","0","0","0","3.2338e+09","ucrtbase.dll","fwrite","[Unknown]","0x180035f90"
"ImageProcessing::extendEdge","0.0173999","63974400","276326400","0.231518","0.582609","0.0347826","0.33913","0.0434783","0","0","0","0","0","3.67671e+09","kip_sequential_profile.exe","ImageProcessing::extendEdge(class Image const &,unsigned int)","ImageProcessing.cpp","0x140022af0"
"std::_Uninitialized_backout_al<std::allocator<Pixel> >::_Emplace_back","0.0166999","68812800","311001600","0.221262","0.566667","0.0666667","0.283333","0.0833333","0","0","0","0","0","4.12054e+09","kip_sequential_profile.exe","std::_Uninitialized_backout_al<std::allocator<Pixel> >::_Emplace_back","xmemory","0x140021b40"
"func@0x180036080","0.0151999","52147200","155366400","0.33564","0.72","0.29","0","0.4","0","0","0","0","0","3.43075e+09","ucrtbase.dll","func@0x180036080","[Unknown]","0x180036080"
"func@0x140218a20","0.0149999","50803200","54297600","0.935644","0.2","0.354545","0","0.727273","0","0","0","0","0","3.38689e+09","ntoskrnl.exe","func@0x140218a20","[Unknown]","0x140218a20"
"ExpInterlockedPopEntrySList","0.0149999","66124800","31449600","2.10256","0.0714286","0.178571","0","1","0","0","0","0","0","4.40834e+09","ntoskrnl.exe","ExpInterlockedPopEntrySList","[Unknown]","0x1406ae280"
"std::vector<Pixel,std::allocator<Pixel> >::operator[]","0.0136999","47308800","69350400","0.682171","0.155556","0.444444","0.4","0","0","0","0","0","0","3.45321e+09","kip_sequential_profile.exe","std::vector<Pixel,std::allocator<Pixel> >::operator[]","vector","0x1400223e2"
"func@0x1402dfb70","0.0133999","53222400","90854400","0.585799","0.219048","0.0428571","0.309524","0.428571","0","0","0","0","0","3.97184e+09","ntoskrnl.exe","func@0x1402dfb70","[Unknown]","0x1402dfb70"
"func@0x1402bfac0","0.0130999","52147200","84672000","0.615873","0.285714","0.05","0","0.857143","0","0","0","0","0","3.98072e+09","ntoskrnl.exe","func@0x1402bfac0","[Unknown]","0x1402bfac0"
"func@0x1406add80","0.0129999","52953600","51340800","1.03141","0.2","0.0153846","0","0.923077","0","0","0","0","0","4.07337e+09","ntoskrnl.exe","func@0x1406add80","[Unknown]","0x1406add80"
"func@0x1800360d0","0.0123999","52416000","216115200","0.242537","0.846154","0.184615","0","0","0","0","0","0","0","4.22712e+09","ucrtbase.dll","func@0x1800360d0","[Unknown]","0x1800360d0"
"std::vector<float,std::allocator<float> >::operator[]","0.0107","36288000","13440000","2.7","0.52","0","0","1","0","0","0","0","0","3.39142e+09","kip_sequential_profile.exe","std::vector<float,std::allocator<float> >::operator[]","vector","0x140022300"
"func@0x1402678a0","0.00979996","31987200","41126400","0.777778","0.16","0.04","0.1","0.7","0","0","0","0","0","3.26401e+09","ntoskrnl.exe","func@0x1402678a0","[Unknown]","0x1402678a0"
"std::_Uninitialized_backout_al<std::allocator<Pixel> >::_Emplace_back","0.00969996","37363200","169075200","0.220986","0.733333","0.0833333","0.0166667","0.166667","0","0","0","0","0","3.85189e+09","kip_sequential_profile.exe","std::_Uninitialized_backout_al<std::allocator<Pixel> >::_Emplace_back","xmemory","0x1400215e0"
"stbiw__putc","0.00969996","32793600","120691200","0.271715","0.654545","0.172727","0.0818182","0.0909091","0","0","0","0","0","3.3808e+09","kip_sequential_profile.exe","stbiw__putc(struct stbi__write_context *, unsigned char)","stb_image_write.h","0x14001ff00"
"func@0x1403e5bc0","0.00959996","38169600","6182400","6.17391","0.0333333","0","0.383333","0.583333","0","0","0","0","0","3.97602e+09","ntoskrnl.exe","func@0x1403e5bc0","[Unknown]","0x1403e5bc0"
"stbi__parse_entropy_coded_data","0.00919996","30374400","71232000","0.426415","1","0.233333","0","0.666667","0","0","0","0","0","3.30158e+09","kip_sequential_profile.exe","stbi__parse_entropy_coded_data(struct stbi__jpeg *)","stb_image.h","0x14001a9c0"
"func@0x180011a70","0.00919996","35750400","268800","133","0.0285714","0.142857","0","1","0","0","0","0","0","3.88593e+09","vcruntime140.dll","func@0x180011a70","[Unknown]","0x180011a70"
"stbi__resample_row_hv_2_simd","0.00839996","33600000","112089600","0.29976","0.657143","0.1","0","0.428571","0","0","0","0","0","4.00002e+09","kip_sequential_profile.exe","stbi__resample_row_hv_2_simd(unsigned char *, unsigned char *, unsigned char *, int, int)","stb_image.h","0x140017f10"
"func@0x180045470","0.00809996","31718400","14515200","2.18519","0.35","0.375","0","1","0","0","0","0","0","3.91587e+09","ntdll.dll","func@0x180045470","[Unknown]","0x180045470"
"func@0x180016f80","0.00739997","36556800","169344000","0.215873","0.738462","0.176923","0.0846154","0","0","0","0","0","0","4.94013e+09","ucrtbase.dll","func@0x180016f80","[Unknown]","0x180016f80"
"func@0x1402880c0","0.00739997","26073600","28761600","0.906542","0.177778","0.0555556","0.1","0.666667","0","0","0","0","0","3.52347e+09","ntoskrnl.exe","func@0x1402880c0","[Unknown]","0x1402880c0"
"std::vector<Pixel,std::allocator<Pixel> >::operator[]","0.00739997","24192000","0","","1","0","0","0.5","0","0","0","0","0","3.2692e+09","kip_sequential_profile.exe","std::vector<Pixel,std::allocator<Pixel> >::operator[]","vector","0x14000b5ed"
"func@0x1c00010e0","0.00729997","29836800","806400","37","0","0.114286","0","1","0","0","0","0","0","4.08725e+09","intelppm.sys","func@0x1c00010e0","[Unknown]","0x1c00010e0"
"func@0x1402b2b60","0.00689997","35212800","83059200","0.423948","0.138462","0.169231","0.461538","0.230769","0","0","0","0","0","5.10333e+09","ntoskrnl.exe","func@0x1402b2b60","[Unknown]","0x1402b2b60"
"stbi__jpeg_huff_decode","0.00669997","22579200","51609600","0.4375","1","0.5","0","0","0","0","0","0","0","3.37004e+09","kip_sequential_profile.exe","stbi__jpeg_huff_decode","stb_image.h","0x14001c1a0"
"func@0x1402c2af0","0.00659997","26073600","22848000","1.14118","0.16","0.06","0","0.9","0","0","0","0","0","3.95056e+09","ntoskrnl.exe","func@0x1402c2af0","[Unknown]","0x1402c2af0"
"std::_Uninitialized_copy","0.00659997","26073600","109670400","0.237745","0.511111","0.0555556","0.1","0.333333","0","0","0","0","0","3.95056e+09","kip_sequential_profile.exe","std::_Uninitialized_copy","xmemory","0x140021b2e"
"stbi__jpeg_decode_block_prog_dc","0.00649997","27955200","30105600","0.928571","0.18","0.07","0.55","0.2","0","0","0","0","0","4.30082e+09","kip_sequential_profile.exe","stbi__jpeg_decode_block_prog_dc(struct stbi__jpeg *, short *, struct stbi__huffman *, int)","stb_image.h","0x14001b9e0"
"stbi__jpeg_get_bit","0.00609997","24192000","31449600","0.769231","0.155556","0.322222","0.522222","0","0","0","0","0","0","3.96592e+09","kip_sequential_profile.exe","stbi__jpeg_get_bit","stb_image.h","0x14001c000"
"func@0x1406acbf0","0.00569998","21504000","6182400","3.47826","0.0666667","0.766667","0","0.333333","0","0","0","0","0","3.77265e+09","ntoskrnl.exe","func@0x1406acbf0","[Unknown]","0x1406acbf0"
"func@0x140352476","0.00539998","20428800","15859200","1.28814","0.0666667","0.183333","0.25","0.5","0","0","0","0","0","3.78313e+09","ntoskrnl.exe","func@0x140352476","[Unknown]","0x140352476"
"[ntdll.dll]","0.00529998","17472000","8601600","2.03125","0","0.1","0.233333","0.666667","0","0","0","0","0","3.29662e+09","ntdll.dll","[ntdll.dll]","[Unknown]","0"
"func@0x18007a159","0.00529998","19353600","86016000","0.225","0.316667","0.0833333","0.6","0","0","0","0","0","0","3.65164e+09","ntdll.dll","func@0x18007a159","[Unknown]","0x18007a159"
"memcpy","0.00509998","23654400","5913600","4","0.314286","0.228571","0.457143","0","0","0","0","0","0","4.63814e+09","ucrtbase.dll","memcpy","[Unknown]","0x1800edb00"
"func@0x1402687b0","0.00489998","23923200","52147200","0.458763","1","0.233333","0","0.333333","0","0","0","0","0","4.88231e+09","ntoskrnl.exe","func@0x1402687b0","[Unknown]","0x1402687b0"
"func@0x1402dcd30","0.00479998","19622400","41126400","0.477124","0.25","0.15","0.35","0.25","0","0","0","0","0","4.08802e+09","ntoskrnl.exe","func@0x1402dcd30","[Unknown]","0x1402dcd30"
"func@0x14028ede3","0.00439998","18278400","8870400","2.06061","0.2","0.5","0.05","0.25","0","0","0","0","0","4.1542e+09","ntoskrnl.exe","func@0x14028ede3","[Unknown]","0x14028ede3"
"func@0x1800364f0","0.00439998","15321600","125529600","0.122056","1","0.333333","0","0","0","0","0","0","0","3.4822e+09","ucrtbase.dll","func@0x1800364f0","[Unknown]","0x1800364f0"
"func@0x140240a60","0.00429998","10752000","15859200","0.677966","0.3","0.5","0.2","0","0","0","0","0","0","2.50048e+09","ntoskrnl.exe","func@0x140240a60","[Unknown]","0x140240a60"
"func@0x180048210","0.00419998","11020800","3763200","2.92857","0.2","0.4","0.4","0","0","0","0","0","0","2.62401e+09","ntdll.dll","func@0x180048210","[Unknown]","0x180048210"
"std::_Uninitialized_copy","0.00409998","15321600","58060800","0.263889","1","0.0666667","0","0.333333","0","0","0","0","0","3.73699e+09","kip_sequential_profile.exe","std::_Uninitialized_copy","xmemory","0x1400215ce"
"func@0x1402362b0","0.00389998","10752000","19084800","0.56338","0.3","0.425","0.275","0","0","0","0","0","0","2.75694e+09","ntoskrnl.exe","func@0x1402362b0","[Unknown]","0x1402362b0"
"func@0x14032d0b0","0.00389998","16665600","31987200","0.521008","0.32","0.04","0","1","0","0","0","0","0","4.27325e+09","ntoskrnl.exe","func@0x14032d0b0","[Unknown]","0x14032d0b0"
"func@0x1402191b0","0.00389998","12902400","12364800","1.04348","0.16","0.3","0.14","0.4","0","0","0","0","0","3.30832e+09","ntoskrnl.exe","func@0x1402191b0","[Unknown]","0x1402191b0"
"func@0x14022bdb0","0.00379998","17740800","20428800","0.868421","0.9","0.75","0","1","0","0","0","0","0","4.66865e+09","ntoskrnl.exe","func@0x14022bdb0","[Unknown]","0x14022bdb0"
"func@0x1402b25d0","0.00369998","16128000","23116800","0.697674","1","0.3","0","0.5","0","0","0","0","0","4.35894e+09","ntoskrnl.exe","func@0x1402b25d0","[Unknown]","0x1402b25d0"
"KeClockInterruptNotify","0.00359998","19084800","18278400","1.04412","0.3","0.15","0.05","0.5","0","0","0","0","0","5.30136e+09","ntoskrnl.exe","KeClockInterruptNotify","[Unknown]","0x14028e9e0"
"stbi__jpeg_dequantize","0.00349998","14515200","23116800","0.627907","0.3","0.05","0","1","0","0","0","0","0","4.14722e+09","kip_sequential_profile.exe","stbi__jpeg_dequantize(short *, unsigned short *)","stb_image.h","0x14001c460"
"func@0x1402ae130","0.00349998","14246400","25536000","0.557895","0.15","0.2","0.65","0","0","0","0","0","0","4.07042e+09","ntoskrnl.exe","func@0x1402ae130","[Unknown]","0x1402ae130"
"func@0x1402a7da0","0.00339999","10752000","41126400","0.261438","0.233333","0.333333","0.266667","0.166667","0","0","0","0","0","3.16237e+09","ntoskrnl.exe","func@0x1402a7da0","[Unknown]","0x1402a7da0"
"ExReleaseSpinLockSharedFromDpcLevel","0.00329999","9945600","13708800","0.72549","0.4","0.55","0","1","0","0","0","0","0","3.01383e+09","ntoskrnl.exe","ExReleaseSpinLockSharedFromDpcLevel","[Unknown]","0x1402adcf0"
"RtlCopyMemory","0.00319999","10214400","13708800","0.745098","","","","","0","0","0","0","0","3.19201e+09","ntoskrnl.exe","RtlCopyMemory","[Unknown]","0x1406ba640"
"func@0x1403d1bf0","0.00319999","16128000","17740800","0.909091","0.25","0.075","0.425","0.25","0","0","0","0","0","5.04002e+09","ntoskrnl.exe","func@0x1403d1bf0","[Unknown]","0x1403d1bf0"
"func@0x1402bedb0","0.00319999","11020800","15321600","0.719298","0.6","0.1","0.3","0","0","0","0","0","0","3.44402e+09","ntoskrnl.exe","func@0x1402bedb0","[Unknown]","0x1402bedb0"
"func@0x140288910","0.00309999","11289600","15052800","0.75","","","","","0","0","0","0","0","3.64182e+09","ntoskrnl.exe","func@0x140288910","[Unknown]","0x140288910"
"func@0x1403cf5a0","0.00289999","7257600","2688000","2.7","0","0.06","0.54","0.4","0","0","0","0","0","2.50263e+09","ntoskrnl.exe","func@0x1403cf5a0","[Unknown]","0x1403cf5a0"
"func@0x140248694","0.00289999","9139200","4569600","2","0.2","0","0","1","0","0","0","0","0","3.15146e+09","ntoskrnl.exe","func@0x140248694","[Unknown]","0x140248694"
"func@0x14041e440","0.00289999","8601600","8870400","0.969697","1","0.2","0","1","0","0","0","0","0","2.96608e+09","ntoskrnl.exe","func@0x14041e440","[Unknown]","0x14041e440"
"func@0x18007a2ce","0.00279999","10483200","52147200","0.201031","1","0.166667","0","0.333333","0","0","0","0","0","3.74402e+09","ntdll.dll","func@0x18007a2ce","[Unknown]","0x18007a2ce"
"func@0x140427f4c","0.00279999","13708800","29299200","0.46789","","","","","0","0","0","0","0","4.89602e+09","ntoskrnl.exe","func@0x140427f4c","[Unknown]","0x140427f4c"
"func@0x1403cfec2","0.00279999","6720000","11558400","0.581395","0.4","0.9","0","0","0","0","0","0","0","2.40001e+09","ntoskrnl.exe","func@0x1403cfec2","[Unknown]","0x1403cfec2"
"func@0x1402bdc90","0.00269999","7526400","14515200","0.518519","","","","","0","0","0","0","0","2.78757e+09","ntoskrnl.exe","func@0x1402bdc90","[Unknown]","0x1402bdc90"
"func@0x1406bb340","0.00259999","7795200","11827200","0.659091","","","","","0","0","0","0","0","2.99817e+09","ntoskrnl.exe","func@0x1406bb340","[Unknown]","0x1406bb340"
"stbi__get8","0.00249999","6988800","11558400","0.604651","0.133333","0.266667","0.6","0","0","0","0","0","0","2.79553e+09","kip_sequential_profile.exe","stbi__get8","stb_image.h","0x14001b8e3"
"func@0x140289576","0.00249999","6182400","5913600","1.04545","0.04","0.1","0.86","0","0","0","0","0","0","2.47297e+09","ntoskrnl.exe","func@0x140289576","[Unknown]","0x140289576"
"func@0x140366980","0.00239999","11020800","5107200","2.15789","1","0.4","0","0","0","0","0","0","0","4.59202e+09","ntoskrnl.exe","func@0x140366980","[Unknown]","0x140366980"
"func@0x1406b8a83","0.00239999","10752000","10214400","1.05263","0.04","0.14","0.82","0","0","0","0","0","0","4.48002e+09","ntoskrnl.exe","func@0x1406b8a83","[Unknown]","0x1406b8a83"
"func@0x1402781e0","0.00239999","14246400","5376000","2.65","0.2","0.425","0.375","0","0","","","0","0","5.93603e+09","ntoskrnl.exe","func@0x1402781e0","[Unknown]","0x1402781e0"
"func@0x14041e58b","0.00239999","6988800","19353600","0.361111","0.6","0.4","0","0","0","0","0","0","0","2.91201e+09","ntoskrnl.exe","func@0x14041e58b","[Unknown]","0x14041e58b"
"func@0x14022b320","0.00229999","5644800","9676800","0.583333","0.6","0.7","0","0","0","0","0","0","0","2.45427e+09","ntoskrnl.exe","func@0x14022b320","[Unknown]","0x14022b320"
"stbi__extend_receive","0.00229999","5376000","26611200","0.20202","0.3","0.2","0.5","0","0","0","0","0","0","2.3374e+09","kip_sequential_profile.exe","stbi__extend_receive","stb_image.h","0x14001bb4c"
"func@0x1402b2d8b","0.00219999","8332800","7526400","1.10714","0.5","0.2","0","1","0","0","0","0","0","3.78765e+09","ntoskrnl.exe","func@0x1402b2d8b","[Unknown]","0x1402b2d8b"
"func@0x1403664d0","0.00209999","7257600","3494400","2.07692","0.1","0.15","0.25","0.5","0","0","0","0","0","3.45602e+09","ntoskrnl.exe","func@0x1403664d0","[Unknown]","0x1403664d0"
"func@0x1403e5f36","0.00209999","9945600","8601600","1.15625","0.3","0.05","0","1","0","0","0","0","0","4.73602e+09","ntoskrnl.exe","func@0x1403e5f36","[Unknown]","0x1403e5f36"
"func@0x1406ac743","0.00199999","10752000","537600","20","0.0666667","0.2","0.0666667","0.666667","0","0","0","0","0","5.37602e+09","ntoskrnl.exe","func@0x1406ac743","[Unknown]","0x1406ac743"
"func@0x140216830","0.00199999","8332800","16396800","0.508197","0.25","0.1","0","0.75","0","0","0","0","0","4.16642e+09","ntoskrnl.exe","func@0x140216830","[Unknown]","0x140216830"
"func@0x1402add80","0.00199999","5107200","22848000","0.223529","","","","0","0","0","0","0","0","2.55361e+09","ntoskrnl.exe","func@0x1402add80","[Unknown]","0x1402add80"
"func@0x1402db220","0.00199999","5376000","6720000","0.8","","","","","0","0","0","0","0","2.68801e+09","ntoskrnl.exe","func@0x1402db220","[Unknown]","0x1402db220"
"stbi__stdio_write","0.00199999","12902400","21235200","0.607595","0.266667","0.366667","0.366667","0","0","0","0","0","0","6.45123e+09","kip_sequential_profile.exe","stbi__stdio_write(void *, void *, int)","stb_image_write.h","0x14001f3c0"
"func@0x1406ad85f","0.00199999","6988800","1075200","6.5","0","0.8","0.2","0","0","0","1","0","0","3.49442e+09","ntoskrnl.exe","func@0x1406ad85f","[Unknown]","0x1406ad85f"
"func@0x140242200","0.00189999","9945600","12096000","0.822222","0.4","0.8","0","0","0","0","0","0","0","5.23455e+09","ntoskrnl.exe","func@0x140242200","[Unknown]","0x140242200"
"func@0x1402bd3e0","0.00179999","6182400","8064000","0.766667","0.1","0.55","0.35","0","0","0","0","0","0","3.43468e+09","ntoskrnl.exe","func@0x1402bd3e0","[Unknown]","0x1402bd3e0"
"func@0x1c0002700","0.00179999","8870400","268800","33","0","","","0","0","0","0","0","0","4.92802e+09","intelppm.sys","func@0x1c0002700","[Unknown]","0x1c0002700"
"func@0x1800185ab","0.00179999","8870400","24460800","0.362637","1","0.5","0","1","0","0","0","0","0","4.92802e+09","ntdll.dll","func@0x1800185ab","[Unknown]","0x1800185ab"
"func@0x140229e70","0.00179999","6988800","4838400","1.44444","0","0.55","0","0.5","0","0","0","0","0","3.88268e+09","ntoskrnl.exe","func@0x140229e70","[Unknown]","0x140229e70"
"func@0x1402c0a6c","0.00159999","3494400","24460800","0.142857","1","0.2","0","0","0","0","0","0","0","2.18401e+09","ntoskrnl.exe","func@0x1402c0a6c","[Unknown]","0x1402c0a6c"
"func@0x1402784e0","0.00159999","6988800","13440000","0.52","0.16","0.1","0.54","0.2","0","0","0","0","0","4.36802e+09","ntoskrnl.exe","func@0x1402784e0","[Unknown]","0x1402784e0"
"func@0x140226c30","0.00149999","10752000","2419200","4.44444","0.2","0.5","0","0.5","0","0","0","0","0","7.16803e+09","ntoskrnl.exe","func@0x140226c30","[Unknown]","0x140226c30"
"func@0x1402c02e0","0.00149999","8064000","7257600","1.11111","0","0.1","0","1","0","0","0","0","0","5.37602e+09","ntoskrnl.exe","func@0x1402c02e0","[Unknown]","0x1402c02e0"
"func@0x1403648c0","0.00149999","5644800","3494400","1.61538","0","0","0","1","0","0","0","0","0","3.76322e+09","ntoskrnl.exe","func@0x1403648c0","[Unknown]","0x1403648c0"
"func@0x1402e11c0","0.00149999","6720000","4032000","1.66667","0","0.1","0.233333","0.666667","0","0","0","0","0","4.48002e+09","ntoskrnl.exe","func@0x1402e11c0","[Unknown]","0x1402e11c0"
"func@0x1c0005b60","0.00149999","5107200","0","","0","","","0","0","0","0","0","0","3.40481e+09","intelppm.sys","func@0x1c0005b60","[Unknown]","0x1c0005b60"
"func@0x1402e1d80","0.00139999","4569600","5107200","0.894737","0.6","0.1","0.3","0","0","0","0","0","0","3.26401e+09","ntoskrnl.exe","func@0x1402e1d80","[Unknown]","0x1402e1d80"
"stbi__jpeg_huff_decode","0.00139999","5107200","13708800","0.372549","0.6","0.3","0.1","0","0","0","0","0","0","3.64802e+09","kip_sequential_profile.exe","stbi__jpeg_huff_decode","stb_image.h","0x14001bac6"
"func@0x14028ff40","0.00129999","2150400","537600","4","0","0","0","1","0","0","0","0","0","1.65416e+09","ntoskrnl.exe","func@0x14028ff40","[Unknown]","0x14028ff40"
"func@0x1402be310","0.00129999","5376000","3225600","1.66667","","","","","0","0","0","0","0","4.1354e+09","ntoskrnl.exe","func@0x1402be310","[Unknown]","0x1402be310"
"func@0x14028f59a","0.00129999","8870400","3225600","2.75","0.1","0.075","0.575","0.25","0","0","0","0","0","6.82341e+09","ntoskrnl.exe","func@0x14028f59a","[Unknown]","0x14028f59a"
"func@0x1404f6514","0.00119999","1881600","4838400","0.388889","0.2","0.35","0","1","0","0","0","0","0","1.56801e+09","ntoskrnl.exe","func@0x1404f6514","[Unknown]","0x1404f6514"
"func@0x1402c7c77","0.00119999","3494400","7526400","0.464286","0.2","0.2","0.6","0","0","0","0","0","0","2.91201e+09","ntoskrnl.exe","func@0x1402c7c77","[Unknown]","0x1402c7c77"
"NtAllocateVirtualMemory","0.00119999","1075200","4032000","0.266667","0.1","0.05","0.35","0.5","0","0","0","0","0","8.96004e+08","ntdll.dll","NtAllocateVirtualMemory","[Unknown]","0x1801620c0"
"func@0x140301820","0.00119999","5107200","806400","6.33333","","","","0","0","0","0","0","0","4.25602e+09","ntoskrnl.exe","func@0x140301820","[Unknown]","0x140301820"
"ExReleaseRundownProtectionCacheAwareEx","0.00119999","2956800","7526400","0.392857","0.1","0.1","0.8","0","0","0","0","0","0","2.46401e+09","ntoskrnl.exe","ExReleaseRundownProtectionCacheAwareEx","[Unknown]","0x140363f30"
"func@0x140350b90","0.00119999","2688000","0","","0","0","1","0","0","0","0","0","0","2.24001e+09","ntoskrnl.exe","func@0x140350b90","[Unknown]","0x140350b90"
"func@0x1402b27b0","0.0011","4300800","11827200","0.363636","0.2","0.0333333","0.766667","0","0","0","0","0","0","3.90984e+09","ntoskrnl.exe","func@0x1402b27b0","[Unknown]","0x1402b27b0"
"func@0x1402698f0","0.0011","3494400","4838400","0.722222","0.2","0.3","0.5","0","0","0","0","0","0","3.17674e+09","ntoskrnl.exe","func@0x1402698f0","[Unknown]","0x1402698f0"
"func@0x1402f75d0","0.0011","1612800","2150400","0.75","","","","0","0","0","0","0","0","1.46619e+09","ntoskrnl.exe","func@0x1402f75d0","[Unknown]","0x1402f75d0"
"func@0x140323a50","0.0011","5644800","7526400","0.75","","","","0","0","0","0","0","0","5.13166e+09","ntoskrnl.exe","func@0x140323a50","[Unknown]","0x140323a50"
"std::vector<Pixel,std::allocator<Pixel> >::operator[]","0.0011","2419200","15590400","0.155172","","0","","0","0","0","0","0","0","2.19928e+09","kip_sequential_profile.exe","std::vector<Pixel,std::allocator<Pixel> >::operator[]","vector","0x140022cb4"
"func@0x1403667db","0.0011","2956800","18009600","0.164179","","","","0","0","0","0","0","0","2.68801e+09","ntoskrnl.exe","func@0x1403667db","[Unknown]","0x1403667db"
"func@0x1403d0970","0.0011","2688000","5376000","0.5","","","","0","0","0","0","0","0","2.44365e+09","ntoskrnl.exe","func@0x1403d0970","[Unknown]","0x1403d0970"
"func@0x1403e6700","0.0011","1344000","1075200","1.25","0","0","0.75","0.25","0","0","0","0","0","1.22182e+09","ntoskrnl.exe","func@0x1403e6700","[Unknown]","0x1403e6700"
"func@0x1403231ea","0.000999996","4032000","7257600","0.555556","","","","0","0","0","0","0","0","4.03202e+09","ntoskrnl.exe","func@0x1403231ea","[Unknown]","0x1403231ea"
"func@0x1c000e360","0.000999996","4032000","6182400","0.652174","0.4","0.6","0","0","0","0","0","0","0","4.03202e+09","cng.sys","func@0x1c000e360","[Unknown]","0x1c000e360"
"func@0x140231bb0","0.000999996","1612800","2419200","0.666667","0","0","1","0","0","0","0","0","0","1.61281e+09","ntoskrnl.exe","func@0x140231bb0","[Unknown]","0x140231bb0"
"func@0x14022b626","0.000999996","4838400","6451200","0.75","0.1","0.35","0.55","0","0","0","0","0","0","4.83842e+09","ntoskrnl.exe","func@0x14022b626","[Unknown]","0x14022b626"
"func@0x14034b740","0.000999996","4032000","10214400","0.394737","0","0.4","0.6","0","0","0","0","0","0","4.03202e+09","ntoskrnl.exe","func@0x14034b740","[Unknown]","0x14034b740"
"func@0x14028a450","0.000999996","3494400","8332800","0.419355","0.3","0.35","0.35","0","0","0","0","0","0","3.49442e+09","ntoskrnl.exe","func@0x14028a450","[Unknown]","0x14028a450"
"func@0x14046ecfc","0.000999996","1612800","4032000","0.4","0","0.2","0.8","0","0","0","0","0","0","1.61281e+09","ntoskrnl.exe","func@0x14046ecfc","[Unknown]","0x14046ecfc"
"func@0x140218240","0.000999996","3763200","14515200","0.259259","","","","0","0","0","0","0","0","3.76322e+09","ntoskrnl.exe","func@0x140218240","[Unknown]","0x140218240"
"std::_Destroy_range","0.000999996","1881600","4838400","0.388889","0","0.166667","0.833333","0","0","0","0","0","0","1.88161e+09","kip_sequential_profile.exe","std::_Destroy_range","xmemory","0x1400217cf"
"func@0x1404f55a8","0.000999996","5107200","5644800","0.904762","","","","","0","0","0","0","0","5.10722e+09","ntoskrnl.exe","func@0x1404f55a8","[Unknown]","0x1404f55a8"
"std::vector<std::vector<Pixel,std::allocator<Pixel> >,std::allocator<std::vector<Pixel,std::allocator<Pixel> > > >::operator[]","0.000999996","3763200","2688000","1.4","","","","0","0.334821","0.334821","0","0.334821","0.334821","3.76322e+09","kip_sequential_profile.exe","std::vector<std::vector<Pixel,std::allocator<Pixel> >,std::allocator<std::vector<Pixel,std::allocator<Pixel> > > >::operator[]","vector","0x1400222e0"
"func@0x1406a03b0","0.000899996","4838400","5913600","0.818182","0.4","0.3","0.3","0","0","0","0","0","0","5.37602e+09","ntoskrnl.exe","func@0x1406a03b0","[Unknown]","0x1406a03b0"
"func@0x1402267c0","0.000899996","2688000","1344000","2","0.1","0.15","0.75","0","0","0","0","0","0","2.98668e+09","ntoskrnl.exe","func@0x1402267c0","[Unknown]","0x1402267c0"
"func@0x1402893c0","0.000899996","4569600","3763200","1.21429","0.4","0.2","0.4","0","0","0","0","0","0","5.07736e+09","ntoskrnl.exe","func@0x1402893c0","[Unknown]","0x1402893c0"
"func@0x14028aa30","0.000899996","3494400","268800","13","0","0","1","0","0","0","1","0","0","3.88268e+09","ntoskrnl.exe","func@0x14028aa30","[Unknown]","0x14028aa30"
"func@0x140217428","0.000899996","3225600","268800","12","0","","","0","0","0","0","0","0","3.58402e+09","igdkmdn64.sys","func@0x140217428","[Unknown]","0x140217428"
"stbi__mul2shorts_valid","0.000899996","4838400","11020800","0.439024","0.6","0.1","0.3","0","0","0","0","0","0","5.37602e+09","kip_sequential_profile.exe","stbi__mul2shorts_valid(int, int)","stb_image.h","0x14001c400"
"func@0x1402c0840","0.000899996","3494400","5913600","0.590909","","0","","0","0","0","0","0","0","3.88268e+09","ntoskrnl.exe","func@0x1402c0840","[Unknown]","0x1402c0840"
"func@0x140267a77","0.000899996","2688000","10214400","0.263158","","","","0","0","0","0","0","0","2.98668e+09","ntoskrnl.exe","func@0x140267a77","[Unknown]","0x140267a77"
"func@0x140bb478a","0.000799997","5376000","3763200","1.42857","","","","0","0","0","0","0","0","6.72003e+09","ntoskrnl.exe","func@0x140bb478a","[Unknown]","0x140bb478a"
"KeGetCurrentIrql","0.000799997","3225600","3225600","1","","","","0","0","0","1","0","0","4.03202e+09","ntoskrnl.exe","KeGetCurrentIrql","[Unknown]","0x14043fcc0"
"func@0x140994b20","0.000799997","3494400","6720000","0.52","","","","0","0","0","0","0","0","4.36802e+09","ntoskrnl.exe","func@0x140994b20","[Unknown]","0x140994b20"
"func@0x14028f450","0.000799997","2956800","4032000","0.733333","0","0.1","0.9","0","0","0","0","0","0","3.69602e+09","ntoskrnl.exe","func@0x14028f450","[Unknown]","0x14028f450"
"func@0x140241357","0.000799997","1075200","1881600","0.571429","0.2","0.1","0","1","0","0","0","0","0","1.34401e+09","ntoskrnl.exe","func@0x140241357","[Unknown]","0x140241357"
"func@0x140352140","0.000799997","4569600","5376000","0.85","","","","0","0","0","0","0","0","5.71202e+09","ntoskrnl.exe","func@0x140352140","[Unknown]","0x140352140"
"func@0x1403d0a02","0.000799997","2688000","3763200","0.714286","0","","","0","0","0","0","0","0","3.36001e+09","ntoskrnl.exe","func@0x1403d0a02","[Unknown]","0x1403d0a02"
"func@0x140287910","0.000799997","2419200","5376000","0.45","0.2","0.2","0.6","0","0","0","0","0","0","3.02401e+09","ntoskrnl.exe","func@0x140287910","[Unknown]","0x140287910"
"func@0x1403d0d60","0.000799997","4838400","8870400","0.545455","","","","","0","0","0","0","0","6.04803e+09","ntoskrnl.exe","func@0x1403d0d60","[Unknown]","0x1403d0d60"
"std::vector<Pixel,std::allocator<Pixel> >::operator[]","0.000799997","5107200","29299200","0.174312","","","","0","0","0","0","0","0","6.38403e+09","kip_sequential_profile.exe","std::vector<Pixel,std::allocator<Pixel> >::operator[]","vector","0x140022cbf"
"func@0x140261ad0","0.000699997","2688000","2419200","1.11111","0.2","0.1","0.7","0","0","0","0","0","0","3.84002e+09","ntoskrnl.exe","func@0x140261ad0","[Unknown]","0x140261ad0"
"fread","0.000699997","806400","806400","1","0","0.3","0.7","0","0","0","0","0","0","1.15201e+09","ucrtbase.dll","fread","[Unknown]","0x180038720"
"func@0x1402a0470","0.000699997","1881600","806400","2.33333","","","","0","0","0","0","0","0","2.68801e+09","ntoskrnl.exe","func@0x1402a0470","[Unknown]","0x1402a0470"
"func@0x14041d280","0.000699997","1881600","1881600","1","0.2","0.1","0.2","0.5","0","0","0","0","0","2.68801e+09","ntoskrnl.exe","func@0x14041d280","[Unknown]","0x14041d280"
"func@0x1403cf300","0.000699997","4838400","2150400","2.25","0","0.0666667","0.266667","0.666667","0","0","0","0","0","6.91203e+09","ntoskrnl.exe","func@0x1403cf300","[Unknown]","0x1403cf300"
"func@0x1402dadb0","0.000699997","268800","2688000","0.1","0","","","0","0","0","0","0","0","3.84002e+08","ntoskrnl.exe","func@0x1402dadb0","[Unknown]","0x1402dadb0"
"func@0x140449f98","0.000699997","1344000","1344000","1","0","0","1","0","0","0","0","0","0","1.92001e+09","ntoskrnl.exe","func@0x140449f98","[Unknown]","0x140449f98"
"func@0x1402e060b","0.000699997","1612800","268800","6","","0","","0","0","0","0","0","0","2.30401e+09","ntoskrnl.exe","func@0x1402e060b","[Unknown]","0x1402e060b"
"func@0x1402910e0","0.000699997","2419200","0","","0","","","","0","0","0","0","0","3.45602e+09","ntoskrnl.exe","func@0x1402910e0","[Unknown]","0x1402910e0"
"func@0x14003379b","0.000699997","2419200","3763200","0.642857","0.2","0.5","0.3","0","0","0","0","0","0","3.45602e+09","nllsp.sys","func@0x14003379b","[Unknown]","0x14003379b"
"func@0x1402c57a0","0.000699997","2419200","2419200","1","","0","","0","0","0","0","0","0","3.45602e+09","ntoskrnl.exe","func@0x1402c57a0","[Unknown]","0x1402c57a0"
"func@0x1403ce510","0.000699997","2419200","2956800","0.818182","0","","","0","0","0","0","0","0","3.45602e+09","ntoskrnl.exe","func@0x1403ce510","[Unknown]","0x1403ce510"
"func@0x14024e1d0","0.000599997","2150400","1881600","1.14286","0.4","0.5","0.1","0","0","0","0","0","0","3.58402e+09","ntoskrnl.exe","func@0x14024e1d0","[Unknown]","0x14024e1d0"
"func@0x1403cd510","0.000599997","1344000","1344000","1","0","","","0","0","0","0","0","0","2.24001e+09","ntoskrnl.exe","func@0x1403cd510","[Unknown]","0x1403cd510"
"func@0x140351b40","0.000599997","2688000","1075200","2.5","0","0.2","0.8","0","0","0","0","0","0","4.48002e+09","ntoskrnl.exe","func@0x140351b40","[Unknown]","0x140351b40"
"func@0x140366d56","0.000599997","806400","1075200","0.75","0","0.1","0.9","0","0","0","0","0","0","1.34401e+09","ntoskrnl.exe","func@0x140366d56","[Unknown]","0x140366d56"
"func@0x140257940","0.000599997","806400","806400","1","0","0","1","0","0","0","0","0","0","1.34401e+09","ntoskrnl.exe","func@0x140257940","[Unknown]","0x140257940"
"func@0x14043afa8","0.000599997","2419200","4569600","0.529412","0.1","0","0.9","0","0","0","0","0","0","4.03202e+09","ntoskrnl.exe","func@0x14043afa8","[Unknown]","0x14043afa8"
"ExAcquireSpinLockSharedAtDpcLevel","0.000599997","4569600","8870400","0.515152","0","0","1","0","0","0","0","0","0","7.61603e+09","ntoskrnl.exe","ExAcquireSpinLockSharedAtDpcLevel","[Unknown]","0x140369a10"
"EntropyProvideData","0.000599997","537600","0","","0","0","1","0","0","0","0","0","0","8.96004e+08","cng.sys","EntropyProvideData","[Unknown]","0x1c000daa0"
"func@0x140287c5c","0.000599997","2150400","5376000","0.4","0","","","0","0","0","0","0","0","3.58402e+09","ntoskrnl.exe","func@0x140287c5c","[Unknown]","0x140287c5c"
"func@0x140289d18","0.000599997","806400","1075200","0.75","0","0.05","0.45","0.5","0","0","0","0","0","1.34401e+09","ntoskrnl.exe","func@0x140289d18","[Unknown]","0x140289d18"
"func@0x1402daee4","0.000599997","2150400","2956800","0.727273","0.2","0","0.8","0","0","0","0","0","0","3.58402e+09","ntoskrnl.exe","func@0x1402daee4","[Unknown]","0x1402daee4"
"func@0x1406a76a0","0.000599997","806400","268800","3","0","","","0","0","0","0","0","0","1.34401e+09","ntoskrnl.exe","func@0x1406a76a0","[Unknown]","0x1406a76a0"
"RtlTryEnterCriticalSection","0.000599997","3225600","6451200","0.5","","","","0","0","0","0","0","0","5.37602e+09","ntdll.dll","RtlTryEnterCriticalSection","[Unknown]","0x180015cc0"
"fread_s","0.000499998","1881600","2150400","0.875","","","","0","0","0","0","0","0","3.76322e+09","ucrtbase.dll","fread_s","[Unknown]","0x180038750"
"func@0x1400128e7","0.000499998","2956800","2956800","1","","","","0","0","0","0","0","0","5.91363e+09","nllvmm.sys","func@0x1400128e7","[Unknown]","0x1400128e7"
"func@0x140288ca0","0.000499998","2150400","806400","2.66667","","0","","","0","0","0","0","0","4.30082e+09","ntoskrnl.exe","func@0x140288ca0","[Unknown]","0x140288ca0"
"func@0x140459f50","0.000499998","268800","1075200","0.25","0","0.1","0.9","0","0","0","0","0","0","5.37602e+08","ntoskrnl.exe","func@0x140459f50","[Unknown]","0x140459f50"
"func@0x140279aa0","0.000499998","268800","1075200","0.25","0","","","0","0","0","0","0","0","5.37602e+08","ntoskrnl.exe","func@0x140279aa0","[Unknown]","0x140279aa0"
"func@0x1402184a0","0.000499998","3494400","13440000","0.26","1","0.5","0","0","0","0","0","0","0","6.98883e+09","ntoskrnl.exe","func@0x1402184a0","[Unknown]","0x1402184a0"
"func@0x1402adde6","0.000499998","1612800","7257600","0.222222","","0","","0","0","0","0","0","0","3.22561e+09","ntoskrnl.exe","func@0x1402adde6","[Unknown]","0x1402adde6"
"func@0x180053940","0.000499998","1881600","1612800","1.16667","0","","","0","0","0","0","0","0","3.76322e+09","ntdll.dll","func@0x180053940","[Unknown]","0x180053940"
"func@0x1402dc830","0.000499998","1612800","2688000","0.6","0","0.2","0.8","0","0","0","0","0","0","3.22561e+09","ntoskrnl.exe","func@0x1402dc830","[Unknown]","0x1402dc830"
"func@0x14026cd40","0.000499998","1075200","537600","2","","0","","0","0","0","0","0","0","2.15041e+09","ntoskrnl.exe","func@0x14026cd40","[Unknown]","0x14026cd40"
"func@0x140219ab0","0.000499998","806400","1881600","0.428571","0","","","0","0","0","0","0","0","1.61281e+09","ntoskrnl.exe","func@0x140219ab0","[Unknown]","0x140219ab0"
"func@0x1402b38e0","0.000499998","1344000","5644800","0.238095","0","0","","","0","0","0","0","0","2.68801e+09","ntoskrnl.exe","func@0x1402b38e0","[Unknown]","0x1402b38e0"
"stbi__extend_receive","0.000499998","4032000","3763200","1.07143","0","","","0","0","0","0","0","0","8.06404e+09","kip_sequential_profile.exe","stbi__extend_receive","stb_image.h","0x14001c0fd"
"func@0x14044a31f","0.000499998","2419200","268800","9","0","0","1","0","0","0","0","0","0","4.83842e+09","ntoskrnl.exe","func@0x14044a31f","[Unknown]","0x14044a31f"
"func@0x1402db1c0","0.000499998","1612800","268800","6","0","0","1","0","0","0","0","0","0","3.22561e+09","ntoskrnl.exe","func@0x1402db1c0","[Unknown]","0x1402db1c0"
"stbi__jpeg_finish","0.000499998","1612800","4300800","0.375","0","0","","","0","0","0","0","0","3.22561e+09","kip_sequential_profile.exe","stbi__jpeg_finish(struct stbi__jpeg *)","stb_image.h","0x14001b1f0"
"func@0x1403deb40","0.000499998","1881600","1612800","1.16667","0","0.1","0.9","0","0","0","0","0","0","3.76322e+09","ntoskrnl.exe","func@0x1403deb40","[Unknown]","0x1403deb40"
"func@0x1c0007d30","0.000499998","806400","1881600","0.428571","0","","","0","0","0","0","0","0","1.61281e+09","fltmgr.sys","func@0x1c0007d30","[Unknown]","0x1c0007d30"
"func@0x1402ae080","0.000499998","2150400","806400","2.66667","0","0","1","0","0","0","0","0","0","4.30082e+09","ntoskrnl.exe","func@0x1402ae080","[Unknown]","0x1402ae080"
"NtAllocateVirtualMemory","0.000499998","2150400","2688000","0.8","0","0.3","0.7","0","0","0","0","0","0","4.30082e+09","ntoskrnl.exe","NtAllocateVirtualMemory","[Unknown]","0x1408adef0"
"func@0x1402e0fe0","0.000499998","806400","537600","1.5","0","0","1","0","0","0","0","0","0","1.61281e+09","ntoskrnl.exe","func@0x1402e0fe0","[Unknown]","0x1402e0fe0"
"func@0x1403cf9d0","0.000499998","2419200","2419200","1","0","0","0","1","0","0","0","0","0","4.83842e+09","ntoskrnl.exe","func@0x1403cf9d0","[Unknown]","0x1403cf9d0"
"func@0x140216b48","0.000499998","537600","9139200","0.0588235","","","","0","0","0","0","0","0","1.0752e+09","ntoskrnl.exe","func@0x140216b48","[Unknown]","0x140216b48"
"func@0x14028f400","0.000499998","3225600","1612800","2","0","0","1","0","0","0","0","0","0","6.45123e+09","ntoskrnl.exe","func@0x14028f400","[Unknown]","0x14028f400"
"RtlAllocateHeap","0.000499998","2150400","0","","0","","","0","0","0","0","0","0","4.30082e+09","ntdll.dll","RtlAllocateHeap","[Unknown]","0x18000e690"
"func@0x1402a8fd0","0.000499998","2150400","1881600","1.14286","0","0","1","0","0","0","0","0","0","4.30082e+09","ntoskrnl.exe","func@0x1402a8fd0","[Unknown]","0x1402a8fd0"
"func@0x140241e40","0.000499998","806400","9408000","0.0857143","0.8","0.1","0.1","0","0","0","0","0","0","1.61281e+09","ntoskrnl.exe","func@0x140241e40","[Unknown]","0x140241e40"
"func@0x1403281e0","0.000399998","1344000","0","","0","0","1","0","0","0","0","0","0","3.36001e+09","igdkmdn64.sys","func@0x1403281e0","[Unknown]","0x1403281e0"
"ExFreePoolWithTag","0.000399998","1075200","2956800","0.363636","","","","","0","0","0","0","0","2.68801e+09","ntoskrnl.exe","ExFreePoolWithTag","[Unknown]","0x140b69cd0"
"func@0x14036b6c0","0.000399998","806400","4300800","0.1875","0","","","0","0","0","0","0","0","2.01601e+09","ntoskrnl.exe","func@0x14036b6c0","[Unknown]","0x14036b6c0"
"func@0x1403b3990","0.000399998","806400","268800","3","0","0","1","0","0","0","0","0","0","2.01601e+09","ntoskrnl.exe","func@0x1403b3990","[Unknown]","0x1403b3990"
"func@0x1402ca3e0","0.000399998","0","537600","0","0","0","1","0","0","0","0","0","0","0","igdkmdn64.sys","func@0x1402ca3e0","[Unknown]","0x1402ca3e0"
"func@0x1402b399d","0.000399998","1612800","1881600","0.857143","0.2","0","0.8","0","0","0","0","0","0","4.03202e+09","ntoskrnl.exe","func@0x1402b399d","[Unknown]","0x1402b399d"
"std::vector<std::vector<Pixel,std::allocator<Pixel> >,std::allocator<std::vector<Pixel,std::allocator<Pixel> > > >::operator[]","0.000399998","3225600","11558400","0.27907","","0","","0","0","0","0","0","0","8.06404e+09","kip_sequential_profile.exe","std::vector<std::vector<Pixel,std::allocator<Pixel> >,std::allocator<std::vector<Pixel,std::allocator<Pixel> > > >::operator[]","vector","0x140022cb0"
"IoGetCurrentProcess","0.000399998","1881600","1612800","1.16667","0.2","0.2","0.6","0","0","0","0","0","0","4.70402e+09","ntoskrnl.exe","IoGetCurrentProcess","[Unknown]","0x14043de50"
"stbi__refill_buffer","0.000399998","806400","806400","1","0","0.1","0.9","0","0","0","0","0","0","2.01601e+09","kip_sequential_profile.exe","stbi__refill_buffer(struct stbi__context *)","stb_image.h","0x1400103c0"
"func@0x1800484c0","0.000399998","2150400","537600","4","0","","","","0","0","0","0","0","5.37602e+09","ntdll.dll","func@0x1800484c0","[Unknown]","0x1800484c0"
"malloc_base","0.000399998","1344000","537600","2.5","0","","","0","0","0","0","0","0","3.36001e+09","ucrtbase.dll","malloc_base","[Unknown]","0x180010100"
"func@0x1406ad530","0.000399998","1075200","1612800","0.666667","0","0","1","0","0","0","0","0","0","2.68801e+09","ntoskrnl.exe","func@0x1406ad530","[Unknown]","0x1406ad530"
"func@0x14043a4c0","0.000399998","537600","268800","2","0","","","0","0","0","0","0","0","1.34401e+09","ntoskrnl.exe","func@0x14043a4c0","[Unknown]","0x14043a4c0"
"func@0x18000f1c0","0.000399998","537600","1612800","0.333333","0","0","1","0","0","0","0","0","0","1.34401e+09","ntdll.dll","func@0x18000f1c0","[Unknown]","0x18000f1c0"
"func@0x1402ca3b0","0.000399998","1075200","0","","0","0.2","0","1","0","0","0","0","0","2.68801e+09","ntoskrnl.exe","func@0x1402ca3b0","[Unknown]","0x1402ca3b0"
"KeIsAttachedProcess","0.000399998","268800","0","","0","0.1","0.9","0","0","0","0","0","0","6.72003e+08","ntoskrnl.exe","KeIsAttachedProcess","[Unknown]","0x14044fa50"
"func@0x140242376","0.000399998","1612800","1344000","1.2","","0","","0","0","0","0","0","0","4.03202e+09","ntoskrnl.exe","func@0x140242376","[Unknown]","0x140242376"
"func@0x18000f39a","0.000399998","1612800","1344000","1.2","0","","","0","0","0","0","0","0","4.03202e+09","ntdll.dll","func@0x18000f39a","[Unknown]","0x18000f39a"
"func@0x1402a05b5","0.000399998","1612800","806400","2","0","0","1","0","0","0","0","0","0","4.03202e+09","ntoskrnl.exe","func@0x1402a05b5","[Unknown]","0x1402a05b5"
"func@0x14036ae80","0.000399998","268800","0","","0","0","1","0","0","0","0","0","0","6.72003e+08","ntoskrnl.exe","func@0x14036ae80","[Unknown]","0x14036ae80"
"func@0x140323140","0.000399998","806400","1612800","0.5","","","","","0","0","0","0","0","2.01601e+09","ntoskrnl.exe","func@0x140323140","[Unknown]","0x140323140"
"func@0x14025a1b0","0.000399998","2419200","1612800","1.5","0","0","1","0","0","0","0","0","0","6.04803e+09","ntoskrnl.exe","func@0x14025a1b0","[Unknown]","0x14025a1b0"
"func@0x1403cdc60","0.000399998","268800","268800","1","0","","","0","0","0","0","0","0","6.72003e+08","ntoskrnl.exe","func@0x1403cdc60","[Unknown]","0x1403cdc60"
"KeSetEvent","0.000399998","3225600","0","","0","0","","","0","0","0","0","0","8.06404e+09","ntoskrnl.exe","KeSetEvent","[Unknown]","0x1402c2e80"
"func@0x14030206d","0.000399998","806400","1075200","0.75","0","","","0","0","0","0","0","0","2.01601e+09","ntoskrnl.exe","func@0x14030206d","[Unknown]","0x14030206d"
"ExAcquireRundownProtectionCacheAwareEx","0.000399998","268800","1612800","0.166667","0","0","1","0","0","0","0","0","0","6.72003e+08","ntoskrnl.exe","ExAcquireRundownProtectionCacheAwareEx","[Unknown]","0x14041c230"
"func@0x14031d3c0","0.000399998","806400","1075200","0.75","","0","","0","0","0","0","0","0","2.01601e+09","ntoskrnl.exe","func@0x14031d3c0","[Unknown]","0x14031d3c0"
"fread_nolock_s","0.000399998","1344000","1881600","0.714286","0.2","0.3","0.5","0","0","0","0","0","0","3.36001e+09","ucrtbase.dll","fread_nolock_s","[Unknown]","0x180038810"
"stbi__addints_valid","0.000399998","1344000","4032000","0.333333","","","","0","0","0","0","0","0","3.36001e+09","kip_sequential_profile.exe","stbi__addints_valid(int, int)","stb_image.h","0x14001c3d0"
"stbi__stdio_read","0.000399998","806400","0","","0","","","0","0","0","0","0","0","2.01601e+09","kip_sequential_profile.exe","stbi__stdio_read(void *, char *, int)","stb_image.h","0x14000be60"
"func@0x1403d3bb0","0.000299999","537600","0","","0","0","1","0","0","0","0","0","0","1.79201e+09","ntoskrnl.exe","func@0x1403d3bb0","[Unknown]","0x1403d3bb0"
"func@0x1402be652","0.000299999","268800","1344000","0.2","0","0","1","0","0","0","0","0","0","8.96004e+08","ntoskrnl.exe","func@0x1402be652","[Unknown]","0x1402be652"
"KeReleaseInStackQueuedSpinLock","0.000299999","537600","0","","0","","","","0","0","0","0","0","1.79201e+09","ntoskrnl.exe","KeReleaseInStackQueuedSpinLock","[Unknown]","0x140257720"
"ExAcquireSpinLockExclusiveAtDpcLevel","0.000299999","1344000","2688000","0.5","0","0","1","0","0","0","0","0","0","4.48002e+09","ntoskrnl.exe","ExAcquireSpinLockExclusiveAtDpcLevel","[Unknown]","0x140369a60"
"func@0x14023d25d","0.000299999","268800","1344000","0.2","0","0.4","0.6","0","0","0","0","0","0","8.96004e+08","ntoskrnl.exe","func@0x14023d25d","[Unknown]","0x14023d25d"
"func@0x140360df1","0.000299999","268800","0","","0","","","0","0","0","0","0","0","8.96004e+08","ntoskrnl.exe","func@0x140360df1","[Unknown]","0x140360df1"
"func@0x140431730","0.000299999","1075200","5913600","0.181818","0","","","0","0","0","0","0","0","3.58402e+09","ntoskrnl.exe","func@0x140431730","[Unknown]","0x140431730"
"func@0x14028a2f0","0.000299999","0","0","0","0","","","0","0","0","0","0","0","0","ntoskrnl.exe","func@0x14028a2f0","[Unknown]","0x14028a2f0"
"func@0x1c014b755","0.000299999","537600","1075200","0.5","0","0","1","0","0","0","0","0","0","1.79201e+09","ntfs.sys","func@0x1c014b755","[Unknown]","0x1c014b755"
"std::vector<std::vector<Pixel,std::allocator<Pixel> >,std::allocator<std::vector<Pixel,std::allocator<Pixel> > > >::operator[]","0.000299999","806400","5913600","0.136364","0","0","1","0","0","0","0","0","0","2.68801e+09","kip_sequential_profile.exe","std::vector<std::vector<Pixel,std::allocator<Pixel> >,std::allocator<std::vector<Pixel,std::allocator<Pixel> > > >::operator[]","vector","0x140022cb8"
"func@0x140287190","0.000299999","806400","806400","1","0","0","1","0","0","0","0","0","0","2.68801e+09","ntoskrnl.exe","func@0x140287190","[Unknown]","0x140287190"
"FltGetStreamHandleContext","0.000299999","537600","0","","","0","","0","0","0","0","0","0","1.79201e+09","fltmgr.sys","FltGetStreamHandleContext","[Unknown]","0x1c000b600"
"PsGetCurrentProcessId","0.000299999","268800","537600","0.5","0","","","0","0","0","0","0","0","8.96004e+08","ntoskrnl.exe","PsGetCurrentProcessId","[Unknown]","0x140449180"
"func@0x1402a73a0","0.000299999","806400","1344000","0.6","0","","","0","0","0","0","0","0","2.68801e+09","ntoskrnl.exe","func@0x1402a73a0","[Unknown]","0x1402a73a0"
"KeWaitForMutexObject","0.000299999","806400","268800","3","0","","","0","0","0","0","0","0","2.68801e+09","ntoskrnl.exe","KeWaitForMutexObject","[Unknown]","0x140324760"
"RtlGetCurrentServiceSessionId","0.000299999","1075200","0","","0","","","0","0","0","0","0","0","3.58402e+09","ntdll.dll","RtlGetCurrentServiceSessionId","[Unknown]","0x180091b90"
"func@0x14032e620","0.000299999","1075200","268800","4","","","","0","0","0","0","0","0","3.58402e+09","ntoskrnl.exe","func@0x14032e620","[Unknown]","0x14032e620"
"func@0x180015f85","0.000299999","537600","1075200","0.5","","0","","0","0","0","0","0","0","1.79201e+09","ntdll.dll","func@0x180015f85","[Unknown]","0x180015f85"
"func@0x1402886a0","0.000299999","1344000","268800","5","0.2","0.1","0.7","0","0","0","0","0","0","4.48002e+09","ntoskrnl.exe","func@0x1402886a0","[Unknown]","0x1402886a0"
"func@0x14035c2f0","0.000299999","2150400","537600","4","0","","","0","0","0","0","0","0","7.16803e+09","ntoskrnl.exe","func@0x14035c2f0","[Unknown]","0x14035c2f0"
"func@0x140449ee0","0.000299999","806400","537600","1.5","0","0","1","0","0","0","0","0","0","2.68801e+09","ntoskrnl.exe","func@0x140449ee0","[Unknown]","0x140449ee0"
"func@0x180087f50","0.000299999","268800","0","","0","0","1","0","0","0","0","0","0","8.96004e+08","ntdll.dll","func@0x180087f50","[Unknown]","0x180087f50"
"func@0x14036e750","0.000299999","1881600","1612800","1.16667","","","","0","0","0","0","0","0","6.27203e+09","ntoskrnl.exe","func@0x14036e750","[Unknown]","0x14036e750"
"NtReadFile","0.000299999","0","537600","0","0","0","1","0","0","0","0","0","0","0","ntdll.dll","NtReadFile","[Unknown]","0x180161e80"
"func@0x140235b10","0.000299999","1612800","268800","6","0","0","","","0","0","0","0","0","5.37602e+09","ntoskrnl.exe","func@0x140235b10","[Unknown]","0x140235b10"
"func@0x1402671f0","0.000299999","2419200","1612800","1.5","","","","0","0","0","0","0","0","8.06404e+09","ntoskrnl.exe","func@0x1402671f0","[Unknown]","0x1402671f0"
"func@0x1402ff8de","0.000299999","806400","0","","0","","","0","0","0","0","0","0","2.68801e+09","ntoskrnl.exe","func@0x1402ff8de","[Unknown]","0x1402ff8de"
"func@0x1404177a4","0.000299999","1881600","3225600","0.583333","0","0","","","0","0","0","0","0","6.27203e+09","ntoskrnl.exe","func@0x1404177a4","[Unknown]","0x1404177a4"
"func@0x14041e330","0.000299999","1344000","1612800","0.833333","0","","","0","0","0","0","0","0","4.48002e+09","ntoskrnl.exe","func@0x14041e330","[Unknown]","0x14041e330"
"func@0x180014440","0.000299999","1075200","1344000","0.8","0","0.3","0.7","0","0","0","0","0","0","3.58402e+09","ntdll.dll","func@0x180014440","[Unknown]","0x180014440"
"func@0x140483480","0.000299999","1075200","268800","4","0","0","1","0","0","0","0","0","0","3.58402e+09","igdkmdn64.sys","func@0x140483480","[Unknown]","0x140483480"
"func@0x1403b82d0","0.000299999","806400","268800","3","0","0","1","0","0","0","0","0","0","2.68801e+09","igdkmdn64.sys","func@0x1403b82d0","[Unknown]","0x1403b82d0"
"func@0x14001ce70","0.000299999","806400","0","","0","0","1","0","0","0","0","0","0","2.68801e+09","igdkmdn64.sys","func@0x14001ce70","[Unknown]","0x14001ce70"
"func@0x1403f0a40","0.000299999","268800","1881600","0.142857","0","0","1","0","0","0","0","0","0","8.96004e+08","ntoskrnl.exe","func@0x1403f0a40","[Unknown]","0x1403f0a40"
"func@0x140351d1e","0.000299999","0","0","0","0","0","1","0","0","0","0","0","0","0","ntoskrnl.exe","func@0x140351d1e","[Unknown]","0x140351d1e"
"func@0x140248c48","0.000299999","268800","1075200","0.25","0","0","1","0","0","0","0","0","0","8.96004e+08","ntoskrnl.exe","func@0x140248c48","[Unknown]","0x140248c48"
"RtlNumberOfSetBitsEx","0.000299999","1612800","806400","2","0","","","0","0","0","0","0","0","5.37602e+09","ntoskrnl.exe","RtlNumberOfSetBitsEx","[Unknown]","0x14022e8d0"
"FsRtlAcquireHeaderMutex","0.000299999","537600","0","","0","0","1","0","0","0","0","0","0","1.79201e+09","ntoskrnl.exe","FsRtlAcquireHeaderMutex","[Unknown]","0x140326620"
"func@0x140287538","0.000299999","2150400","5107200","0.421053","","","","0","0","0","0","0","0","7.16803e+09","ntoskrnl.exe","func@0x140287538","[Unknown]","0x140287538"
"func@0x14029a280","0.000199999","268800","4569600","0.0588235","0","0","1","0","0","0","0","0","0","1.34401e+09","ntoskrnl.exe","func@0x14029a280","[Unknown]","0x14029a280"
"func@0x1404f4e50","0.000199999","268800","537600","0.5","","","","0","0","0","0","0","0","1.34401e+09","ntoskrnl.exe","func@0x1404f4e50","[Unknown]","0x1404f4e50"
"func@0x14001281c","0.000199999","1075200","806400","1.33333","0","0","1","0","0","0","0","0","0","5.37602e+09","nllvmm.sys","func@0x14001281c","[Unknown]","0x14001281c"
"ExGetPreviousMode","0.000199999","1344000","537600","2.5","0.2","0.3","0.5","0","0","0","0","0","0","6.72003e+09","ntoskrnl.exe","ExGetPreviousMode","[Unknown]","0x140462d10"
"func@0x1403723a4","0.000199999","268800","1612800","0.166667","0","0","1","0","0","0","0","0","0","1.34401e+09","ntoskrnl.exe","func@0x1403723a4","[Unknown]","0x1403723a4"
"CcCopyReadEx","0.000199999","0","806400","0","0","0","1","0","0","0","0","0","0","0","ntoskrnl.exe","CcCopyReadEx","[Unknown]","0x14030aa50"
"malloc","0.000199999","0","806400","0","","","","0","0","0","0","0","0","0","ucrtbase.dll","malloc","[Unknown]","0x180015e00"
"func@0x1402e3500","0.000199999","0","806400","0","0","0","1","0","0","0","0","0","0","0","ntoskrnl.exe","func@0x1402e3500","[Unknown]","0x1402e3500"
"func@0x14004d508","0.000199999","537600","537600","1","0","","","0","0","0","0","0","0","2.68801e+09","nllsp.sys","func@0x14004d508","[Unknown]","0x14004d508"
"func@0x14023f5e0","0.000199999","806400","1344000","0.6","0","0.1","0.9","0","0","0","0","0","0","4.03202e+09","ntoskrnl.exe","func@0x14023f5e0","[Unknown]","0x14023f5e0"
"func@0x140277cb0","0.000199999","0","0","0","0","0","1","0","0","0","0","0","0","0","ntoskrnl.exe","func@0x140277cb0","[Unknown]","0x140277cb0"
"func@0x140417974","0.000199999","0","0","0","0","","","0","0","0","0","0","0","0","ntoskrnl.exe","func@0x140417974","[Unknown]","0x140417974"
"func@0x1402c69cb","0.000199999","1344000","806400","1.66667","0","","","0","0","0","0","0","0","6.72003e+09","ntoskrnl.exe","func@0x1402c69cb","[Unknown]","0x1402c69cb"
"func@0x180048e50","0.000199999","1344000","268800","5","0","0","1","0","0","0","0","0","0","6.72003e+09","ntdll.dll","func@0x180048e50","[Unknown]","0x180048e50"
"InterlockedPushListSList","0.000199999","0","268800","0","0","0","1","0","0","0","0","0","0","0","ntoskrnl.exe","InterlockedPushListSList","[Unknown]","0x1406ae330"
"func@0x1408ae1d0","0.000199999","0","806400","0","0","","","0","0","0","0","0","0","0","ntoskrnl.exe","func@0x1408ae1d0","[Unknown]","0x1408ae1d0"
"func@0x1402667f0","0.000199999","2688000","8870400","0.30303","0.2","0.1","0.7","0","0","0","0","0","0","1.34401e+10","ntoskrnl.exe","func@0x1402667f0","[Unknown]","0x1402667f0"
"func@0x1c0003480","0.000199999","0","268800","0","0","0","1","0","0","0","0","0","0","0","fltmgr.sys","func@0x1c0003480","[Unknown]","0x1c0003480"
"func@0x1403cba91","0.000199999","268800","0","","0","0","1","0","0","0","0","0","0","1.34401e+09","ntoskrnl.exe","func@0x1403cba91","[Unknown]","0x1403cba91"
"func@0x14044f9c0","0.000199999","1075200","268800","4","0","","","0","0","0","0","0","0","5.37602e+09","ntoskrnl.exe","func@0x14044f9c0","[Unknown]","0x14044f9c0"
"ExReleaseFastMutex","0.000199999","268800","806400","0.333333","0","0","1","0","0","0","0","0","0","1.34401e+09","ntoskrnl.exe","ExReleaseFastMutex","[Unknown]","0x140226250"
"func@0x140226a18","0.000199999","537600","268800","2","0","","","","0","0","0","0","0","2.68801e+09","ntoskrnl.exe","func@0x140226a18","[Unknown]","0x140226a18"
"func@0x180017f70","0.000199999","537600","0","","0","0","1","0","0","0","0","0","0","2.68801e+09","ntdll.dll","func@0x180017f70","[Unknown]","0x180017f70"
"func@0x1408b2920","0.000199999","1881600","2956800","0.636364","","0","","0","0","0","0","0","0","9.40804e+09","ntoskrnl.exe","func@0x1408b2920","[Unknown]","0x1408b2920"
"func@0x1c003b160","0.000199999","0","0","0","0","0","1","0","0","0","0","0","0","0","dxgmms2.sys","func@0x1c003b160","[Unknown]","0x1c003b160"
"KeReleaseSpinLock","0.000199999","1075200","537600","2","0","","","0","0","0","0","0","0","5.37602e+09","ntoskrnl.exe","KeReleaseSpinLock","[Unknown]","0x14034d7e0"
"func@0x1408aeb40","0.000199999","1612800","1344000","1.2","","","","0","0","0","0","0","0","8.06404e+09","ntoskrnl.exe","func@0x1408aeb40","[Unknown]","0x1408aeb40"
"func@0x140249050","0.000199999","537600","268800","2","0","0","1","0","0","0","0","0","0","2.68801e+09","ntoskrnl.exe","func@0x140249050","[Unknown]","0x140249050"
"func@0x1c0057880","0.000199999","0","537600","0","","0","","0","0","0","0","0","0","0","ntfs.sys","func@0x1c0057880","[Unknown]","0x1c0057880"
"func@0x1404185a0","0.000199999","537600","0","","0","0","1","0","0","0","0","0","0","2.68801e+09","ntoskrnl.exe","func@0x1404185a0","[Unknown]","0x1404185a0"
"KeAcquireInStackQueuedSpinLockAtDpcLevel","0.000199999","537600","0","","0","0","1","0","0","0","0","0","0","2.68801e+09","ntoskrnl.exe","KeAcquireInStackQueuedSpinLockAtDpcLevel","[Unknown]","0x140256210"
"RtlRbRemoveNode","0.000199999","537600","0","","0","","","0","0","0","0","0","0","2.68801e+09","ntoskrnl.exe","RtlRbRemoveNode","[Unknown]","0x1402ff4d0"
"KeRcuReadLock","0.000199999","268800","268800","1","0","0","1","0","0","0","0","0","0","1.34401e+09","ntoskrnl.exe","KeRcuReadLock","[Unknown]","0x14020a060"
"func@0x1c0009840","0.000199999","1344000","1612800","0.833333","0","0.1","0.9","0","0","0","0","0","0","6.72003e+09","fltmgr.sys","func@0x1c0009840","[Unknown]","0x1c0009840"
"func@0x140a14570","0.000199999","268800","0","","0","0","1","0","0","0","0","0","0","1.34401e+09","ntoskrnl.exe","func@0x140a14570","[Unknown]","0x140a14570"
"func@0x140928d79","0.000199999","268800","806400","0.333333","0","0","1","0","0","0","0","0","0","1.34401e+09","ntoskrnl.exe","func@0x140928d79","[Unknown]","0x140928d79"
"func@0x180048ce4","0.000199999","0","537600","0","0","0","1","0","0","0","0","0","0","0","ntdll.dll","func@0x180048ce4","[Unknown]","0x180048ce4"
"std::vector<Pixel,std::allocator<Pixel> >::_Construct_n","0.000199999","268800","1344000","0.2","0","0","1","0","0","0","0","0","0","1.34401e+09","kip_sequential_profile.exe","std::vector<Pixel,std::allocator<Pixel> >::_Construct_n","vector","0x140021ab0"
"std::_Uninitialized_backout_al<std::allocator<std::vector<Pixel,std::allocator<Pixel> > > >::_Emplace_back","0.000199999","537600","1612800","0.333333","0","0","1","0","0","0","0","0","0","2.68801e+09","kip_sequential_profile.exe","std::_Uninitialized_backout_al<std::allocator<std::vector<Pixel,std::allocator<Pixel> > > >::_Emplace_back","xmemory","0x140021ab0"
"func@0x1c002dcc8","0.000199999","0","0","0","0","0","1","0","0","0","0","0","0","0","dxgmms2.sys","func@0x1c002dcc8","[Unknown]","0x1c002dcc8"
"func@0x14043b4d0","0.000199999","537600","1612800","0.333333","0","","","0","0","0","0","0","0","2.68801e+09","ntoskrnl.exe","func@0x14043b4d0","[Unknown]","0x14043b4d0"
"func@0x14032f4a2","0.000199999","0","0","0","0","","","0","0","0","0","0","0","0","ntoskrnl.exe","func@0x14032f4a2","[Unknown]","0x14032f4a2"
"func@0x140226cf6","0.000199999","268800","1344000","0.2","0","","","0","0","0","0","0","0","1.34401e+09","ntoskrnl.exe","func@0x140226cf6","[Unknown]","0x140226cf6"
"func@0x14027e650","0.000199999","268800","268800","1","0","0","1","0","0","0","0","0","0","1.34401e+09","ntoskrnl.exe","func@0x14027e650","[Unknown]","0x14027e650"
"func@0x1402bfe17","0.000199999","1075200","6720000","0.16","","","","0","0","0","0","0","0","5.37602e+09","ntoskrnl.exe","func@0x1402bfe17","[Unknown]","0x1402bfe17"
"func@0x1402ca900","0.000199999","806400","0","","0","0","1","0","0","0","0","0","0","4.03202e+09","igdkmdn64.sys","func@0x1402ca900","[Unknown]","0x1402ca900"
"func@0x14003e4f0","0.000199999","0","0","0","0","","","0","0","0","0","0","0","0","igdkmdn64.sys","func@0x14003e4f0","[Unknown]","0x14003e4f0"
"KeQueryPerformanceCounter","0.000199999","806400","1075200","0.75","0","0","1","0","0","0","0","0","0","4.03202e+09","ntoskrnl.exe","KeQueryPerformanceCounter","[Unknown]","0x140365f00"
"func@0x1402c5acc","0.000199999","268800","268800","1","0","0","1","0","0","0","0","0","0","1.34401e+09","ntoskrnl.exe","func@0x1402c5acc","[Unknown]","0x1402c5acc"
"func@0x1402e5ea0","0.000199999","1075200","1612800","0.666667","0","","","0","0","0","0","0","0","5.37602e+09","ntoskrnl.exe","func@0x1402e5ea0","[Unknown]","0x1402e5ea0"
"func@0x1403cfe70","0.000199999","268800","2419200","0.111111","0","","","0","0","0","0","0","0","1.34401e+09","ntoskrnl.exe","func@0x1403cfe70","[Unknown]","0x1403cfe70"
"func@0x1800eb370","0.000199999","537600","0","","0","0","1","0","0","0","0","0","0","2.68801e+09","ntdll.dll","func@0x1800eb370","[Unknown]","0x1800eb370"
"func@0x1403b7460","0.000199999","0","0","0","0","0","1","0","0","0","0","0","0","0","igdkmdn64.sys","func@0x1403b7460","[Unknown]","0x1403b7460"
"func@0x1403b62a0","0.000199999","1881600","0","","0","0","1","0","0","0","0","0","0","9.40804e+09","igdkmdn64.sys","func@0x1403b62a0","[Unknown]","0x1403b62a0"
"func@0x140279f40","0.000199999","268800","268800","1","0","","","0","0","0","0","0","0","1.34401e+09","ntoskrnl.exe","func@0x140279f40","[Unknown]","0x140279f40"
"func@0x1402c3a00","0.000199999","0","537600","0","0","0","1","0","0","0","0","0","0","0","ntoskrnl.exe","func@0x1402c3a00","[Unknown]","0x1402c3a00"
"func@0x140b6a4ac","0.000199999","0","0","0","0","0","1","0","0","0","0","0","0","0","ntoskrnl.exe","func@0x140b6a4ac","[Unknown]","0x140b6a4ac"
"func@0x140277f40","0.000199999","0","537600","0","0","","","0","0","0","0","0","0","0","ntoskrnl.exe","func@0x140277f40","[Unknown]","0x140277f40"
"func@0x1403cfda0","0.000199999","806400","268800","3","0","","","0","0","0","0","0","0","4.03202e+09","ntoskrnl.exe","func@0x1403cfda0","[Unknown]","0x1403cfda0"
"func@0x1403cda48","0.000199999","268800","1344000","0.2","0","","","0","0","0","0","0","0","1.34401e+09","ntoskrnl.exe","func@0x1403cda48","[Unknown]","0x1403cda48"
"ExReleaseCacheAwarePushLockSharedEx","0.000199999","268800","806400","0.333333","0","0","1","0","0","0","0","0","0","1.34401e+09","ntoskrnl.exe","ExReleaseCacheAwarePushLockSharedEx","[Unknown]","0x1403fcf00"
"func@0x180020748","0.000199999","537600","268800","2","0","0","1","0","0","0","0","0","0","2.68801e+09","nllbidsdriver.sys","func@0x180020748","[Unknown]","0x180020748"
"WriteFile","0.000199999","537600","0","","0","","","0","0","0","0","0","0","2.68801e+09","kernelbase.dll","WriteFile","[Unknown]","0x18009db10"
"func@0x1402c65f0","0.000199999","0","0","0","0","0","1","0","0","0","0","0","0","0","ntoskrnl.exe","func@0x1402c65f0","[Unknown]","0x1402c65f0"
"func@0x1402782eb","0.000199999","268800","268800","1","0","0","1","0","0","0","0","0","0","1.34401e+09","ntoskrnl.exe","func@0x1402782eb","[Unknown]","0x1402782eb"
"func@0x180028158","0.000199999","806400","0","","0","","","0","0","0","0","0","0","4.03202e+09","nllbidsdriver.sys","func@0x180028158","[Unknown]","0x180028158"
"func@0x14036b430","0.000199999","1075200","268800","4","0","0","1","0","0","0","0","0","0","5.37602e+09","ntoskrnl.exe","func@0x14036b430","[Unknown]","0x14036b430"
"func@0x140323ec0","0.000199999","537600","268800","2","0","0","1","0","0","0","0","0","0","2.68801e+09","ntoskrnl.exe","func@0x140323ec0","[Unknown]","0x140323ec0"
"KeReleaseInStackQueuedSpinLockFromDpcLevel","0.000199999","0","268800","0","0","0","1","0","0","0","0","0","0","0","ntoskrnl.exe","KeReleaseInStackQueuedSpinLockFromDpcLevel","[Unknown]","0x14024f2f0"
"func@0x1404913e0","0.000199999","0","0","0","0","0","1","0","0","0","0","0","0","0","ntoskrnl.exe","func@0x1404913e0","[Unknown]","0x1404913e0"
"ExReleaseResourceLite","0.000199999","3225600","2150400","1.5","0","0","1","0","0","0","0","0","0","1.61281e+10","ntoskrnl.exe","ExReleaseResourceLite","[Unknown]","0x14031eca0"
"func@0x14097804c","0.000199999","0","0","0","0","0","1","0","0","0","0","0","0","0","ntoskrnl.exe","func@0x14097804c","[Unknown]","0x14097804c"
"func@0x1402351b0","0.000199999","1344000","9139200","0.147059","","0","","0","0","0","0","0","0","6.72003e+09","ntoskrnl.exe","func@0x1402351b0","[Unknown]","0x1402351b0"
"KeAcquireSpinLockRaiseToDpc","0.000199999","1881600","806400","2.33333","0","0","1","0","0","0","0","0","0","9.40804e+09","ntoskrnl.exe","KeAcquireSpinLockRaiseToDpc","[Unknown]","0x140302020"
"func@0x140347ad0","0.000199999","537600","806400","0.666667","0","0","","","0","0","0","0","0","2.68801e+09","ntoskrnl.exe","func@0x140347ad0","[Unknown]","0x140347ad0"
"func@0x1406ad450","0.000199999","0","0","0","0","0","1","0","0","0","0","0","0","0","ntoskrnl.exe","func@0x1406ad450","[Unknown]","0x1406ad450"
"func@0x140353870","0.000199999","268800","0","","0","0","1","0","0","0","0","0","0","1.34401e+09","ntoskrnl.exe","func@0x140353870","[Unknown]","0x140353870"
"func@0x1403d0bb0","0.000199999","268800","806400","0.333333","0","","","0","0","0","0","0","0","1.34401e+09","ntoskrnl.exe","func@0x1403d0bb0","[Unknown]","0x1403d0bb0"
"func@0x1402b33f0","0.000199999","268800","2688000","0.1","","","","0","0","0","0","0","0","1.34401e+09","ntoskrnl.exe","func@0x1402b33f0","[Unknown]","0x1402b33f0"
"func@0x1403cdb30","0.000199999","1075200","1075200","1","0","","","0","0","0","0","0","0","5.37602e+09","ntoskrnl.exe","func@0x1403cdb30","[Unknown]","0x1403cdb30"
"func@0x14025e860","9.99996e-05","0","806400","0","0","0","1","0","0","0","0","0","0","0","ntoskrnl.exe","func@0x14025e860","[Unknown]","0x14025e860"
"func@0x140151610","9.99996e-05","0","0","0","0","0","1","0","0","0","0","0","0","0","igdkmdn64.sys","func@0x140151610","[Unknown]","0x140151610"
"func@0x1403ced64","9.99996e-05","0","0","0","0","0","1","0","0","0","0","0","0","0","ntoskrnl.exe","func@0x1403ced64","[Unknown]","0x1403ced64"
"func@0x140144160","9.99996e-05","268800","0","","0","0","1","0","0","0","0","0","0","2.68801e+09","igdkmdn64.sys","func@0x140144160","[Unknown]","0x140144160"
"func@0x1402ca720","9.99996e-05","537600","268800","2","0","","","0","0","0","0","0","0","5.37602e+09","ntoskrnl.exe","func@0x1402ca720","[Unknown]","0x1402ca720"
"func@0x14021ca20","9.99996e-05","0","0","0","0","0","1","0","0","0","0","0","0","0","igdkmdn64.sys","func@0x14021ca20","[Unknown]","0x14021ca20"
"func@0x1404f74fc","9.99996e-05","268800","0","","","0","","0","0","0","0","0","0","2.68801e+09","ntoskrnl.exe","func@0x1404f74fc","[Unknown]","0x1404f74fc"
"func@0x140241f4b","9.99996e-05","268800","537600","0.5","0","","","0","0","0","0","0","0","2.68801e+09","ntoskrnl.exe","func@0x140241f4b","[Unknown]","0x140241f4b"
"func@0x1403f2814","9.99996e-05","0","0","0","0","0","1","0","0","0","0","0","0","0","ntoskrnl.exe","func@0x1403f2814","[Unknown]","0x1403f2814"
"func@0x140287fac","9.99996e-05","806400","1344000","0.6","0.1","0","0.9","0","0","0","0","0","0","8.06404e+09","ntoskrnl.exe","func@0x140287fac","[Unknown]","0x140287fac"
"func@0x1403cd430","9.99996e-05","268800","537600","0.5","0","0","1","0","0","0","0","0","0","2.68801e+09","ntoskrnl.exe","func@0x1403cd430","[Unknown]","0x1403cd430"
"func@0x14025a5ff","9.99996e-05","0","0","0","0","0","1","0","0","0","0","0","0","0","ntoskrnl.exe","func@0x14025a5ff","[Unknown]","0x14025a5ff"
"func@0x1402197db","9.99996e-05","0","268800","0","0","0","1","0","0","0","0","0","0","0","ntoskrnl.exe","func@0x1402197db","[Unknown]","0x1402197db"
"func@0x140217670","9.99996e-05","806400","0","","0","0.1","0","1","0","0","0","0","0","8.06404e+09","igdkmdn64.sys","func@0x140217670","[Unknown]","0x140217670"
"func@0x1403e6524","9.99996e-05","0","2688000","0","0","0","1","0","0","0","0","0","0","0","ntoskrnl.exe","func@0x1403e6524","[Unknown]","0x1403e6524"
"func@0x1404794c0","9.99996e-05","0","0","0","0","0","1","0","0","0","0","0","0","0","ntoskrnl.exe","func@0x1404794c0","[Unknown]","0x1404794c0"
"func@0x14023cdc0","9.99996e-05","1075200","1612800","0.666667","0","0","1","0","0","0","0","0","0","1.0752e+10","ntoskrnl.exe","func@0x14023cdc0","[Unknown]","0x14023cdc0"
"func@0x1402c97b0","9.99996e-05","0","268800","0","0","0","1","0","0","0","0","0","0","0","ntoskrnl.exe","func@0x1402c97b0","[Unknown]","0x1402c97b0"
"MmUnlockPages","9.99996e-05","0","0","0","0","","","0","0","0","0","0","0","0","ntoskrnl.exe","MmUnlockPages","[Unknown]","0x14030d4e0"
"func@0x1408ae41e","9.99996e-05","537600","268800","2","0","0","1","0","0","0","0","0","0","5.37602e+09","ntoskrnl.exe","func@0x1408ae41e","[Unknown]","0x1408ae41e"
"func@0x1403bcc03","9.99996e-05","268800","0","","0","0","1","0","0","0","0","0","0","2.68801e+09","ntoskrnl.exe","func@0x1403bcc03","[Unknown]","0x1403bcc03"
"func@0x1403cefe0","9.99996e-05","2688000","1344000","2","","","","0","0","0","0","0","0","2.68801e+10","ntoskrnl.exe","func@0x1403cefe0","[Unknown]","0x1403cefe0"
"func@0x14047eca0","9.99996e-05","806400","806400","1","0","","","0","0","0","0","0","0","8.06404e+09","ntoskrnl.exe","func@0x14047eca0","[Unknown]","0x14047eca0"
"func@0x1403693a0","9.99996e-05","537600","0","","0","0","1","0","0","0","0","0","0","5.37602e+09","ntoskrnl.exe","func@0x1403693a0","[Unknown]","0x1403693a0"
"func@0x1402aa4f0","9.99996e-05","806400","1612800","0.5","0","0","1","0","0","0","0","0","0","8.06404e+09","ntoskrnl.exe","func@0x1402aa4f0","[Unknown]","0x1402aa4f0"
"ExpInterlockedPushEntrySList","9.99996e-05","537600","2419200","0.222222","0","0.05","0.95","0","0","0","0","0","0","5.37602e+09","ntoskrnl.exe","ExpInterlockedPushEntrySList","[Unknown]","0x1406ae2c0"
"func@0x140260624","9.99996e-05","0","268800","0","0","0","1","0","0","0","0","0","0","0","ntoskrnl.exe","func@0x140260624","[Unknown]","0x140260624"
"func@0x140284db2","9.99996e-05","268800","0","","0","0","1","0","0","0","0","0","0","2.68801e+09","ntoskrnl.exe","func@0x140284db2","[Unknown]","0x140284db2"
"EtwEventEnabled","9.99996e-05","1881600","1344000","1.4","0.2","0.1","0.7","0","0","0","0","0","0","1.88161e+10","ntoskrnl.exe","EtwEventEnabled","[Unknown]","0x140305c30"
"func@0x1402c2fcb","9.99996e-05","1075200","0","","0","0","","","0","0","0","0","0","1.0752e+10","ntoskrnl.exe","func@0x1402c2fcb","[Unknown]","0x1402c2fcb"
"func@0x1402af43f","9.99996e-05","0","537600","0","0","0","1","0","0","0","0","0","0","0","ntoskrnl.exe","func@0x1402af43f","[Unknown]","0x1402af43f"
"ExAcquireCacheAwarePushLockSharedEx","9.99996e-05","1344000","1881600","0.714286","0","","","0","0","0","0","0","0","1.34401e+10","ntoskrnl.exe","ExAcquireCacheAwarePushLockSharedEx","[Unknown]","0x140322940"
"func@0x1408b3bc0","9.99996e-05","0","806400","0","0","0","1","0","0","0","0","0","0","0","ntoskrnl.exe","func@0x1408b3bc0","[Unknown]","0x1408b3bc0"
"PsGetCurrentServerSilo","9.99996e-05","537600","806400","0.666667","0","","","0","0","0","0","0","0","5.37602e+09","ntoskrnl.exe","PsGetCurrentServerSilo","[Unknown]","0x1403dec90"
"func@0x1404f71fc","9.99996e-05","0","0","0","0","0","1","0","0","0","0","0","0","0","ntoskrnl.exe","func@0x1404f71fc","[Unknown]","0x1404f71fc"
"func@0x14023a900","9.99996e-05","268800","1881600","0.142857","0","","","0","0","0","0","0","0","2.68801e+09","ntoskrnl.exe","func@0x14023a900","[Unknown]","0x14023a900"
"func@0x1408af3d0","9.99996e-05","0","537600","0","0","0","1","0","0","0","0","0","0","0","ntoskrnl.exe","func@0x1408af3d0","[Unknown]","0x1408af3d0"
"func@0x140269990","9.99996e-05","268800","0","","0","0","1","0","0","0","0","0","0","2.68801e+09","ntoskrnl.exe","func@0x140269990","[Unknown]","0x140269990"
"func@0x1403cded4","9.99996e-05","1075200","268800","4","0","","","0","0","0","0","0","0","1.0752e+10","ntoskrnl.exe","func@0x1403cded4","[Unknown]","0x1403cded4"
"func@0x140304f50","9.99996e-05","806400","537600","1.5","0","0","1","0","0","0","0","0","0","8.06404e+09","ntoskrnl.exe","func@0x140304f50","[Unknown]","0x140304f50"
"func@0x140311cf0","9.99996e-05","0","268800","0","0","","","0","0","0","0","0","0","0","ntoskrnl.exe","func@0x140311cf0","[Unknown]","0x140311cf0"
"func@0x140856903","9.99996e-05","0","0","0","0","0","1","0","0","0","0","0","0","0","ntoskrnl.exe","func@0x140856903","[Unknown]","0x140856903"
"ExAcquireSpinLockExclusive","9.99996e-05","537600","0","","0","0","1","0","0","0","0","0","0","5.37602e+09","ntoskrnl.exe","ExAcquireSpinLockExclusive","[Unknown]","0x14025cc60"
"func@0x1408637f0","9.99996e-05","268800","0","","0","0","1","0","0","0","0","0","0","2.68801e+09","ntoskrnl.exe","func@0x1408637f0","[Unknown]","0x1408637f0"
"func@0x14023b5e0","9.99996e-05","268800","0","","0","0","1","0","0","0","0","0","0","2.68801e+09","ntoskrnl.exe","func@0x14023b5e0","[Unknown]","0x14023b5e0"
"func@0x14024a7c0","9.99996e-05","268800","1075200","0.25","0","0","1","0","0","0","0","0","0","2.68801e+09","ntoskrnl.exe","func@0x14024a7c0","[Unknown]","0x14024a7c0"
"func@0x140323af2","9.99996e-05","0","268800","0","0","0","1","0","0","0","0","0","0","0","ntoskrnl.exe","func@0x140323af2","[Unknown]","0x140323af2"
"func@0x14028604c","9.99996e-05","0","268800","0","0","","","0","0","0","0","0","0","0","ntoskrnl.exe","func@0x14028604c","[Unknown]","0x14028604c"
"func@0x140226570","9.99996e-05","806400","0","","0","0","1","0","0","0","0","0","0","8.06404e+09","ntoskrnl.exe","func@0x140226570","[Unknown]","0x140226570"
"func@0x1402a0abc","9.99996e-05","268800","0","","0","0","1","0","0","0","0","0","0","2.68801e+09","ntoskrnl.exe","func@0x1402a0abc","[Unknown]","0x1402a0abc"
"func@0x1402a741c","9.99996e-05","0","0","0","0","0","1","0","0","0","0","0","0","0","ntoskrnl.exe","func@0x1402a741c","[Unknown]","0x1402a741c"
"func@0x14085cbf0","9.99996e-05","0","0","0","0","0","1","0","0","0","0","0","0","0","ntoskrnl.exe","func@0x14085cbf0","[Unknown]","0x14085cbf0"
"func@0x14010dbd0","9.99996e-05","0","0","0","0","0","1","0","0","0","0","0","0","0","igdkmdn64.sys","func@0x14010dbd0","[Unknown]","0x14010dbd0"
"func@0x1402324d0","9.99996e-05","0","0","0","0","0","1","0","0","0","0","0","0","0","ntoskrnl.exe","func@0x1402324d0","[Unknown]","0x1402324d0"
"func@0x1402e9487","9.99996e-05","0","0","0","0","0","1","0","0","0","0","0","0","0","ntoskrnl.exe","func@0x1402e9487","[Unknown]","0x1402e9487"
"func@0x140299b8c","9.99996e-05","0","0","0","0","0","1","0","0","0","0","0","0","0","ntoskrnl.exe","func@0x140299b8c","[Unknown]","0x140299b8c"
"func@0x14021c5b0","9.99996e-05","0","0","0","0","0","1","0","0","0","0","0","0","0","ntoskrnl.exe","func@0x14021c5b0","[Unknown]","0x14021c5b0"
"func@0x140217e02","9.99996e-05","268800","268800","1","0","0","1","0","0","0","0","0","0","2.68801e+09","ntoskrnl.exe","func@0x140217e02","[Unknown]","0x140217e02"
"func@0x140266de4","9.99996e-05","0","0","0","0","0","1","0","0","0","0","0","0","0","ntoskrnl.exe","func@0x140266de4","[Unknown]","0x140266de4"
"func@0x140278ea0","9.99996e-05","1344000","0","","0","","","0","0","0","0","0","0","1.34401e+10","ntoskrnl.exe","func@0x140278ea0","[Unknown]","0x140278ea0"
"func@0x140bb4780","9.99996e-05","1075200","806400","1.33333","0","","","0","0","0","0","0","0","1.0752e+10","ntoskrnl.exe","func@0x140bb4780","[Unknown]","0x140bb4780"
"func@0x1402c6170","9.99996e-05","0","1881600","0","0","0","1","0","0","0","0","0","0","0","ntoskrnl.exe","func@0x1402c6170","[Unknown]","0x1402c6170"
"func@0x1404168c0","9.99996e-05","0","1612800","0","0","0","1","0","0","0","0","0","0","0","ntoskrnl.exe","func@0x1404168c0","[Unknown]","0x1404168c0"
"func@0x1402581f0","9.99996e-05","0","0","0","0","0","1","0","0","0","0","0","0","0","ntoskrnl.exe","func@0x1402581f0","[Unknown]","0x1402581f0"
"func@0x140228890","9.99996e-05","0","0","0","0","0","1","0","0","0","0","0","0","0","ntoskrnl.exe","func@0x140228890","[Unknown]","0x140228890"
"RtlPrefixUnicodeString","9.99996e-05","0","0","0","0","0","1","0","0","0","0","0","0","0","ntoskrnl.exe","RtlPrefixUnicodeString","[Unknown]","0x14087f4e0"
"func@0x1402787f7","9.99996e-05","1344000","1075200","1.25","0","0","1","0","0","0","0","0","0","1.34401e+10","ntoskrnl.exe","func@0x1402787f7","[Unknown]","0x1402787f7"
"func@0x14030de30","9.99996e-05","537600","0","","0","0","1","0","0","0","0","0","0","5.37602e+09","ntoskrnl.exe","func@0x14030de30","[Unknown]","0x14030de30"
"func@0x14027ee20","9.99996e-05","806400","537600","1.5","0","0","1","0","0","0","0","0","0","8.06404e+09","ntoskrnl.exe","func@0x14027ee20","[Unknown]","0x14027ee20"
"func@0x1402e168d","9.99996e-05","0","268800","0","0","0","1","0","0","0","0","0","0","0","ntoskrnl.exe","func@0x1402e168d","[Unknown]","0x1402e168d"
"func@0x1402a0cf0","9.99996e-05","0","0","0","0","0","1","0","0","0","0","0","0","0","ntoskrnl.exe","func@0x1402a0cf0","[Unknown]","0x1402a0cf0"
"func@0x140311be0","9.99996e-05","1344000","0","","0","0.1","0.9","0","0","0","0","0","0","1.34401e+10","ntoskrnl.exe","func@0x140311be0","[Unknown]","0x140311be0"
"func@0x1403fd040","9.99996e-05","0","0","0","0","0","1","0","0","0","0","0","0","0","ntoskrnl.exe","func@0x1403fd040","[Unknown]","0x1403fd040"
"func@0x1408b2ba4","9.99996e-05","806400","1344000","0.6","0","","","0","0","0","0","0","0","8.06404e+09","ntoskrnl.exe","func@0x1408b2ba4","[Unknown]","0x1408b2ba4"
"func@0x1403cf431","9.99996e-05","537600","268800","2","0","0","1","0","0","0","0","0","0","5.37602e+09","ntoskrnl.exe","func@0x1403cf431","[Unknown]","0x1403cf431"
"func@0x1404029e0","9.99996e-05","537600","1612800","0.333333","0","","","0","0","0","0","0","0","5.37602e+09","ntoskrnl.exe","func@0x1404029e0","[Unknown]","0x1404029e0"
"func@0x1400a6730","9.99996e-05","0","0","0","0","0","1","0","0","0","0","0","0","0","igdkmdn64.sys","func@0x1400a6730","[Unknown]","0x1400a6730"
"func@0x14044a74c","9.99996e-05","268800","0","","0","0","1","0","0","0","0","0","0","2.68801e+09","ntoskrnl.exe","func@0x14044a74c","[Unknown]","0x14044a74c"
"func@0x1402bd6c7","9.99996e-05","268800","268800","1","0","0","1","0","0","0","0","0","0","2.68801e+09","ntoskrnl.exe","func@0x1402bd6c7","[Unknown]","0x1402bd6c7"
"func@0x14034c307","9.99996e-05","268800","0","","0","0","1","0","0","0","0","0","0","2.68801e+09","ntoskrnl.exe","func@0x14034c307","[Unknown]","0x14034c307"
"func@0x14016b340","9.99996e-05","0","0","0","0","0","1","0","0","0","0","0","0","0","igdkmdn64.sys","func@0x14016b340","[Unknown]","0x14016b340"
"ExAcquireAutoExpandPushLockShared","9.99996e-05","537600","3225600","0.166667","0","0","1","0","0","0","0","0","0","5.37602e+09","ntoskrnl.exe","ExAcquireAutoExpandPushLockShared","[Unknown]","0x1403229f0"
"func@0x140307bc0","9.99996e-05","0","0","0","0","0","1","0","0","0","0","0","0","0","ntoskrnl.exe","func@0x140307bc0","[Unknown]","0x140307bc0"
"func@0x140351610","9.99996e-05","1612800","1881600","0.857143","0","","","0","0","0","0","0","0","1.61281e+10","ntoskrnl.exe","func@0x140351610","[Unknown]","0x140351610"
"func@0x14008c720","9.99996e-05","0","0","0","0","0","1","0","0","0","0","0","0","0","netwtw10.sys","func@0x14008c720","[Unknown]","0x14008c720"
"KeIsSubsetAffinityEx","9.99996e-05","0","0","0","0","0","1","0","0","0","0","0","0","0","ntoskrnl.exe","KeIsSubsetAffinityEx","[Unknown]","0x140286c30"
"IoFreeMdl","9.99996e-05","0","0","0","0","0","1","0","0","0","0","0","0","0","ntoskrnl.exe","IoFreeMdl","[Unknown]","0x14030d370"
"func@0x140996ee0","9.99996e-05","268800","0","","0","0","1","0","0","0","0","0","0","2.68801e+09","ntoskrnl.exe","func@0x140996ee0","[Unknown]","0x140996ee0"
"func@0x140312b44","9.99996e-05","268800","268800","1","0","0","1","0","0","0","0","0","0","2.68801e+09","ntoskrnl.exe","func@0x140312b44","[Unknown]","0x140312b44"
"func@0x1403236e0","9.99996e-05","0","0","0","0","0","1","0","0","0","0","0","0","0","netwtw10.sys","func@0x1403236e0","[Unknown]","0x1403236e0"
"func@0x1401413c0","9.99996e-05","0","0","0","0","0","1","0","0","0","0","0","0","0","netwtw10.sys","func@0x1401413c0","[Unknown]","0x1401413c0"
"func@0x140149700","9.99996e-05","268800","0","","0","","","0","0","0","0","0","0","2.68801e+09","igdkmdn64.sys","func@0x140149700","[Unknown]","0x140149700"
"func@0x1408bc970","9.99996e-05","0","0","0","0","0","1","0","0","0","0","0","0","0","ntoskrnl.exe","func@0x1408bc970","[Unknown]","0x1408bc970"
"func@0x140038230","9.99996e-05","0","0","0","0","0","1","0","0","0","0","0","0","0","netwtw10.sys","func@0x140038230","[Unknown]","0x140038230"
"func@0x1402628a1","9.99996e-05","0","537600","0","0","0","1","0","0","0","0","0","0","0","ntoskrnl.exe","func@0x1402628a1","[Unknown]","0x1402628a1"
"std::_Default_allocator_traits<std::allocator<Pixel> >::destroy","9.99996e-05","268800","268800","1","","","","0","0","0","0","0","0","2.68801e+09","kip_sequential_profile.exe","std::_Default_allocator_traits<std::allocator<Pixel> >::destroy","xmemory","0x1400217e0"
"func@0x1403de9f0","9.99996e-05","268800","0","","0","","","0","0","0","0","0","0","2.68801e+09","ntoskrnl.exe","func@0x1403de9f0","[Unknown]","0x1403de9f0"
"func@0x1403954d0","9.99996e-05","0","537600","0","0","0","1","0","0","0","0","0","0","0","ntoskrnl.exe","func@0x1403954d0","[Unknown]","0x1403954d0"
"std::vector<std::vector<Pixel,std::allocator<Pixel> >,std::allocator<std::vector<Pixel,std::allocator<Pixel> > > >::~vector","9.99996e-05","0","0","0","0","0","1","0","0","0","0","0","0","0","kip_sequential_profile.exe","std::vector<std::vector<Pixel,std::allocator<Pixel> >,std::allocator<std::vector<Pixel,std::allocator<Pixel> > > >::~vector","vector","0x14000bb95"
"KeAddGroupAffinityEx","9.99996e-05","0","268800","0","0","0","1","0","0","0","0","0","0","0","ntoskrnl.exe","KeAddGroupAffinityEx","[Unknown]","0x14022b2a0"
"func@0x1c0196650","9.99996e-05","0","268800","0","0","","","0","0","0","0","0","0","0","ntfs.sys","func@0x1c0196650","[Unknown]","0x1c0196650"
"func@0x1c0011246","9.99996e-05","0","0","0","0","0","1","0","0","0","0","0","0","0","fltmgr.sys","func@0x1c0011246","[Unknown]","0x1c0011246"
"std::vector<std::vector<Pixel,std::allocator<Pixel> >,std::allocator<std::vector<Pixel,std::allocator<Pixel> > > >::~vector","9.99996e-05","268800","537600","0.5","0","0","1","0","0","0","0","0","0","2.68801e+09","kip_sequential_profile.exe","std::vector<std::vector<Pixel,std::allocator<Pixel> >,std::allocator<std::vector<Pixel,std::allocator<Pixel> > > >::~vector","vector","0x14002243f"
"func@0x140289d7c","9.99996e-05","0","0","0","0","0","1","0","0","0","0","0","0","0","ntoskrnl.exe","func@0x140289d7c","[Unknown]","0x140289d7c"
"func@0x14043af20","9.99996e-05","268800","1075200","0.25","0","0","1","0","0","0","0","0","0","2.68801e+09","ntoskrnl.exe","func@0x14043af20","[Unknown]","0x14043af20"
"std::vector<std::vector<Pixel,std::allocator<Pixel> >,std::allocator<std::vector<Pixel,std::allocator<Pixel> > > >::~vector","9.99996e-05","0","537600","0","0","","","0","0","0","0","0","0","0","kip_sequential_profile.exe","std::vector<std::vector<Pixel,std::allocator<Pixel> >,std::allocator<std::vector<Pixel,std::allocator<Pixel> > > >::~vector","vector","0x140022512"
"RtlSetEnvironmentVar","9.99996e-05","0","0","0","0","0","1","0","0","0","0","0","0","0","ntdll.dll","RtlSetEnvironmentVar","[Unknown]","0x1800b5230"
"func@0x1c000b129","9.99996e-05","0","0","0","0","0","1","0","0","0","0","0","0","0","fltmgr.sys","func@0x1c000b129","[Unknown]","0x1c000b129"
"func@0x1c0057340","9.99996e-05","806400","537600","1.5","","","","0","0","0","0","0","0","8.06404e+09","ntfs.sys","func@0x1c0057340","[Unknown]","0x1c0057340"
"func@0x1c003a517","9.99996e-05","0","0","0","0","0","1","0","0","0","0","0","0","0","ntfs.sys","func@0x1c003a517","[Unknown]","0x1c003a517"
"func@0x1402c6960","9.99996e-05","537600","0","","0","0","1","0","0","0","0","0","0","5.37602e+09","ntoskrnl.exe","func@0x1402c6960","[Unknown]","0x1402c6960"
"func@0x1c0033200","9.99996e-05","0","0","0","0","0","1","0","0","0","0","0","0","0","ntfs.sys","func@0x1c0033200","[Unknown]","0x1c0033200"
"RtlFreeHeap","9.99996e-05","268800","1344000","0.2","0.1","0.1","0.3","0.5","0","0","0","0","0","2.68801e+09","ntdll.dll","RtlFreeHeap","[Unknown]","0x180095310"
"std::vector<Pixel,std::allocator<Pixel> >::operator[]","9.99996e-05","806400","2419200","0.333333","","","","0","0","0","0","0","0","8.06404e+09","kip_sequential_profile.exe","std::vector<Pixel,std::allocator<Pixel> >::operator[]","vector","0x14000baa4"
"func@0x1c011bbaa","9.99996e-05","0","0","0","0","0","1","0","0","0","0","0","0","0","ntfs.sys","func@0x1c011bbaa","[Unknown]","0x1c011bbaa"
"func@0x1c018f6d0","9.99996e-05","0","0","0","0","0","1","0","0","0","0","0","0","0","ntfs.sys","func@0x1c018f6d0","[Unknown]","0x1c018f6d0"
"func@0x1404953b4","9.99996e-05","0","806400","0","0","","","0","0","0","0","0","0","0","ntoskrnl.exe","func@0x1404953b4","[Unknown]","0x1404953b4"
"NtFreeVirtualMemory","9.99996e-05","806400","268800","3","0","0","1","0","0","0","0","0","0","8.06404e+09","ntdll.dll","NtFreeVirtualMemory","[Unknown]","0x180162180"
"func@0x1c011d9c0","9.99996e-05","0","0","0","0","","","0","0","0","0","0","0","0","ntfs.sys","func@0x1c011d9c0","[Unknown]","0x1c011d9c0"
"func@0x1403cbe34","9.99996e-05","0","0","0","0","0","1","0","0","0","0","0","0","0","ntoskrnl.exe","func@0x1403cbe34","[Unknown]","0x1403cbe34"
"func@0x1406ad370","9.99996e-05","0","0","0","0","0","1","0","0","0","0","0","0","0","ntoskrnl.exe","func@0x1406ad370","[Unknown]","0x1406ad370"
"func@0x1403cb9fc","9.99996e-05","0","0","0","0","0","1","0","0","0","0","0","0","0","ntoskrnl.exe","func@0x1403cb9fc","[Unknown]","0x1403cb9fc"
"func@0x140295a10","9.99996e-05","0","0","0","0","0","1","0","0","0","0","0","0","0","ntoskrnl.exe","func@0x140295a10","[Unknown]","0x140295a10"
"func@0x1c01490ca","9.99996e-05","0","0","0","0","0","1","0","0","0","0","0","0","0","ntfs.sys","func@0x1c01490ca","[Unknown]","0x1c01490ca"
"func@0x1c02991e0","9.99996e-05","0","268800","0","0","0","1","0","0","0","0","0","0","0","ntfs.sys","func@0x1c02991e0","[Unknown]","0x1c02991e0"
"KeIsEqualAffinityEx","9.99996e-05","537600","537600","1","0","0","1","0","0","0","0","0","0","5.37602e+09","ntoskrnl.exe","KeIsEqualAffinityEx","[Unknown]","0x140280a20"
"func@0x1c011df10","9.99996e-05","0","0","0","0","0","1","0","0","0","0","0","0","0","ntfs.sys","func@0x1c011df10","[Unknown]","0x1c011df10"
"func@0x1c0010fe3","9.99996e-05","0","0","0","0","0","1","0","0","0","0","0","0","0","fltmgr.sys","func@0x1c0010fe3","[Unknown]","0x1c0010fe3"
"std::_Adjust_manually_vector_aligned","9.99996e-05","806400","268800","3","0","","","0","0","0","0","0","0","8.06404e+09","kip_sequential_profile.exe","std::_Adjust_manually_vector_aligned","xmemory","0x1400217a0"
"func@0x1c0121ad0","9.99996e-05","0","0","0","0","0","1","0","0","0","0","0","0","0","ntfs.sys","func@0x1c0121ad0","[Unknown]","0x1c0121ad0"
"func@0x1800da6eb","9.99996e-05","268800","268800","1","0","0","1","0","0","0","0","0","0","2.68801e+09","ntdll.dll","func@0x1800da6eb","[Unknown]","0x1800da6eb"
"func@0x1c012ff40","9.99996e-05","0","0","0","0","0","1","0","0","0","0","0","0","0","ntfs.sys","func@0x1c012ff40","[Unknown]","0x1c012ff40"
"func@0x1c01fc240","9.99996e-05","0","0","0","0","0","1","0","0","0","0","0","0","0","ntfs.sys","func@0x1c01fc240","[Unknown]","0x1c01fc240"
"func@0x14041773b","9.99996e-05","0","0","0","0","0","1","0","0","0","0","0","0","0","ntoskrnl.exe","func@0x14041773b","[Unknown]","0x14041773b"
"func@0x1403d0c50","9.99996e-05","268800","806400","0.333333","0","","","0","0","0","0","0","0","2.68801e+09","ntoskrnl.exe","func@0x1403d0c50","[Unknown]","0x1403d0c50"
"func@0x14032e038","9.99996e-05","268800","0","","0","0","1","0","0","0","0","0","0","2.68801e+09","ntoskrnl.exe","func@0x14032e038","[Unknown]","0x14032e038"
"func@0x1400cdaa0","9.99996e-05","0","0","0","0","0","1","0","0","0","0","0","0","0","iastorvd.sys","func@0x1400cdaa0","[Unknown]","0x1400cdaa0"
"func@0x1c0057100","9.99996e-05","0","0","0","0","0","1","0","0","0","0","0","0","0","ntfs.sys","func@0x1c0057100","[Unknown]","0x1c0057100"
"func@0x1c018e640","9.99996e-05","0","0","0","0","0","1","0","0","0","0","0","0","0","ntfs.sys","func@0x1c018e640","[Unknown]","0x1c018e640"
"func@0x1404f74c4","9.99996e-05","0","268800","0","0","0","1","0","0","0","0","0","0","0","ntoskrnl.exe","func@0x1404f74c4","[Unknown]","0x1404f74c4"
"func@0x1c0035020","9.99996e-05","0","0","0","0","0","1","0","0","0","0","0","0","0","dxgkrnl.sys","func@0x1c0035020","[Unknown]","0x1c0035020"
"func@0x1403cef54","9.99996e-05","268800","806400","0.333333","0","0","1","0","0","0","0","0","0","2.68801e+09","ntoskrnl.exe","func@0x1403cef54","[Unknown]","0x1403cef54"
"func@0x1c0121da0","9.99996e-05","0","0","0","0","0","1","0","0","0","0","0","0","0","ntfs.sys","func@0x1c0121da0","[Unknown]","0x1c0121da0"
"func@0x1403b3b4b","9.99996e-05","0","0","0","0","0","1","0","0","0","0","0","0","0","ntoskrnl.exe","func@0x1403b3b4b","[Unknown]","0x1403b3b4b"
"KeIsEmptyAffinityEx","9.99996e-05","268800","1075200","0.25","","","","0","0","0","0","0","0","2.68801e+09","ntoskrnl.exe","KeIsEmptyAffinityEx","[Unknown]","0x140436110"
"func@0x140351745","9.99996e-05","268800","0","","0","0","1","0","0","0","0","0","0","2.68801e+09","ntoskrnl.exe","func@0x140351745","[Unknown]","0x140351745"
"func@0x140302170","9.99996e-05","0","0","0","0","0","1","0","0","0","0","0","0","0","ntoskrnl.exe","func@0x140302170","[Unknown]","0x140302170"
"func@0x1c011e052","9.99996e-05","806400","1881600","0.428571","","0","","0","0","0","0","0","0","8.06404e+09","ntfs.sys","func@0x1c011e052","[Unknown]","0x1c011e052"
"func@0x1400f7610","9.99996e-05","0","0","0","0","0","1","0","0","0","0","0","0","0","iastorvd.sys","func@0x1400f7610","[Unknown]","0x1400f7610"
"RtlUnicodeToMultiByteN","9.99996e-05","537600","268800","2","0","0","1","0","0","0","0","0","0","5.37602e+09","ntdll.dll","RtlUnicodeToMultiByteN","[Unknown]","0x18006a400"
"func@0x1402c945b","9.99996e-05","268800","0","","0","0","1","0","0","0","0","0","0","2.68801e+09","ntoskrnl.exe","func@0x1402c945b","[Unknown]","0x1402c945b"
"func@0x1c000df00","9.99996e-05","806400","0","","","0","","0","0","0","0","0","0","8.06404e+09","ntfs.sys","func@0x1c000df00","[Unknown]","0x1c000df00"
"func@0x1c0012db0","9.99996e-05","806400","268800","3","0","0","1","0","0","0","0","0","0","8.06404e+09","ntfs.sys","func@0x1c0012db0","[Unknown]","0x1c0012db0"
"func@0x1404bb9b8","9.99996e-05","0","0","0","0","0","1","0","0","0","0","0","0","0","ntoskrnl.exe","func@0x1404bb9b8","[Unknown]","0x1404bb9b8"
"func@0x140226510","9.99996e-05","0","268800","0","","0","","0","0","0","0","0","0","0","ntoskrnl.exe","func@0x140226510","[Unknown]","0x140226510"
"func@0x1400e0fdf","9.99996e-05","268800","0","","0","","","0","0","0","0","0","0","2.68801e+09","netwtw10.sys","func@0x1400e0fdf","[Unknown]","0x1400e0fdf"
"func@0x1c017e4e0","9.99996e-05","0","268800","0","","0","","0","0","0","0","0","0","0","ntfs.sys","func@0x1c017e4e0","[Unknown]","0x1c017e4e0"
"func@0x1400f7810","9.99996e-05","0","0","0","0","0","1","0","0","0","0","0","0","0","iastorvd.sys","func@0x1400f7810","[Unknown]","0x1400f7810"
"func@0x1403cb9d0","9.99996e-05","268800","537600","0.5","0","","","0","0","0","0","0","0","2.68801e+09","ntoskrnl.exe","func@0x1403cb9d0","[Unknown]","0x1403cb9d0"
"func@0x1c000b724","9.99996e-05","0","268800","0","0","0","1","0","0","0","0","0","0","0","fltmgr.sys","func@0x1c000b724","[Unknown]","0x1c000b724"
"FltReleasePushLock","9.99996e-05","537600","0","","0","0","1","0","0","0","0","0","0","5.37602e+09","fltmgr.sys","FltReleasePushLock","[Unknown]","0x1c0012d60"
"strncpy_s","9.99996e-05","0","0","0","0","0","1","0","0","0","0","0","0","0","ntoskrnl.exe","strncpy_s","[Unknown]","0x140509040"
"ObfReferenceObjectWithTag","9.99996e-05","268800","268800","1","0","0","1","0","0","0","0","0","0","2.68801e+09","ntoskrnl.exe","ObfReferenceObjectWithTag","[Unknown]","0x1403232d0"
"func@0x1403b4c90","9.99996e-05","537600","0","","0","0.1","0.9","0","0","0","0","0","0","5.37602e+09","ntoskrnl.exe","func@0x1403b4c90","[Unknown]","0x1403b4c90"
"func@0x1c0035e80","9.99996e-05","537600","0","","0","0","1","0","0","0","0","0","0","5.37602e+09","ntfs.sys","func@0x1c0035e80","[Unknown]","0x1c0035e80"
"func@0x1405db950","9.99996e-05","268800","0","","0","0","1","0","0","0","0","0","0","2.68801e+09","ntoskrnl.exe","func@0x1405db950","[Unknown]","0x1405db950"
"stbi__jpeg_get_bit","9.99996e-05","0","0","0","0","0","1","0","0","0","0","0","0","0","kip_sequential_profile.exe","stbi__jpeg_get_bit","stb_image.h","0x14001bd95"
"stbi__jpeg_get_bits","9.99996e-05","537600","0","","0","","","0","0","0","0","0","0","5.37602e+09","kip_sequential_profile.exe","stbi__jpeg_get_bits","stb_image.h","0x14001bf8f"
"func@0x140105d10","9.99996e-05","0","0","0","0","0","1","0","0","0","0","0","0","0","iastorvd.sys","func@0x140105d10","[Unknown]","0x140105d10"
"func@0x1800169bc","9.99996e-05","0","0","0","0","0","1","0","0","0","0","0","0","0","ntdll.dll","func@0x1800169bc","[Unknown]","0x1800169bc"
"func@0x18012ea3c","9.99996e-05","0","0","0","0","0","1","0","0","0","0","0","0","0","ntdll.dll","func@0x18012ea3c","[Unknown]","0x18012ea3c"
"IoFreeIrp","9.99996e-05","0","0","0","0","0","1","0","0","0","0","0","0","0","ntoskrnl.exe","IoFreeIrp","[Unknown]","0x140302630"
"func@0x140311c58","9.99996e-05","0","268800","0","0","","","0","0","0","0","0","0","0","ntoskrnl.exe","func@0x140311c58","[Unknown]","0x140311c58"
"func@0x14041df9c","9.99996e-05","0","1075200","0","0","","","0","0","0","0","0","0","0","ntoskrnl.exe","func@0x14041df9c","[Unknown]","0x14041df9c"
"func@0x1c0005cc7","9.99996e-05","0","0","0","0","0","1","0","0","0","0","0","0","0","dxgmms2.sys","func@0x1c0005cc7","[Unknown]","0x1c0005cc7"
"func@0x180095511","9.99996e-05","0","268800","0","0","0","1","0","0","0","0","0","0","0","ntdll.dll","func@0x180095511","[Unknown]","0x180095511"
"stbi__jpeg_get_bits","9.99996e-05","806400","2150400","0.375","0.1","0","0.9","0","0","0","0","0","0","8.06404e+09","kip_sequential_profile.exe","stbi__jpeg_get_bits","stb_image.h","0x14001c36c"
"func@0x180057a70","9.99996e-05","0","268800","0","0","0","1","0","0","0","0","0","0","0","ntdll.dll","func@0x180057a70","[Unknown]","0x180057a70"
"func@0x180172028","9.99996e-05","0","0","0","0","0","1","0","0","0","0","0","0","0","ntdll.dll","func@0x180172028","[Unknown]","0x180172028"
"func@0x1c002cca0","9.99996e-05","0","0","0","0","0","1","0","0","0","0","0","0","0","tcpip.sys","func@0x1c002cca0","[Unknown]","0x1c002cca0"
"func@0x1c001bf20","9.99996e-05","268800","0","","0","0","1","0","0","0","0","0","0","2.68801e+09","fltmgr.sys","func@0x1c001bf20","[Unknown]","0x1c001bf20"
"func@0x1c00055c0","9.99996e-05","0","0","0","0","0","1","0","0","0","0","0","0","0","dxgmms2.sys","func@0x1c00055c0","[Unknown]","0x1c00055c0"
"func@0x1c0012720","9.99996e-05","0","0","0","0","","","0","0","0","0","0","0","0","dxgmms2.sys","func@0x1c0012720","[Unknown]","0x1c0012720"
"ExAcquireResourceExclusiveLite","9.99996e-05","0","0","0","0","0","1","0","0","0","0","0","0","0","ntoskrnl.exe","ExAcquireResourceExclusiveLite","[Unknown]","0x14024f4b0"
"func@0x1408de20e","9.99996e-05","0","0","0","0","0","1","0","0","0","0","0","0","0","ntoskrnl.exe","func@0x1408de20e","[Unknown]","0x1408de20e"
"FsRtlReleaseHeaderMutex","9.99996e-05","0","0","0","0","","","0","0","0","0","0","0","0","ntoskrnl.exe","FsRtlReleaseHeaderMutex","[Unknown]","0x140225f60"
"func@0x1c001bd70","9.99996e-05","0","0","0","0","","","0","0","0","0","0","0","0","fltmgr.sys","func@0x1c001bd70","[Unknown]","0x1c001bd70"
"func@0x1c005e860","9.99996e-05","0","268800","0","0","0","1","0","0","0","0","0","0","0","fltmgr.sys","func@0x1c005e860","[Unknown]","0x1c005e860"
"func@0x140258b80","9.99996e-05","806400","268800","3","0","0","1","0","0","0","0","0","0","8.06404e+09","ntoskrnl.exe","func@0x140258b80","[Unknown]","0x140258b80"
"func@0x18000a4d0","9.99996e-05","0","537600","0","0","0","1","0","0","0","0","0","0","0","ntdll.dll","func@0x18000a4d0","[Unknown]","0x18000a4d0"
"RtlAcquireSRWLockShared","9.99996e-05","0","0","0","0","0","1","0","0","0","0","0","0","0","ntdll.dll","RtlAcquireSRWLockShared","[Unknown]","0x18000d410"
"func@0x1800910be","9.99996e-05","0","0","0","0","0","1","0","0","0","0","0","0","0","kernelbase.dll","func@0x1800910be","[Unknown]","0x1800910be"
"EtwWriteEx","9.99996e-05","0","0","0","0","0","1","0","0","0","0","0","0","0","ntoskrnl.exe","EtwWriteEx","[Unknown]","0x140302250"
"ExReleasePushLockEx","9.99996e-05","268800","537600","0.5","0","0","1","0","0","0","0","0","0","2.68801e+09","ntoskrnl.exe","ExReleasePushLockEx","[Unknown]","0x140258a20"
"func@0x14020af30","9.99996e-05","0","537600","0","0","0","1","0","0","0","0","0","0","0","ntoskrnl.exe","func@0x14020af30","[Unknown]","0x14020af30"
"func@0x1c0008f44","9.99996e-05","0","0","0","0","0","1","0","0","0","0","0","0","0","dxgmms2.sys","func@0x1c0008f44","[Unknown]","0x1c0008f44"
"func@0x1c013b9a0","9.99996e-05","0","0","0","0","0","1","0","0","0","0","0","0","0","storport.sys","func@0x1c013b9a0","[Unknown]","0x1c013b9a0"
"func@0x1c0009470","9.99996e-05","0","0","0","0","0","1","0","0","0","0","0","0","0","fltmgr.sys","func@0x1c0009470","[Unknown]","0x1c0009470"
"func@0x1c0010490","9.99996e-05","0","537600","0","0","0","1","0","0","0","0","0","0","0","fltmgr.sys","func@0x1c0010490","[Unknown]","0x1c0010490"
"DpiGetDxgAdapter","9.99996e-05","0","0","0","0","0","1","0","0","0","0","0","0","0","dxgkrnl.sys","DpiGetDxgAdapter","[Unknown]","0x1c00177a0"
"func@0x1408eb14a","9.99996e-05","268800","0","","0","","","0","0","0","0","0","0","2.68801e+09","ntoskrnl.exe","func@0x1408eb14a","[Unknown]","0x1408eb14a"
"func@0x1402979e0","9.99996e-05","537600","0","","0","","","0","0","0","0","0","0","5.37602e+09","ntoskrnl.exe","func@0x1402979e0","[Unknown]","0x1402979e0"
"func@0x1c00262b0","9.99996e-05","0","0","0","0","","","0","0","0","0","0","0","0","wdf01000.sys","func@0x1c00262b0","[Unknown]","0x1c00262b0"
"func@0x1c0002cb0","9.99996e-05","0","0","0","0","0","1","0","0","0","0","0","0","0","intelppm.sys","func@0x1c0002cb0","[Unknown]","0x1c0002cb0"
"func@0x140231848","9.99996e-05","0","0","0","0","0","1","0","0","0","0","0","0","0","ntoskrnl.exe","func@0x140231848","[Unknown]","0x140231848"
"func@0x1402ab1d0","9.99996e-05","0","1344000","0","0","0","1","0","0","0","0","0","0","0","ntoskrnl.exe","func@0x1402ab1d0","[Unknown]","0x1402ab1d0"
"func@0x1c01a6db0","9.99996e-05","0","268800","0","0","0","1","0","0","0","0","0","0","0","ntfs.sys","func@0x1c01a6db0","[Unknown]","0x1c01a6db0"
"func@0x1c0036570","9.99996e-05","268800","0","","0","0","1","0","0","0","0","0","0","2.68801e+09","tcpip.sys","func@0x1c0036570","[Unknown]","0x1c0036570"
"func@0x14085a620","9.99996e-05","0","0","0","0","0","1","0","0","0","0","0","0","0","ntoskrnl.exe","func@0x14085a620","[Unknown]","0x14085a620"
"func@0x140913c30","9.99996e-05","0","0","0","0","0","1","0","0","0","0","0","0","0","ntoskrnl.exe","func@0x140913c30","[Unknown]","0x140913c30"
"func@0x180047d40","9.99996e-05","0","806400","0","0","0","1","0","0","0","0","0","0","0","ntdll.dll","func@0x180047d40","[Unknown]","0x180047d40"
"func@0x140242c50","9.99996e-05","537600","1075200","0.5","0","0","1","0","0","0","0","0","0","5.37602e+09","ntoskrnl.exe","func@0x140242c50","[Unknown]","0x140242c50"
"func@0x1800168a0","9.99996e-05","806400","2150400","0.375","","","","0","0","0","0","0","0","8.06404e+09","ntdll.dll","func@0x1800168a0","[Unknown]","0x1800168a0"
"NtWriteFile","9.99996e-05","537600","268800","2","0","0","1","0","0","0","0","0","0","5.37602e+09","ntdll.dll","NtWriteFile","[Unknown]","0x180161ec0"
"func@0x1c0009b60","9.99996e-05","0","0","0","0","0","1","0","0","0","0","0","0","0","wdiwifi.sys","func@0x1c0009b60","[Unknown]","0x1c0009b60"
"func@0x14040f4e0","9.99996e-05","268800","268800","1","0","0","1","0","0","0","0","0","0","2.68801e+09","ntoskrnl.exe","func@0x14040f4e0","[Unknown]","0x14040f4e0"
"ExReleaseAutoExpandPushLockShared","9.99996e-05","0","0","0","0","0","1","0","0","0","0","0","0","0","ntoskrnl.exe","ExReleaseAutoExpandPushLockShared","[Unknown]","0x140372290"
"func@0x1406af9a3","9.99996e-05","0","0","0","0","0","1","0","0","0","0","0","0","0","ntoskrnl.exe","func@0x1406af9a3","[Unknown]","0x1406af9a3"
"RtlGetNextExpirationTimerWheelTick","9.99996e-05","268800","0","","0","0","1","0","0","0","0","0","0","2.68801e+09","netio.sys","RtlGetNextExpirationTimerWheelTick","[Unknown]","0x1c002fd70"
"func@0x140268a0c","9.99996e-05","0","0","0","0","0","1","0","0","0","0","0","0","0","ntoskrnl.exe","func@0x140268a0c","[Unknown]","0x140268a0c"
"func@0x180015ab0","9.99996e-05","0","0","0","0","","","0","0","0","0","0","0","0","nllbidsdriver.sys","func@0x180015ab0","[Unknown]","0x180015ab0"
"func@0x14023b880","9.99996e-05","537600","537600","1","","0","","0","0","0","0","0","0","5.37602e+09","ntoskrnl.exe","func@0x14023b880","[Unknown]","0x14023b880"
"func@0x180035ff1","9.99996e-05","0","0","0","0","0","1","0","0","0","0","0","0","0","kernelbase.dll","func@0x180035ff1","[Unknown]","0x180035ff1"
"GetStartupInfoW","9.99996e-05","0","0","0","0","0","1","0","0","0","0","0","0","0","kernelbase.dll","GetStartupInfoW","[Unknown]","0x1800f8b90"
"func@0x1c0045460","9.99996e-05","0","0","0","0","0","1","0","0","0","0","0","0","0","ndis.sys","func@0x1c0045460","[Unknown]","0x1c0045460"
"func@0x1402dc020","9.99996e-05","537600","0","","0","","","0","0","0","0","0","0","5.37602e+09","ntoskrnl.exe","func@0x1402dc020","[Unknown]","0x1402dc020"
"func@0x18002f3e4","9.99996e-05","0","0","0","0","0","1","0","0","0","0","0","0","0","nllbidsdriver.sys","func@0x18002f3e4","[Unknown]","0x18002f3e4"
"func@0x140414420","9.99996e-05","0","268800","0","","0","","0","0","0","0","0","0","0","ntoskrnl.exe","func@0x140414420","[Unknown]","0x140414420"
"func@0x140257ae0","9.99996e-05","0","268800","0","0","0","1","0","0","0","0","0","0","0","ntoskrnl.exe","func@0x140257ae0","[Unknown]","0x140257ae0"
"func@0x1c0007f40","9.99996e-05","537600","0","","0","0","1","0","0","0","0","0","0","5.37602e+09","dxgmms2.sys","func@0x1c0007f40","[Unknown]","0x1c0007f40"
"func@0x140273880","9.99996e-05","0","0","0","0","0","1","0","0","0","0","0","0","0","ntoskrnl.exe","func@0x140273880","[Unknown]","0x140273880"
"func@0x14084c750","9.99996e-05","0","0","0","0","0","1","0","0","0","0","0","0","0","ntoskrnl.exe","func@0x14084c750","[Unknown]","0x14084c750"
"func@0x1c0001dc0","9.99996e-05","268800","0","","0","0","1","0","0","0","0","0","0","2.68801e+09","fileinfo.sys","func@0x1c0001dc0","[Unknown]","0x1c0001dc0"
"func@0x1402ac34d","9.99996e-05","0","0","0","0","0","1","0","0","0","0","0","0","0","ntoskrnl.exe","func@0x1402ac34d","[Unknown]","0x1402ac34d"
"func@0x1400842b0","9.99996e-05","0","0","0","0","0","1","0","0","0","0","0","0","0","nllsnx.sys","func@0x1400842b0","[Unknown]","0x1400842b0"
"func@0x1c0001a00","9.99996e-05","0","0","0","0","0","1","0","0","0","0","0","0","0","symcryptk.dll","func@0x1c0001a00","[Unknown]","0x1c0001a00"
"IoIrpHasFsTrackOffsetExtensionType","9.99996e-05","0","0","0","0","0","1","0","0","0","0","0","0","0","ntoskrnl.exe","IoIrpHasFsTrackOffsetExtensionType","[Unknown]","0x14044b280"
"func@0x1c0095400","9.99996e-05","268800","0","","0","0","1","0","0","0","0","0","0","2.68801e+09","cng.sys","func@0x1c0095400","[Unknown]","0x1c0095400"
"func@0x14001bc00","9.99996e-05","0","0","0","0","0","1","0","0","0","0","0","0","0","nllmonflt.sys","func@0x14001bc00","[Unknown]","0x14001bc00"
"func@0x1c001dbc0","9.99996e-05","0","0","0","0","0","1","0","0","0","0","0","0","0","classpnp.sys","func@0x1c001dbc0","[Unknown]","0x1c001dbc0"
"func@0x140022f8c","9.99996e-05","0","0","0","0","0","1","0","0","0","0","0","0","0","nllmonflt.sys","func@0x140022f8c","[Unknown]","0x140022f8c"
"func@0x1c0058f60","9.99996e-05","0","0","0","0","0","1","0","0","0","0","0","0","0","cng.sys","func@0x1c0058f60","[Unknown]","0x1c0058f60"
"func@0x180071340","9.99996e-05","0","0","0","0","0","1","0","0","0","0","0","0","0","ucrtbase.dll","func@0x180071340","[Unknown]","0x180071340"
"func@0x1404053c8","9.99996e-05","0","0","0","0","0","1","0","0","0","0","0","0","0","ntoskrnl.exe","func@0x1404053c8","[Unknown]","0x1404053c8"
"IoReleaseRemoveLockEx","9.99996e-05","0","0","0","0","0","1","0","0","0","0","0","0","0","ntoskrnl.exe","IoReleaseRemoveLockEx","[Unknown]","0x1402c4940"
"func@0x140012acc","9.99996e-05","0","0","0","0","0","1","0","0","0","0","0","0","0","nllarpot.sys","func@0x140012acc","[Unknown]","0x140012acc"
"func@0x1408ae146","9.99996e-05","0","0","0","0","0","1","0","0","0","0","0","0","0","ntoskrnl.exe","func@0x1408ae146","[Unknown]","0x1408ae146"
"func@0x14000106c","9.99996e-05","0","268800","0","0","0","1","0","0","0","0","0","0","0","nllarpot.sys","func@0x14000106c","[Unknown]","0x14000106c"
"func@0x140024e8c","9.99996e-05","268800","0","","0","0","1","0","0","0","0","0","0","2.68801e+09","nllnethub.sys","func@0x140024e8c","[Unknown]","0x140024e8c"
"func@0x140039685","9.99996e-05","0","0","0","0","0","1","0","0","0","0","0","0","0","nllsnx.sys","func@0x140039685","[Unknown]","0x140039685"
"func@0x14030b726","9.99996e-05","0","0","0","0","0","1","0","0","0","0","0","0","0","ntoskrnl.exe","func@0x14030b726","[Unknown]","0x14030b726"
"func@0x1403bbfd0","9.99996e-05","0","0","0","0","0","1","0","0","0","0","0","0","0","ntoskrnl.exe","func@0x1403bbfd0","[Unknown]","0x1403bbfd0"
"CcCopyWriteWontFlush","9.99996e-05","0","0","0","0","0","1","0","0","0","0","0","0","0","ntoskrnl.exe","CcCopyWriteWontFlush","[Unknown]","0x140209b20"
"PsGetThreadId","9.99996e-05","0","0","0","0","0","1","0","0","0","0","0","0","0","ntoskrnl.exe","PsGetThreadId","[Unknown]","0x140465050"
"func@0x140367430","0","0","0","0","0","0","1","0","0","0","0","0","0","0","ntoskrnl.exe","func@0x140367430","[Unknown]","0x140367430"
"func@0x1403ff9b0","0","0","268800","0","0","0","1","0","0","0","0","0","0","0","ntoskrnl.exe","func@0x1403ff9b0","[Unknown]","0x1403ff9b0"
"func@0x1403a9b80","0","0","0","0","0","0","1","0","0","0","0","0","0","0","ntoskrnl.exe","func@0x1403a9b80","[Unknown]","0x1403a9b80"
"func@0x140279c55","0","0","0","0","0","0","1","0","0","0","0","0","0","0","ntoskrnl.exe","func@0x140279c55","[Unknown]","0x140279c55"
"func@0x14021c820","0","0","0","0","0","","","0","0","0","0","0","0","0","ntoskrnl.exe","func@0x14021c820","[Unknown]","0x14021c820"
"FsRtlRemoveExtraCreateParameter","0","0","0","0","0","","","0","0","0","0","0","0","0","ntoskrnl.exe","FsRtlRemoveExtraCreateParameter","[Unknown]","0x1409b7780"
"func@0x140360cd0","0","806400","0","","0","0","1","0","0","0","0","0","0","","ntoskrnl.exe","func@0x140360cd0","[Unknown]","0x140360cd0"
"func@0x140350d09","0","268800","0","","0","0","1","0","0","0","0","0","0","","ntoskrnl.exe","func@0x140350d09","[Unknown]","0x140350d09"
"func@0x140367540","0","0","268800","0","0","0","1","0","0","0","0","0","0","0","ntoskrnl.exe","func@0x140367540","[Unknown]","0x140367540"
"func@0x140313fe0","0","537600","0","","0","0","1","0","0","0","0","0","0","","ntoskrnl.exe","func@0x140313fe0","[Unknown]","0x140313fe0"
"func@0x1404079d4","0","0","537600","0","0","0","1","0","0","0","0","0","0","0","ntoskrnl.exe","func@0x1404079d4","[Unknown]","0x1404079d4"
"func@0x14041eb3c","0","0","0","0","0","0","1","0","0","0","0","0","0","0","ntoskrnl.exe","func@0x14041eb3c","[Unknown]","0x14041eb3c"
"func@0x14043b4aa","0","0","0","0","0","0","1","0","0","0","0","0","0","0","ntoskrnl.exe","func@0x14043b4aa","[Unknown]","0x14043b4aa"
"func@0x1403d061c","0","0","0","0","0","0","1","0","0","0","0","0","0","0","ntoskrnl.exe","func@0x1403d061c","[Unknown]","0x1403d061c"
"func@0x1403cc6b0","0","268800","0","","0","0","1","0","0","0","0","0","0","","ntoskrnl.exe","func@0x1403cc6b0","[Unknown]","0x1403cc6b0"
"KeRemoveProcessorAffinityEx","0","806400","537600","1.5","0","","","0","0","0","0","0","0","","ntoskrnl.exe","KeRemoveProcessorAffinityEx","[Unknown]","0x1403f2a40"
"func@0x14029846c","0","0","0","0","0","0","1","0","0","0","0","0","0","0","ntoskrnl.exe","func@0x14029846c","[Unknown]","0x14029846c"
"func@0x14028a1dc","0","806400","0","","0","","","0","0","0","0","0","0","","ntoskrnl.exe","func@0x14028a1dc","[Unknown]","0x14028a1dc"
"IoGetActivityIdThread","0","268800","0","","0","0","1","0","0","0","0","0","0","","ntoskrnl.exe","IoGetActivityIdThread","[Unknown]","0x14045a1c0"
"func@0x14028d79c","0","268800","0","","0","0","1","0","0","0","0","0","0","","ntoskrnl.exe","func@0x14028d79c","[Unknown]","0x14028d79c"
"func@0x1402cbab0","0","0","0","0","0","0","1","0","0","0","0","0","0","0","ntoskrnl.exe","func@0x1402cbab0","[Unknown]","0x1402cbab0"
"func@0x140219dd2","0","0","0","0","0","0","1","0","0","0","0","0","0","0","ntoskrnl.exe","func@0x140219dd2","[Unknown]","0x140219dd2"
"func@0x14036eb90","0","268800","0","","0","0","1","0","0","0","0","0","0","","ntoskrnl.exe","func@0x14036eb90","[Unknown]","0x14036eb90"
"func@0x1403b9ac4","0","0","0","0","0","0","1","0","0","0","0","0","0","0","ntoskrnl.exe","func@0x1403b9ac4","[Unknown]","0x1403b9ac4"
"func@0x14025b950","0","268800","0","","0","0","1","0","0","0","0","0","0","","ntoskrnl.exe","func@0x14025b950","[Unknown]","0x14025b950"
"func@0x14027d510","0","0","0","0","0","0","1","0","0","0","0","0","0","0","ntoskrnl.exe","func@0x14027d510","[Unknown]","0x14027d510"
"func@0x140269186","0","268800","0","","0","0","1","0","0","0","0","0","0","","ntoskrnl.exe","func@0x140269186","[Unknown]","0x140269186"
"func@0x14049545b","0","0","268800","0","0","0","1","0","0","0","0","0","0","0","ntoskrnl.exe","func@0x14049545b","[Unknown]","0x14049545b"
"KeAcquireInStackQueuedSpinLock","0","268800","0","","0","0","1","0","0","0","0","0","0","","ntoskrnl.exe","KeAcquireInStackQueuedSpinLock","[Unknown]","0x140256270"
"func@0x1402802d0","0","0","0","0","0","","","0","0","0","0","0","0","0","ntoskrnl.exe","func@0x1402802d0","[Unknown]","0x1402802d0"
"func@0x1404f7184","0","0","0","0","0","","","0","0","0","0","0","0","0","ntoskrnl.exe","func@0x1404f7184","[Unknown]","0x1404f7184"
"func@0x14028f423","0","268800","0","","0","0","1","0","0","0","0","0","0","","ntoskrnl.exe","func@0x14028f423","[Unknown]","0x14028f423"
"func@0x1402285b0","0","0","0","0","0","0","1","0","0","0","0","0","0","0","ntoskrnl.exe","func@0x1402285b0","[Unknown]","0x1402285b0"
"func@0x14027b7f0","0","268800","268800","1","0","0","1","0","0","0","0","0","0","","ntoskrnl.exe","func@0x14027b7f0","[Unknown]","0x14027b7f0"
"func@0x14027a090","0","0","268800","0","0","0","1","0","0","0","0","0","0","0","ntoskrnl.exe","func@0x14027a090","[Unknown]","0x14027a090"
"func@0x1404078a0","0","0","0","0","0","0.1","0.9","0","0","0","0","0","0","0","ntoskrnl.exe","func@0x1404078a0","[Unknown]","0x1404078a0"
"func@0x1404855c4","0","268800","268800","1","0","0","1","0","0","0","0","0","0","","ntoskrnl.exe","func@0x1404855c4","[Unknown]","0x1404855c4"
"func@0x140509078","0","0","0","0","0","0","1","0","0","0","0","0","0","0","ntoskrnl.exe","func@0x140509078","[Unknown]","0x140509078"
"func@0x14027ef9c","0","0","268800","0","0","0","1","0","0","0","0","0","0","0","ntoskrnl.exe","func@0x14027ef9c","[Unknown]","0x14027ef9c"
"func@0x140417920","0","0","0","0","0","0","1","0","0","0","0","0","0","0","ntoskrnl.exe","func@0x140417920","[Unknown]","0x140417920"
"func@0x140278e20","0","268800","0","","0","0","1","0","0","0","0","0","0","","ntoskrnl.exe","func@0x140278e20","[Unknown]","0x140278e20"
"func@0x140262860","0","0","268800","0","0","0","1","0","0","0","0","0","0","0","ntoskrnl.exe","func@0x140262860","[Unknown]","0x140262860"
"func@0x1403ceb03","0","268800","0","","0","0","1","0","0","0","0","0","0","","ntoskrnl.exe","func@0x1403ceb03","[Unknown]","0x1403ceb03"
"func@0x140237f00","0","268800","0","","0","0","1","0","0","0","0","0","0","","ntoskrnl.exe","func@0x140237f00","[Unknown]","0x140237f00"
"PsGetCurrentThreadId","0","268800","0","","0","","","0","0","0","0","0","0","","ntoskrnl.exe","PsGetCurrentThreadId","[Unknown]","0x1404501d0"
"func@0x14041e9dc","0","268800","0","","0","0","1","0","0","0","0","0","0","","ntoskrnl.exe","func@0x14041e9dc","[Unknown]","0x14041e9dc"
"func@0x140509754","0","0","0","0","0","0","1","0","0","0","0","0","0","0","ntoskrnl.exe","func@0x140509754","[Unknown]","0x140509754"
"func@0x1405d468c","0","0","0","0","0","0","1","0","0","0","0","0","0","0","ntoskrnl.exe","func@0x1405d468c","[Unknown]","0x1405d468c"
"func@0x1402931e0","0","0","0","0","0","0","1","0","0","0","0","0","0","0","ntoskrnl.exe","func@0x1402931e0","[Unknown]","0x1402931e0"
"func@0x140404dc8","0","268800","0","","0","0","1","0","0","0","0","0","0","","ntoskrnl.exe","func@0x140404dc8","[Unknown]","0x140404dc8"
"func@0x140304830","0","0","0","0","0","0","1","0","0","0","0","0","0","0","ntoskrnl.exe","func@0x140304830","[Unknown]","0x140304830"
"func@0x14032f860","0","0","0","0","0","0","1","0","0","0","0","0","0","0","ntoskrnl.exe","func@0x14032f860","[Unknown]","0x14032f860"
"func@0x14044e060","0","0","268800","0","0","0","1","0","0","0","0","0","0","0","ntoskrnl.exe","func@0x14044e060","[Unknown]","0x14044e060"
"func@0x140350035","0","268800","0","","0","","","0","0","0","0","0","0","","ntoskrnl.exe","func@0x140350035","[Unknown]","0x140350035"
"func@0x14027fca0","0","0","0","0","0","0","1","0","0","0","0","0","0","0","ntoskrnl.exe","func@0x14027fca0","[Unknown]","0x14027fca0"
"func@0x1403034d0","0","0","0","0","0","","","0","0","0","0","0","0","0","ntoskrnl.exe","func@0x1403034d0","[Unknown]","0x1403034d0"
"func@0x14027ece0","0","268800","0","","0","0","1","0","0","0","0","0","0","","ntoskrnl.exe","func@0x14027ece0","[Unknown]","0x14027ece0"
"ExAcquirePushLockSharedEx","0","0","537600","0","0","0","1","0","0","0","0","0","0","0","ntoskrnl.exe","ExAcquirePushLockSharedEx","[Unknown]","0x140323540"
"func@0x140330531","0","268800","0","","0","0","1","0","0","0","0","0","0","","ntoskrnl.exe","func@0x140330531","[Unknown]","0x140330531"
"func@0x1404f7534","0","0","0","0","0","0","","","0","0","0","0","0","0","ntoskrnl.exe","func@0x1404f7534","[Unknown]","0x1404f7534"
"func@0x1402e5e00","0","0","0","0","0","","","0","0","0","0","0","0","0","ntoskrnl.exe","func@0x1402e5e00","[Unknown]","0x1402e5e00"
"KfRaiseIrql","0","268800","0","","0","0","1","0","0","0","0","0","0","","ntoskrnl.exe","KfRaiseIrql","[Unknown]","0x1404159e0"
"func@0x14036175a","0","0","0","0","0","0","1","0","0","0","0","0","0","0","ntoskrnl.exe","func@0x14036175a","[Unknown]","0x14036175a"
"func@0x1403bbb00","0","537600","268800","2","0","0.1","0.9","0","0","0","0","0","0","","ntoskrnl.exe","func@0x1403bbb00","[Unknown]","0x1403bbb00"
"func@0x140280980","0","0","0","0","0","0","1","0","0","0","0","0","0","0","ntoskrnl.exe","func@0x140280980","[Unknown]","0x140280980"
"func@0x14030f878","0","0","268800","0","0","0","1","0","0","0","0","0","0","0","ntoskrnl.exe","func@0x14030f878","[Unknown]","0x14030f878"
"func@0x140235254","0","0","0","0","0","0","1","0","0","0","0","0","0","0","ntoskrnl.exe","func@0x140235254","[Unknown]","0x140235254"
"func@0x1402f7510","0","0","0","0","0","","","0","0","0","0","0","0","0","ntoskrnl.exe","func@0x1402f7510","[Unknown]","0x1402f7510"
"func@0x14027c940","0","806400","806400","1","0","0","1","0","0","0","1","0","0","","ntoskrnl.exe","func@0x14027c940","[Unknown]","0x14027c940"
"func@0x1408c5f90","0","268800","0","","0","0","1","0","0","0","0","0","0","","ntoskrnl.exe","func@0x1408c5f90","[Unknown]","0x1408c5f90"
"IofCompleteRequest","0","0","0","0","0","0","1","0","0","0","0","0","0","0","ntoskrnl.exe","IofCompleteRequest","[Unknown]","0x140303490"
"func@0x1402cf9c7","0","0","268800","0","0","0","1","0","0","0","0","0","0","0","ntoskrnl.exe","func@0x1402cf9c7","[Unknown]","0x1402cf9c7"
"func@0x140238860","0","268800","268800","1","0","0","1","0","0","0","0","0","0","","ntoskrnl.exe","func@0x140238860","[Unknown]","0x140238860"
"func@0x1402c4b60","0","0","0","0","0","0","","","0","0","0","0","0","0","ntoskrnl.exe","func@0x1402c4b60","[Unknown]","0x1402c4b60"
"func@0x140236364","0","0","268800","0","0","0.1","0.9","0","0","0","0","0","0","0","ntoskrnl.exe","func@0x140236364","[Unknown]","0x140236364"
"func@0x1402348cc","0","0","0","0","0","0","1","0","0","0","0","0","0","0","ntoskrnl.exe","func@0x1402348cc","[Unknown]","0x1402348cc"
"func@0x1402f4160","0","268800","0","","0","","","0","0","0","0","0","0","","ntoskrnl.exe","func@0x1402f4160","[Unknown]","0x1402f4160"
"RtlInitAnsiString","0","0","268800","0","0","0","1","0","0","0","0","0","0","0","ntoskrnl.exe","RtlInitAnsiString","[Unknown]","0x140480db0"
"func@0x1402db7c0","0","0","268800","0","0","0","","","0","0","0","0","0","0","ntoskrnl.exe","func@0x1402db7c0","[Unknown]","0x1402db7c0"
"func@0x140994e0e","0","268800","0","","0","0","1","0","0","0","0","0","0","","ntoskrnl.exe","func@0x140994e0e","[Unknown]","0x140994e0e"
"func@0x1403cd7e8","0","0","0","0","0","0","1","0","0","0","0","0","0","0","ntoskrnl.exe","func@0x1403cd7e8","[Unknown]","0x1403cd7e8"
"ExQueueWorkItem","0","268800","0","","0","0","1","0","0","0","0","0","0","","ntoskrnl.exe","ExQueueWorkItem","[Unknown]","0x140361810"
"CcCopyWriteEx","0","0","0","0","0","0","1","0","0","0","0","0","0","0","ntoskrnl.exe","CcCopyWriteEx","[Unknown]","0x14030b4f0"
"func@0x140217b50","0","0","268800","0","0","0","1","0","0","0","0","0","0","0","ntoskrnl.exe","func@0x140217b50","[Unknown]","0x140217b50"
"func@0x1408b2733","0","268800","0","","0","0","1","0","0","0","0","0","0","","ntoskrnl.exe","func@0x1408b2733","[Unknown]","0x1408b2733"
"func@0x1402c1dd0","0","268800","0","","0","0","1","0","0","0","0","0","0","","ntoskrnl.exe","func@0x1402c1dd0","[Unknown]","0x1402c1dd0"
"func@0x140446e70","0","0","537600","0","0","0","1","0","0","0","0","0","0","0","ntoskrnl.exe","func@0x140446e70","[Unknown]","0x140446e70"
"func@0x14039fe40","0","268800","268800","1","0","0","1","0","0","0","0","0","0","","ntoskrnl.exe","func@0x14039fe40","[Unknown]","0x14039fe40"
"func@0x14029ba2c","0","0","268800","0","0","0","1","0","0","0","0","0","0","0","ntoskrnl.exe","func@0x14029ba2c","[Unknown]","0x14029ba2c"
"NtFreeVirtualMemory","0","268800","268800","1","0","0","1","0","0","0","0","0","0","","ntoskrnl.exe","NtFreeVirtualMemory","[Unknown]","0x140976090"
"func@0x1403d04b0","0","268800","0","","0","","","0","0","0","0","0","0","","ntoskrnl.exe","func@0x1403d04b0","[Unknown]","0x1403d04b0"
"func@0x1402dbc90","0","0","0","0","0","0","1","0","0","0","0","0","0","0","ntoskrnl.exe","func@0x1402dbc90","[Unknown]","0x1402dbc90"
"func@0x14044abb0","0","0","268800","0","0","0","1","0","0","0","0","0","0","0","ntoskrnl.exe","func@0x14044abb0","[Unknown]","0x14044abb0"
"func@0x140235900","0","0","0","0","0","0","1","0","0","0","0","0","0","0","ntoskrnl.exe","func@0x140235900","[Unknown]","0x140235900"
"func@0x140304c94","0","268800","0","","0","0","1","0","0","0","0","0","0","","ntoskrnl.exe","func@0x140304c94","[Unknown]","0x140304c94"
"FsRtlLookupBaseMcbEntry","0","537600","806400","0.666667","0","0","1","0","0","0","0","0","0","","ntoskrnl.exe","FsRtlLookupBaseMcbEntry","[Unknown]","0x140415ea0"
"func@0x1402bdfe6","0","0","268800","0","0","0","1","0","0","0","0","0","0","0","ntoskrnl.exe","func@0x1402bdfe6","[Unknown]","0x1402bdfe6"
"IofCallDriver","0","268800","0","","0","0","1","0","0","0","0","0","0","","ntoskrnl.exe","IofCallDriver","[Unknown]","0x1402f1380"
"func@0x14041d1f0","0","0","0","0","0","0","1","0","0","0","0","0","0","0","ntoskrnl.exe","func@0x14041d1f0","[Unknown]","0x14041d1f0"
"func@0x1403cd48d","0","0","0","0","0","0","1","0","0","0","0","0","0","0","ntoskrnl.exe","func@0x1403cd48d","[Unknown]","0x1403cd48d"
"func@0x140249700","0","537600","268800","2","0","0","1","0","0","0","0","0","0","","ntoskrnl.exe","func@0x140249700","[Unknown]","0x140249700"
"ExAcquireFastMutex","0","1075200","537600","2","0","0","1","0","0","0","0","0","0","","ntoskrnl.exe","ExAcquireFastMutex","[Unknown]","0x140324640"
"func@0x1403c0308","0","268800","0","","0","0","1","0","0","0","0","0","0","","ntoskrnl.exe","func@0x1403c0308","[Unknown]","0x1403c0308"
"func@0x1402fcf80","0","268800","0","","0","0","1","0","0","0","0","0","0","","ntoskrnl.exe","func@0x1402fcf80","[Unknown]","0x1402fcf80"
"func@0x1402c2e30","0","0","0","0","0","0","1","0","0","0","0","0","0","0","ntoskrnl.exe","func@0x1402c2e30","[Unknown]","0x1402c2e30"
"func@0x1402ecf60","0","0","0","0","0","0","1","0","0","0","0","0","0","0","ntoskrnl.exe","func@0x1402ecf60","[Unknown]","0x1402ecf60"
"func@0x1402ea090","0","0","537600","0","0","0","1","0","0","0","0","0","0","0","ntoskrnl.exe","func@0x1402ea090","[Unknown]","0x1402ea090"
"strlen","0","0","268800","0","0","0","1","0","0","0","0","0","0","0","ntoskrnl.exe","strlen","[Unknown]","0x1406baed0"
"func@0x1403d08a0","0","0","268800","0","0","0","1","0","0","0","0","0","0","0","ntoskrnl.exe","func@0x1403d08a0","[Unknown]","0x1403d08a0"
"KeLeaveCriticalRegion","0","537600","0","","0","0","1","0","0","0","0","0","0","","ntoskrnl.exe","KeLeaveCriticalRegion","[Unknown]","0x1403717d0"
"func@0x1403cf1e8","0","0","0","0","0","","","0","0","0","0","0","0","0","ntoskrnl.exe","func@0x1403cf1e8","[Unknown]","0x1403cf1e8"
"func@0x140287781","0","268800","806400","0.333333","0","0","1","0","0","0","0","0","0","","ntoskrnl.exe","func@0x140287781","[Unknown]","0x140287781"
"func@0x14045bf90","0","268800","268800","1","0","0","1","0","0","0","0","0","0","","ntoskrnl.exe","func@0x14045bf90","[Unknown]","0x14045bf90"
"func@0x140506268","0","268800","268800","1","0","0","1","0","0","0","0","0","0","","ntoskrnl.exe","func@0x140506268","[Unknown]","0x140506268"
"FsRtlReleaseEofLock","0","537600","537600","1","0","","","0","0","0","0","0","0","","ntoskrnl.exe","FsRtlReleaseEofLock","[Unknown]","0x140414c60"
"func@0x14043b5a1","0","0","268800","0","0","0","1","0","0","0","0","0","0","0","ntoskrnl.exe","func@0x14043b5a1","[Unknown]","0x14043b5a1"
"func@0x1403e19e0","0","268800","268800","1","0","","","0","0","0","0","0","0","","ntoskrnl.exe","func@0x1403e19e0","[Unknown]","0x1403e19e0"
"func@0x14043b484","0","0","268800","0","0","0","1","0","0","0","0","0","0","0","ntoskrnl.exe","func@0x14043b484","[Unknown]","0x14043b484"
"func@0x14032e9c5","0","268800","268800","1","0","0","1","0","0","0","0","0","0","","ntoskrnl.exe","func@0x14032e9c5","[Unknown]","0x14032e9c5"
"func@0x14044a735","0","268800","0","","0","0","1","0","0","0","0","0","0","","ntoskrnl.exe","func@0x14044a735","[Unknown]","0x14044a735"
"ExAllocateFromLookasideListEx","0","0","0","0","0","","","0","0","0","0","0","0","0","ntoskrnl.exe","ExAllocateFromLookasideListEx","[Unknown]","0x1403ec610"
"func@0x1403a4e10","0","0","268800","0","0","0","1","0","0","0","0","0","0","0","ntoskrnl.exe","func@0x1403a4e10","[Unknown]","0x1403a4e10"
"func@0x140465c4d","0","268800","0","","0","0","1","0","0","0","0","0","0","","ntoskrnl.exe","func@0x140465c4d","[Unknown]","0x140465c4d"
"func@0x14044a790","0","268800","268800","1","0","0","1","0","0","0","0","0","0","","ntoskrnl.exe","func@0x14044a790","[Unknown]","0x14044a790"
"func@0x14032e585","0","0","0","0","0","0","1","0","0","0","0","0","0","0","ntoskrnl.exe","func@0x14032e585","[Unknown]","0x14032e585"
"func@0x1404ade74","0","0","0","0","0","0","1","0","0","0","0","0","0","0","ntoskrnl.exe","func@0x1404ade74","[Unknown]","0x1404ade74"
"ExAllocatePool2","0","0","268800","0","0","0","1","0","0","0","0","0","0","0","ntoskrnl.exe","ExAllocatePool2","[Unknown]","0x140b690f0"
"func@0x1403ae090","0","268800","0","","0","0","1","0","0","0","0","0","0","","ntoskrnl.exe","func@0x1403ae090","[Unknown]","0x1403ae090"
"func@0x140304b70","0","268800","0","","0","0","1","0","0","0","0","0","0","","ntoskrnl.exe","func@0x140304b70","[Unknown]","0x140304b70"
"func@0x140252d30","0","0","0","0","0","0","1","0","0","0","0","0","0","0","ntoskrnl.exe","func@0x140252d30","[Unknown]","0x140252d30"
"IoGetActivityIdIrp","0","268800","0","","0","0","1","0","0","0","0","0","0","","ntoskrnl.exe","IoGetActivityIdIrp","[Unknown]","0x14041b5f0"
"func@0x1403cefaf","0","0","0","0","0","0","1","0","0","0","0","0","0","0","ntoskrnl.exe","func@0x1403cefaf","[Unknown]","0x1403cefaf"
"func@0x140262960","0","806400","537600","1.5","0","","","0","0","0","0","0","0","","ntoskrnl.exe","func@0x140262960","[Unknown]","0x140262960"
"ExFreeToLookasideListEx","0","0","0","0","0","0","1","0","0","0","0","0","0","0","ntoskrnl.exe","ExFreeToLookasideListEx","[Unknown]","0x1402108d0"
"func@0x1403129d0","0","0","0","0","0","0","1","0","0","0","0","0","0","0","ntoskrnl.exe","func@0x1403129d0","[Unknown]","0x1403129d0"
"func@0x1404f8930","0","537600","0","","0","0","1","0","0","0","0","0","0","","ntoskrnl.exe","func@0x1404f8930","[Unknown]","0x1404f8930"
"func@0x14030b800","0","1344000","537600","2.5","0","","","0","0","0","0","0","0","","ntoskrnl.exe","func@0x14030b800","[Unknown]","0x14030b800"
"func@0x1402ae452","0","268800","1075200","0.25","","","","0","0","0","0","0","0","","ntoskrnl.exe","func@0x1402ae452","[Unknown]","0x1402ae452"
"FsRtlAddBaseMcbEntryEx","0","1075200","806400","1.33333","0","0","1","0","0","0","0","0","0","","ntoskrnl.exe","FsRtlAddBaseMcbEntryEx","[Unknown]","0x1403dadd0"
"func@0x1403cf25c","0","0","0","0","0","0","1","0","0","0","0","0","0","0","ntoskrnl.exe","func@0x1403cf25c","[Unknown]","0x1403cf25c"
"func@0x1403229b9","0","0","268800","0","0","0","1","0","0","0","0","0","0","0","ntoskrnl.exe","func@0x1403229b9","[Unknown]","0x1403229b9"
"func@0x14030ccc4","0","268800","0","","0","0","1","0","0","0","0","0","0","","ntoskrnl.exe","func@0x14030ccc4","[Unknown]","0x14030ccc4"
"func@0x14041def0","0","268800","268800","1","0","0","1","0","0","0","0","0","0","","ntoskrnl.exe","func@0x14041def0","[Unknown]","0x14041def0"
"func@0x140358d90","0","0","0","0","0","0","1","0","0","0","0","0","0","0","ntoskrnl.exe","func@0x140358d90","[Unknown]","0x140358d90"
"func@0x140272930","0","268800","806400","0.333333","0","0","","","0","0","0","0","0","","ntoskrnl.exe","func@0x140272930","[Unknown]","0x140272930"
"func@0x140886b3e","0","0","268800","0","0","0","1","0","0","0","0","0","0","0","ntoskrnl.exe","func@0x140886b3e","[Unknown]","0x140886b3e"
"func@0x1402ad540","0","537600","806400","0.666667","0","0","1","0","0","0","0","0","0","","ntoskrnl.exe","func@0x1402ad540","[Unknown]","0x1402ad540"
"func@0x1402c5018","0","268800","537600","0.5","0","0","1","0","0","0","0","0","0","","ntoskrnl.exe","func@0x1402c5018","[Unknown]","0x1402c5018"
"func@0x1402e7680","0","0","0","0","0","0","1","0","0","0","0","0","0","0","ntoskrnl.exe","func@0x1402e7680","[Unknown]","0x1402e7680"
"func@0x140289bd0","0","0","0","0","0","0","1","0","0","0","0","0","0","0","ntoskrnl.exe","func@0x140289bd0","[Unknown]","0x140289bd0"
"IoGetIoPriorityHint","0","268800","268800","1","0","0","1","0","0","0","0","0","0","","ntoskrnl.exe","IoGetIoPriorityHint","[Unknown]","0x14041b740"
"func@0x1402fe230","0","268800","0","","0","0","1","0","0","0","0","0","0","","ntoskrnl.exe","func@0x1402fe230","[Unknown]","0x1402fe230"
"func@0x1402c4a94","0","0","0","0","0","0","1","0","0","0","0","0","0","0","ntoskrnl.exe","func@0x1402c4a94","[Unknown]","0x1402c4a94"
"IoGetRelatedDeviceObject","0","0","268800","0","0","0","1","0","0","0","0","0","0","0","ntoskrnl.exe","IoGetRelatedDeviceObject","[Unknown]","0x1402f1000"
"func@0x140436132","0","268800","268800","1","0","","","0","0","0","0","0","0","","ntoskrnl.exe","func@0x140436132","[Unknown]","0x140436132"
"func@0x140858550","0","0","268800","0","0","0","1","0","0","0","0","0","0","0","ntoskrnl.exe","func@0x140858550","[Unknown]","0x140858550"
"func@0x14026cf96","0","0","0","0","0","0","1","0","0","0","0","0","0","0","ntoskrnl.exe","func@0x14026cf96","[Unknown]","0x14026cf96"
"func@0x140274180","0","0","268800","0","0","0","1","0","0","0","0","0","0","0","ntoskrnl.exe","func@0x140274180","[Unknown]","0x140274180"
"func@0x140279e20","0","268800","806400","0.333333","0","0","1","0","0","0","0","0","0","","ntoskrnl.exe","func@0x140279e20","[Unknown]","0x140279e20"
"func@0x1402f2ef0","0","0","268800","0","0","0","1","0","0","0","0","0","0","0","ntoskrnl.exe","func@0x1402f2ef0","[Unknown]","0x1402f2ef0"
"func@0x1402502ad","0","0","0","0","0","0","1","0","0","0","0","0","0","0","ntoskrnl.exe","func@0x1402502ad","[Unknown]","0x1402502ad"
"IoQueueWorkItem","0","0","0","0","0","0","1","0","0","0","0","0","0","0","ntoskrnl.exe","IoQueueWorkItem","[Unknown]","0x140358d60"
"func@0x1404f6a74","0","0","0","0","0","","","0","0","0","0","0","0","0","ntoskrnl.exe","func@0x1404f6a74","[Unknown]","0x1404f6a74"
"CcCanIWrite","0","0","268800","0","0","0","1","0","0","0","0","0","0","0","ntoskrnl.exe","CcCanIWrite","[Unknown]","0x14020a2e0"
"func@0x140301547","0","268800","0","","0","0","1","0","0","0","0","0","0","","ntoskrnl.exe","func@0x140301547","[Unknown]","0x140301547"
"func@0x140254635","0","0","0","0","0","0","1","0","0","0","0","0","0","0","ntoskrnl.exe","func@0x140254635","[Unknown]","0x140254635"
"func@0x14039fba0","0","0","0","0","0","0","1","0","0","0","0","0","0","0","ntoskrnl.exe","func@0x14039fba0","[Unknown]","0x14039fba0"
"ExAllocatePoolWithTag","0","0","268800","0","0","0","1","0","0","0","0","0","0","0","ntoskrnl.exe","ExAllocatePoolWithTag","[Unknown]","0x140b69010"
"KeRcuReadUnlock","0","537600","537600","1","0","0","1","0","0","0","0","0","0","","ntoskrnl.exe","KeRcuReadUnlock","[Unknown]","0x140209f00"
"func@0x140302001","0","0","0","0","0","0","1","0","0","0","0","0","0","0","ntoskrnl.exe","func@0x140302001","[Unknown]","0x140302001"
"func@0x1403d1528","0","537600","1344000","0.4","","","","0","0","0","0","0","0","","ntoskrnl.exe","func@0x1403d1528","[Unknown]","0x1403d1528"
"KeCountSetBitsAffinityEx","0","0","0","0","0","","","0","0","0","0","0","0","0","ntoskrnl.exe","KeCountSetBitsAffinityEx","[Unknown]","0x1402867b0"
"func@0x1403cba40","0","268800","268800","1","0","0","1","0","0","0","0","0","0","","ntoskrnl.exe","func@0x1403cba40","[Unknown]","0x1403cba40"
"func@0x140257cc0","0","268800","0","","0","0","1","0","0","0","0","0","0","","ntoskrnl.exe","func@0x140257cc0","[Unknown]","0x140257cc0"
"func@0x140506ae0","0","0","0","0","0","0","1","0","0","0","0","0","0","0","ntoskrnl.exe","func@0x140506ae0","[Unknown]","0x140506ae0"
"func@0x140384d44","0","0","0","0","0","0","1","0","0","0","0","0","0","0","ntoskrnl.exe","func@0x140384d44","[Unknown]","0x140384d44"
"func@0x1403239f0","0","0","0","0","0","0","1","0","0","0","0","0","0","0","ntoskrnl.exe","func@0x1403239f0","[Unknown]","0x1403239f0"
"func@0x1403e0f60","0","0","268800","0","0","0","1","0","0","0","0","0","0","0","ntoskrnl.exe","func@0x1403e0f60","[Unknown]","0x1403e0f60"
"func@0x14025f0d8","0","0","268800","0","0","0","1","0","0","0","0","0","0","0","ntoskrnl.exe","func@0x14025f0d8","[Unknown]","0x14025f0d8"
"func@0x1406b06e0","0","0","268800","0","0","0","1","0","0","0","0","0","0","0","ntoskrnl.exe","func@0x1406b06e0","[Unknown]","0x1406b06e0"
"KeEnterCriticalRegion","0","268800","0","","0","0","1","0","0","0","0","0","0","","ntoskrnl.exe","KeEnterCriticalRegion","[Unknown]","0x14043df30"
"func@0x1402578e0","0","0","0","0","0","0","1","0","0","0","0","0","0","0","ntoskrnl.exe","func@0x1402578e0","[Unknown]","0x1402578e0"
"func@0x1403cc940","0","268800","268800","1","0","0","1","0","0","0","0","0","0","","ntoskrnl.exe","func@0x1403cc940","[Unknown]","0x1403cc940"
"ExIsResourceAcquiredExclusiveLite","0","0","268800","0","0","0","1","0","0","0","0","0","0","0","ntoskrnl.exe","ExIsResourceAcquiredExclusiveLite","[Unknown]","0x1404160c0"
"func@0x1402aabf4","0","0","268800","0","0","0","1","0","0","0","0","0","0","0","ntoskrnl.exe","func@0x1402aabf4","[Unknown]","0x1402aabf4"
"func@0x14020c364","0","0","268800","0","0","0","1","0","0","0","0","0","0","0","ntoskrnl.exe","func@0x14020c364","[Unknown]","0x14020c364"
"func@0x14043b163","0","268800","0","","0","0","1","0","0","0","0","0","0","","ntoskrnl.exe","func@0x14043b163","[Unknown]","0x14043b163"
"func@0x1403c424d","0","0","0","0","0","0","1","0","0","0","0","0","0","0","ntoskrnl.exe","func@0x1403c424d","[Unknown]","0x1403c424d"
"PsReturnProcessNonPagedPoolQuota","0","268800","268800","1","0","0","1","0","0","0","0","0","0","","ntoskrnl.exe","PsReturnProcessNonPagedPoolQuota","[Unknown]","0x14043dce0"
"func@0x14043ada0","0","0","268800","0","0","","","0","0","0","0","0","0","0","ntoskrnl.exe","func@0x14043ada0","[Unknown]","0x14043ada0"
"func@0x14026b820","0","0","268800","0","0","0","1","0","0","0","0","0","0","0","ntoskrnl.exe","func@0x14026b820","[Unknown]","0x14026b820"
"func@0x1402defc9","0","0","537600","0","0","0","1","0","0","0","0","0","0","0","ntoskrnl.exe","func@0x1402defc9","[Unknown]","0x1402defc9"
"ExpInterlockedFlushSList","0","537600","0","","0","0","1","0","0","0","0","0","0","","ntoskrnl.exe","ExpInterlockedFlushSList","[Unknown]","0x1406ae300"
"func@0x140260440","0","268800","0","","0","0","1","0","0","0","0","0","0","","ntoskrnl.exe","func@0x140260440","[Unknown]","0x140260440"
"func@0x140312a74","0","0","0","0","0","0","1","0","0","0","0","0","0","0","ntoskrnl.exe","func@0x140312a74","[Unknown]","0x140312a74"
"func@0x140313e9c","0","268800","0","","0","0","1","0","0","0","0","0","0","","ntoskrnl.exe","func@0x140313e9c","[Unknown]","0x140313e9c"
"func@0x14036f620","0","268800","0","","","0","","0","0","0","0","0","0","","ntoskrnl.exe","func@0x14036f620","[Unknown]","0x14036f620"
"func@0x1402f1630","0","0","0","0","0","0","1","0","0","0","0","0","0","0","ntoskrnl.exe","func@0x1402f1630","[Unknown]","0x1402f1630"
"func@0x14036ac30","0","0","268800","0","0","0","1","0","0","0","0","0","0","0","ntoskrnl.exe","func@0x14036ac30","[Unknown]","0x14036ac30"
"func@0x140323a10","0","0","0","0","0","0","1","0","0","0","0","0","0","0","ntoskrnl.exe","func@0x140323a10","[Unknown]","0x140323a10"
"func@0x14027e100","0","0","0","0","0","","","0","0","0","0","0","0","0","ntoskrnl.exe","func@0x14027e100","[Unknown]","0x14027e100"
"CcSetFileSizesEx","0","0","0","0","0","0","1","0","0","0","0","0","0","0","ntoskrnl.exe","CcSetFileSizesEx","[Unknown]","0x140344390"
"IoGetTransactionParameterBlock","0","0","0","0","0","","","0","0","0","0","0","0","0","ntoskrnl.exe","IoGetTransactionParameterBlock","[Unknown]","0x140428dc0"
"func@0x1402c4d3a","0","268800","0","","0","0","","","0","0","0","0","0","","ntoskrnl.exe","func@0x1402c4d3a","[Unknown]","0x1402c4d3a"
"func@0x1402a19ee","0","0","268800","0","0","0","1","0","0","0","0","0","0","0","ntoskrnl.exe","func@0x1402a19ee","[Unknown]","0x1402a19ee"
"func@0x1402998bd","0","0","0","0","0","0","1","0","0","0","0","0","0","0","ntoskrnl.exe","func@0x1402998bd","[Unknown]","0x1402998bd"
"func@0x1402dd4a0","0","268800","0","","0","0","1","0","0","0","0","0","0","","ntoskrnl.exe","func@0x1402dd4a0","[Unknown]","0x1402dd4a0"
"func@0x140239250","0","537600","537600","1","0","","","0","0","0","0","0","0","","ntoskrnl.exe","func@0x140239250","[Unknown]","0x140239250"
"func@0x1403717f0","0","0","0","0","0","0","1","0","0","0","0","0","0","0","ntoskrnl.exe","func@0x1403717f0","[Unknown]","0x1403717f0"
"func@0x1402c5f82","0","0","0","0","0","0","1","0","0","0","0","0","0","0","ntoskrnl.exe","func@0x1402c5f82","[Unknown]","0x1402c5f82"
"func@0x14036a140","0","0","268800","0","0","0","1","0","0","0","0","0","0","0","ntoskrnl.exe","func@0x14036a140","[Unknown]","0x14036a140"
"func@0x14036ecad","0","268800","537600","0.5","0","0","1","0","0","0","0","0","0","","ntoskrnl.exe","func@0x14036ecad","[Unknown]","0x14036ecad"
"func@0x140284b00","0","0","268800","0","0","0","1","0","0","0","0","0","0","0","ntoskrnl.exe","func@0x140284b00","[Unknown]","0x140284b00"
"func@0x1402dee50","0","268800","268800","1","0","","","0","0","0","0","0","0","","ntoskrnl.exe","func@0x1402dee50","[Unknown]","0x1402dee50"
"func@0x140209ac8","0","0","0","0","0","0","1","0","0","0","0","0","0","0","ntoskrnl.exe","func@0x140209ac8","[Unknown]","0x140209ac8"
"func@0x14025d75f","0","0","268800","0","0","0","1","0","0","0","0","0","0","0","ntoskrnl.exe","func@0x14025d75f","[Unknown]","0x14025d75f"
"func@0x1402c60b0","0","0","0","0","0","0","1","0","0","0","0","0","0","0","ntoskrnl.exe","func@0x1402c60b0","[Unknown]","0x1402c60b0"
"func@0x140301320","0","268800","0","","0","0","1","0","0","0","0","0","0","","ntoskrnl.exe","func@0x140301320","[Unknown]","0x140301320"
"func@0x14047eba8","0","0","0","0","0","0","1","0","0","0","0","0","0","0","ntoskrnl.exe","func@0x14047eba8","[Unknown]","0x14047eba8"
"ObfDereferenceObject","0","268800","268800","1","","","","0","0","0","0","0","0","","ntoskrnl.exe","ObfDereferenceObject","[Unknown]","0x140361640"
"func@0x1404146ba","0","0","806400","0","0","0","1","0","0","0","0","0","0","0","ntoskrnl.exe","func@0x1404146ba","[Unknown]","0x1404146ba"
"func@0x14041ec68","0","0","0","0","0","","","0","0","0","0","0","0","0","ntoskrnl.exe","func@0x14041ec68","[Unknown]","0x14041ec68"
"func@0x14021a9a1","0","0","268800","0","0","0","1","0","0","0","0","0","0","0","ntoskrnl.exe","func@0x14021a9a1","[Unknown]","0x14021a9a1"
"KeCheckProcessorAffinityEx","0","0","268800","0","","0","","0","0","0","0","0","0","0","ntoskrnl.exe","KeCheckProcessorAffinityEx","[Unknown]","0x1403f2900"
"func@0x14042826a","0","0","268800","0","0","0","1","0","0","0","0","0","0","0","ntoskrnl.exe","func@0x14042826a","[Unknown]","0x14042826a"
"func@0x1402697d0","0","0","268800","0","0","0","1","0","0","0","0","0","0","0","ntoskrnl.exe","func@0x1402697d0","[Unknown]","0x1402697d0"
"func@0x1402cd960","0","268800","0","","0","0","1","0","0","0","0","0","0","","ntoskrnl.exe","func@0x1402cd960","[Unknown]","0x1402cd960"
"func@0x1403be080","0","268800","0","","0","0","1","0","0","0","0","0","0","","ntoskrnl.exe","func@0x1403be080","[Unknown]","0x1403be080"
"func@0x140a5634c","0","268800","0","","0","0","1","0","0","0","0","0","0","","ntoskrnl.exe","func@0x140a5634c","[Unknown]","0x140a5634c"
"func@0x1403bbc03","0","0","0","0","0","0","1","0","0","0","0","0","0","0","ntoskrnl.exe","func@0x1403bbc03","[Unknown]","0x1403bbc03"
"ExfTryToWakePushLock","0","0","0","0","0","0","1","0","0","0","0","0","0","0","ntoskrnl.exe","ExfTryToWakePushLock","[Unknown]","0x1403dd910"
"func@0x140249860","0","268800","0","","0","0","1","0","0","0","0","0","0","","ntoskrnl.exe","func@0x140249860","[Unknown]","0x140249860"
"func@0x140273923","0","0","0","0","0","0","1","0","0","0","0","0","0","0","ntoskrnl.exe","func@0x140273923","[Unknown]","0x140273923"
"func@0x1403ef640","0","268800","0","","0","0","1","0","0","0","0","0","0","","ntoskrnl.exe","func@0x1403ef640","[Unknown]","0x1403ef640"
"func@0x1402c988e","0","537600","0","","0","0","1","0","0","0","0","0","0","","ntoskrnl.exe","func@0x1402c988e","[Unknown]","0x1402c988e"
"func@0x1402c3775","0","268800","0","","0","0","1","0","0","0","0","0","0","","ntoskrnl.exe","func@0x1402c3775","[Unknown]","0x1402c3775"
"ExAcquirePushLockExclusiveEx","0","268800","806400","0.333333","","0","","0","0","0","0","0","0","","ntoskrnl.exe","ExAcquirePushLockExclusiveEx","[Unknown]","0x140322b10"
"func@0x1403fd190","0","537600","537600","1","0","0","1","0","0","0","0","0","0","","ntoskrnl.exe","func@0x1403fd190","[Unknown]","0x1403fd190"
"func@0x1402b61e4","0","268800","0","","0","0","1","0","0","0","0","0","0","","ntoskrnl.exe","func@0x1402b61e4","[Unknown]","0x1402b61e4"
"func@0x140914b8e","0","268800","0","","0","0","1","0","0","0","0","0","0","","ntoskrnl.exe","func@0x140914b8e","[Unknown]","0x140914b8e"
"func@0x1402a2162","0","0","0","0","0","0","1","0","0","0","0","0","0","0","ntoskrnl.exe","func@0x1402a2162","[Unknown]","0x1402a2162"
"func@0x140250293","0","537600","537600","1","0","0","","","0","0","0","0","0","","ntoskrnl.exe","func@0x140250293","[Unknown]","0x140250293"
"func@0x140242f30","0","0","0","0","0","0","1","0","0","0","0","0","0","0","ntoskrnl.exe","func@0x140242f30","[Unknown]","0x140242f30"
"func@0x1403db3c0","0","0","0","0","0","","","0","0","0","0","0","0","0","ntoskrnl.exe","func@0x1403db3c0","[Unknown]","0x1403db3c0"
"func@0x140471e5e","0","268800","0","","0","0","1","0","0","0","0","0","0","","ntoskrnl.exe","func@0x140471e5e","[Unknown]","0x140471e5e"
"func@0x14022e9a1","0","268800","0","","0","0","1","0","0","0","0","0","0","","ntoskrnl.exe","func@0x14022e9a1","[Unknown]","0x14022e9a1"
"func@0x1403c8732","0","268800","0","","0","0","1","0","0","0","0","0","0","","ntoskrnl.exe","func@0x1403c8732","[Unknown]","0x1403c8732"
"func@0x1402ff09d","0","0","0","0","0","0","1","0","0","0","0","0","0","0","ntoskrnl.exe","func@0x1402ff09d","[Unknown]","0x1402ff09d"
"func@0x14036e430","0","537600","268800","2","0","0","1","0","0","0","0","0","0","","ntoskrnl.exe","func@0x14036e430","[Unknown]","0x14036e430"
"ObfDereferenceObjectWithTag","0","268800","0","","0","0","1","0","0","0","0","0","0","","ntoskrnl.exe","ObfDereferenceObjectWithTag","[Unknown]","0x140305000"
"ExAcquireRundownProtectionCacheAware","0","268800","0","","0","0","1","0","0","0","0","0","0","","ntoskrnl.exe","ExAcquireRundownProtectionCacheAware","[Unknown]","0x1402a6450"
"func@0x1404055d4","0","268800","0","","0","0","1","0","0","0","0","0","0","","ntoskrnl.exe","func@0x1404055d4","[Unknown]","0x1404055d4"
"func@0x140311c90","0","268800","268800","1","0","0","1","0","0","0","0","0","0","","ntoskrnl.exe","func@0x140311c90","[Unknown]","0x140311c90"
"func@0x14028b8a0","0","806400","0","","0","","","0","0","0","0","0","0","","ntoskrnl.exe","func@0x14028b8a0","[Unknown]","0x14028b8a0"
"func@0x1402d1680","0","268800","0","","0","0","1","0","0","0","0","0","0","","ntoskrnl.exe","func@0x1402d1680","[Unknown]","0x1402d1680"
"func@0x140976a20","0","0","268800","0","0","0","1","0","0","0","0","0","0","0","ntoskrnl.exe","func@0x140976a20","[Unknown]","0x140976a20"
"func@0x140242f60","0","0","806400","0","0","","","0","0","0","0","0","0","0","ntoskrnl.exe","func@0x140242f60","[Unknown]","0x140242f60"
"func@0x140253090","0","0","0","0","0","0","1","0","0","0","0","0","0","0","ntoskrnl.exe","func@0x140253090","[Unknown]","0x140253090"
"FsRtlGetNextBaseMcbEntry","0","0","0","0","0","0","1","0","0","0","0","0","0","0","ntoskrnl.exe","FsRtlGetNextBaseMcbEntry","[Unknown]","0x1404180d0"
"func@0x1402266b7","0","0","0","0","0","","","0","0","0","0","0","0","0","ntoskrnl.exe","func@0x1402266b7","[Unknown]","0x1402266b7"
"func@0x1403b5e40","0","0","0","0","0","0","1","0","0","0","0","0","0","0","ntoskrnl.exe","func@0x1403b5e40","[Unknown]","0x1403b5e40"
"func@0x140309c30","0","0","0","0","0","0","1","0","0","0","0","0","0","0","ntoskrnl.exe","func@0x140309c30","[Unknown]","0x140309c30"
"func@0x140295f40","0","0","268800","0","0","0","1","0","0","0","0","0","0","0","ntoskrnl.exe","func@0x140295f40","[Unknown]","0x140295f40"
"func@0x140272dd0","0","268800","0","","0","0","1","0","0","0","0","0","0","","ntoskrnl.exe","func@0x140272dd0","[Unknown]","0x140272dd0"
"KeSetTimer","0","268800","0","","0","0","1","0","0","0","0","0","0","","ntoskrnl.exe","KeSetTimer","[Unknown]","0x140350f60"
"func@0x14025e1e0","0","0","268800","0","0","0","1","0","0","0","0","0","0","0","ntoskrnl.exe","func@0x14025e1e0","[Unknown]","0x14025e1e0"
"func@0x1402b21d0","0","268800","268800","1","0","0","1","0","0","0","0","0","0","","ntoskrnl.exe","func@0x1402b21d0","[Unknown]","0x1402b21d0"
"std::basic_ostream<char,struct std::char_traits<char> >::operator<<","0","0","0","0","0","","","0","0","0","0","0","0","0","msvcp140.dll","std::basic_ostream<char,struct std::char_traits<char> >::operator<<(unsigned int)","[Unknown]","0x180042c30"
"func@0x140393344","0","0","268800","0","0","0","1","0","0","0","0","0","0","0","ntoskrnl.exe","func@0x140393344","[Unknown]","0x140393344"
"RtlAnsiCharToUnicodeChar","0","0","0","0","0","0","1","0","0","0","0","0","0","0","ntoskrnl.exe","RtlAnsiCharToUnicodeChar","[Unknown]","0x1408a8d00"
"func@0x1402aded6","0","0","0","0","0","0","1","0","0","0","0","0","0","0","ntoskrnl.exe","func@0x1402aded6","[Unknown]","0x1402aded6"
"ExAcquireSpinLockShared","0","0","0","0","0","0","1","0","0","0","0","0","0","0","ntoskrnl.exe","ExAcquireSpinLockShared","[Unknown]","0x1402b42f0"
"func@0x1402b28f8","0","0","268800","0","0","0","1","0","0","0","0","0","0","0","ntoskrnl.exe","func@0x1402b28f8","[Unknown]","0x1402b28f8"
"func@0x140441c00","0","0","268800","0","0","0","1","0","0","0","0","0","0","0","ntoskrnl.exe","func@0x140441c00","[Unknown]","0x140441c00"
"PfFileInfoNotify","0","268800","0","","0","0","1","0","0","0","0","0","0","","ntoskrnl.exe","PfFileInfoNotify","[Unknown]","0x140256c60"
"func@0x140252520","0","0","0","0","0","0","1","0","0","0","0","0","0","0","ntoskrnl.exe","func@0x140252520","[Unknown]","0x140252520"
"func@0x1402870a8","0","0","537600","0","0","0","1","0","0","0","0","0","0","0","ntoskrnl.exe","func@0x1402870a8","[Unknown]","0x1402870a8"
"func@0x14023f66d","0","0","268800","0","0","0","1","0","0","0","0","0","0","0","ntoskrnl.exe","func@0x14023f66d","[Unknown]","0x14023f66d"
"func@0x1402e1fab","0","537600","0","","0","0","1","0","0","0","0","0","0","","ntoskrnl.exe","func@0x1402e1fab","[Unknown]","0x1402e1fab"
"func@0x14027ad80","0","0","0","0","0","0","1","0","0","0","0","0","0","0","ntoskrnl.exe","func@0x14027ad80","[Unknown]","0x14027ad80"
"KeEnterGuardedRegion","0","0","268800","0","0","0","1","0","0","0","0","0","0","0","ntoskrnl.exe","KeEnterGuardedRegion","[Unknown]","0x14043eb30"
"func@0x14044f9f6","0","0","0","0","0","0","1","0","0","0","0","0","0","0","ntoskrnl.exe","func@0x14044f9f6","[Unknown]","0x14044f9f6"
"func@0x1402ba060","0","0","0","0","0","0","1","0","0","0","0","0","0","0","ntoskrnl.exe","func@0x1402ba060","[Unknown]","0x1402ba060"
"func@0x14023ef50","0","0","268800","0","0","0","1","0","0","0","0","0","0","0","ntoskrnl.exe","func@0x14023ef50","[Unknown]","0x14023ef50"
"func@0x140275f89","0","537600","0","","0","0","1","0","0","0","0","0","0","","ntoskrnl.exe","func@0x140275f89","[Unknown]","0x140275f89"
"func@0x140852cd0","0","0","268800","0","0","0","1","0","0","0","0","0","0","0","ntoskrnl.exe","func@0x140852cd0","[Unknown]","0x140852cd0"
"PsGetProcessImageFileName","0","0","0","0","0","0","1","0","0","0","0","0","0","0","ntoskrnl.exe","PsGetProcessImageFileName","[Unknown]","0x1404669b0"
"func@0x140267492","0","268800","1344000","0.2","0","","","0","0","0","0","0","0","","ntoskrnl.exe","func@0x140267492","[Unknown]","0x140267492"
"func@0x140368890","0","0","0","0","0","","","0","0","0","0","0","0","0","ntoskrnl.exe","func@0x140368890","[Unknown]","0x140368890"
"func@0x140322b90","0","0","0","0","0","0","1","0","0","0","0","0","0","0","ntoskrnl.exe","func@0x140322b90","[Unknown]","0x140322b90"
"func@0x1403cdf2a","0","0","0","0","0","0","1","0","0","0","0","0","0","0","ntoskrnl.exe","func@0x1403cdf2a","[Unknown]","0x1403cdf2a"
"KePulseEvent","0","0","0","0","0","0","1","0","0","0","0","0","0","0","ntoskrnl.exe","KePulseEvent","[Unknown]","0x140481180"
"func@0x1402997e0","0","0","268800","0","0","0","1","0","0","0","0","0","0","0","ntoskrnl.exe","func@0x1402997e0","[Unknown]","0x1402997e0"
"func@0x1402e5ecc","0","0","537600","0","0","0","1","0","0","0","0","0","0","0","ntoskrnl.exe","func@0x1402e5ecc","[Unknown]","0x1402e5ecc"
"func@0x1402bda50","0","806400","0","","0","","","0","0","0","0","0","0","","ntoskrnl.exe","func@0x1402bda50","[Unknown]","0x1402bda50"
"func@0x140224c90","0","268800","0","","0","0","1","0","0","0","0","0","0","","ntoskrnl.exe","func@0x140224c90","[Unknown]","0x140224c90"
"func@0x1402b8879","0","268800","0","","0","0","1","0","0","0","0","0","0","","ntoskrnl.exe","func@0x1402b8879","[Unknown]","0x1402b8879"
"func@0x1409b5860","0","0","0","0","0","0","1","0","0","0","0","0","0","0","ntoskrnl.exe","func@0x1409b5860","[Unknown]","0x1409b5860"
"func@0x14022141c","0","0","268800","0","0","0","1","0","0","0","0","0","0","0","ntoskrnl.exe","func@0x14022141c","[Unknown]","0x14022141c"
"func@0x1404321e0","0","0","0","0","0","0","1","0","0","0","0","0","0","0","ntoskrnl.exe","func@0x1404321e0","[Unknown]","0x1404321e0"
"func@0x140bb0340","0","268800","0","","0","0","1","0","0","0","0","0","0","","ntoskrnl.exe","func@0x140bb0340","[Unknown]","0x140bb0340"
"func@0x140242704","0","0","0","0","0","0","1","0","0","0","0","0","0","0","ntoskrnl.exe","func@0x140242704","[Unknown]","0x140242704"
"func@0x1403e6490","0","0","537600","0","0","0","1","0","0","0","0","0","0","0","ntoskrnl.exe","func@0x1403e6490","[Unknown]","0x1403e6490"
"SeAccessCheckWithHint","0","268800","0","","0","0","1","0","0","0","0","0","0","","ntoskrnl.exe","SeAccessCheckWithHint","[Unknown]","0x14037e020"
"func@0x1403619ea","0","806400","0","","0","0","1","0","0","0","0","0","0","","ntoskrnl.exe","func@0x1403619ea","[Unknown]","0x1403619ea"
"func@0x140239700","0","0","0","0","0","0","1","0","0","0","0","0","0","0","ntoskrnl.exe","func@0x140239700","[Unknown]","0x140239700"
"func@0x14041e82c","0","806400","0","","0","0","1","0","0","0","0","0","0","","ntoskrnl.exe","func@0x14041e82c","[Unknown]","0x14041e82c"
"RtlRbInsertNodeEx","0","268800","0","","0","","","0","0","0","0","0","0","","ntoskrnl.exe","RtlRbInsertNodeEx","[Unknown]","0x1402fee20"
"func@0x140303995","0","268800","0","","0","0","1","0","0","0","0","0","0","","ntoskrnl.exe","func@0x140303995","[Unknown]","0x140303995"
"func@0x1402869b0","0","268800","268800","1","0","","","0","0","0","0","0","0","","ntoskrnl.exe","func@0x1402869b0","[Unknown]","0x1402869b0"
"wcsnicmp","0","268800","806400","0.333333","0","0","1","0","0","0","0","0","0","","ntoskrnl.exe","wcsnicmp","[Unknown]","0x1405030c0"
"KeFindFirstSetRightAffinityEx","0","537600","268800","2","0","","","0","0","0","0","0","0","","ntoskrnl.exe","KeFindFirstSetRightAffinityEx","[Unknown]","0x14047bf00"
"func@0x14028d7d4","0","268800","0","","0","0","1","0","0","0","0","0","0","","ntoskrnl.exe","func@0x14028d7d4","[Unknown]","0x14028d7d4"
"func@0x1402bdb36","0","537600","0","","0","0","1","0","0","0","0","0","0","","ntoskrnl.exe","func@0x1402bdb36","[Unknown]","0x1402bdb36"
"func@0x140288ddd","0","268800","0","","0","0","1","0","0","0","0","0","0","","ntoskrnl.exe","func@0x140288ddd","[Unknown]","0x140288ddd"
"func@0x1409b4db0","0","0","0","0","0","0","1","0","0","0","0","0","0","0","ntoskrnl.exe","func@0x1409b4db0","[Unknown]","0x1409b4db0"
"func@0x1402e46fc","0","537600","1881600","0.285714","","","","0","0","0","0","0","0","","ntoskrnl.exe","func@0x1402e46fc","[Unknown]","0x1402e46fc"
"func@0x1402aa5bc","0","0","806400","0","0","0","1","0","0","0","0","0","0","0","ntoskrnl.exe","func@0x1402aa5bc","[Unknown]","0x1402aa5bc"
"func@0x1403e8868","0","806400","1612800","0.5","","0","","0","0","0","0","0","0","","ntoskrnl.exe","func@0x1403e8868","[Unknown]","0x1403e8868"
"func@0x140257014","0","268800","0","","0","0","1","0","0","0","0","0","0","","ntoskrnl.exe","func@0x140257014","[Unknown]","0x140257014"
"func@0x140253300","0","268800","0","","0","0","1","0","0","0","0","0","0","","ntoskrnl.exe","func@0x140253300","[Unknown]","0x140253300"
"func@0x140253a9c","0","0","0","0","0","0","1","0","0","0","0","0","0","0","ntoskrnl.exe","func@0x140253a9c","[Unknown]","0x140253a9c"
"func@0x140228000","0","268800","268800","1","0","0","1","0","0","0","0","0","0","","ntoskrnl.exe","func@0x140228000","[Unknown]","0x140228000"
"func@0x14026853c","0","268800","1881600","0.142857","0","0","1","0","0","0","0","0","0","","ntoskrnl.exe","func@0x14026853c","[Unknown]","0x14026853c"
"func@0x1408566b0","0","0","537600","0","0","","","0","0","0","0","0","0","0","ntoskrnl.exe","func@0x1408566b0","[Unknown]","0x1408566b0"
"func@0x140275c20","0","268800","0","","0","0","1","0","0","0","0","0","0","","ntoskrnl.exe","func@0x140275c20","[Unknown]","0x140275c20"
"func@0x1402b1cc0","0","0","268800","0","0","0","1","0","0","0","0","0","0","0","ntoskrnl.exe","func@0x1402b1cc0","[Unknown]","0x1402b1cc0"
"func@0x1402af070","0","537600","268800","2","0","0","1","0","0","0","0","0","0","","ntoskrnl.exe","func@0x1402af070","[Unknown]","0x1402af070"
"func@0x14027d6ca","0","0","268800","0","0","0","1","0","0","0","0","0","0","0","ntoskrnl.exe","func@0x14027d6ca","[Unknown]","0x14027d6ca"
"func@0x1402c2fb1","0","0","0","0","0","0","","","0","0","0","0","0","0","ntoskrnl.exe","func@0x1402c2fb1","[Unknown]","0x1402c2fb1"
"func@0x140856e00","0","537600","268800","2","0","","","0","0","0","0","0","0","","ntoskrnl.exe","func@0x140856e00","[Unknown]","0x140856e00"
"func@0x140288471","0","268800","537600","0.5","","0","","0","0","0","0","0","0","","ntoskrnl.exe","func@0x140288471","[Unknown]","0x140288471"
"func@0x1402501f0","0","1075200","537600","2","0","0","1","0","0","0","0","0","0","","ntoskrnl.exe","func@0x1402501f0","[Unknown]","0x1402501f0"
"func@0x1402eac10","0","0","268800","0","0","0","1","0","0","0","0","0","0","0","ntoskrnl.exe","func@0x1402eac10","[Unknown]","0x1402eac10"
"func@0x1402c92d0","0","537600","0","","0","","","0","0","0","0","0","0","","ntoskrnl.exe","func@0x1402c92d0","[Unknown]","0x1402c92d0"
"func@0x1402bae40","0","268800","268800","1","0","0","1","0","0","0","0","0","0","","ntoskrnl.exe","func@0x1402bae40","[Unknown]","0x1402bae40"
"func@0x14029a050","0","0","268800","0","0","0","1","0","0","0","0","0","0","0","ntoskrnl.exe","func@0x14029a050","[Unknown]","0x14029a050"
"func@0x14096dd20","0","0","0","0","0","0","1","0","0","0","0","0","0","0","ntoskrnl.exe","func@0x14096dd20","[Unknown]","0x14096dd20"
"func@0x1404827a0","0","0","0","0","0","0","1","0","0","0","0","0","0","0","ntoskrnl.exe","func@0x1404827a0","[Unknown]","0x1404827a0"
"func@0x140287120","0","0","1075200","0","0","","","0","0","0","0","0","0","0","ntoskrnl.exe","func@0x140287120","[Unknown]","0x140287120"
"func@0x140299d5c","0","268800","0","","0","0","1","0","0","0","0","0","0","","ntoskrnl.exe","func@0x140299d5c","[Unknown]","0x140299d5c"
"KeLeaveGuardedRegion","0","268800","0","","0","0","1","0","0","0","0","0","0","","ntoskrnl.exe","KeLeaveGuardedRegion","[Unknown]","0x14036ba10"
"func@0x1408c9e67","0","0","0","0","0","0","1","0","0","0","0","0","0","0","ntoskrnl.exe","func@0x1408c9e67","[Unknown]","0x1408c9e67"
"func@0x14036f0a0","0","268800","0","","0","0","1","0","0","0","0","0","0","","ntoskrnl.exe","func@0x14036f0a0","[Unknown]","0x14036f0a0"
"func@0x140244110","0","0","0","0","0","0","1","0","0","0","0","0","0","0","ntoskrnl.exe","func@0x140244110","[Unknown]","0x140244110"
"func@0x14032faf0","0","268800","0","","0","0","1","0","0","0","0","0","0","","ntoskrnl.exe","func@0x14032faf0","[Unknown]","0x14032faf0"
"func@0x140433160","0","0","0","0","0","","","0","0","0","0","0","0","0","ntoskrnl.exe","func@0x140433160","[Unknown]","0x140433160"
"func@0x140269b10","0","0","268800","0","0","0","1","0","0","0","0","0","0","0","ntoskrnl.exe","func@0x140269b10","[Unknown]","0x140269b10"
"func@0x1402dcb6f","0","0","806400","0","0","0","1","0","0","0","0","0","0","0","ntoskrnl.exe","func@0x1402dcb6f","[Unknown]","0x1402dcb6f"
"func@0x1402e9080","0","0","0","0","0","0","1","0","0","0","0","0","0","0","ntoskrnl.exe","func@0x1402e9080","[Unknown]","0x1402e9080"
"func@0x140268fc0","0","537600","0","","0","0","1","0","0","0","0","0","0","","ntoskrnl.exe","func@0x140268fc0","[Unknown]","0x140268fc0"
"func@0x1402b1d40","0","806400","537600","1.5","0","0","1","0","0","0","0","0","0","","ntoskrnl.exe","func@0x1402b1d40","[Unknown]","0x1402b1d40"
"func@0x140309e2f","0","537600","268800","2","0","0","1","0","0","0","0","0","0","","ntoskrnl.exe","func@0x140309e2f","[Unknown]","0x140309e2f"
"func@0x14013cef0","0","0","0","0","0","","","0","0","0","0","0","0","0","igdkmdn64.sys","func@0x14013cef0","[Unknown]","0x14013cef0"
"func@0x140045270","0","0","0","0","0","0","1","0","0","0","0","0","0","0","igdkmdn64.sys","func@0x140045270","[Unknown]","0x140045270"
"func@0x140318110","0","0","0","0","0","0","1","0","0","0","0","0","0","0","igdkmdn64.sys","func@0x140318110","[Unknown]","0x140318110"
"func@0x140055140","0","0","0","0","0","0","1","0","0","0","0","0","0","0","igdkmdn64.sys","func@0x140055140","[Unknown]","0x140055140"
"func@0x14004af80","0","0","268800","0","0","0","1","0","0","0","0","0","0","0","igdkmdn64.sys","func@0x14004af80","[Unknown]","0x14004af80"
"func@0x140021e30","0","268800","0","","0","","","0","0","0","0","0","0","","igdkmdn64.sys","func@0x140021e30","[Unknown]","0x140021e30"
"func@0x1408e78a5","0","268800","0","","0","0","1","0","0","0","0","0","0","","ntoskrnl.exe","func@0x1408e78a5","[Unknown]","0x1408e78a5"
"func@0x1400563b0","0","0","0","0","0","0","1","0","0","0","0","0","0","0","igdkmdn64.sys","func@0x1400563b0","[Unknown]","0x1400563b0"
"func@0x14004ad80","0","268800","0","","0","","","0","0","0","0","0","0","","igdkmdn64.sys","func@0x14004ad80","[Unknown]","0x14004ad80"
"func@0x14014ce00","0","0","0","0","0","","","0","0","0","0","0","0","0","igdkmdn64.sys","func@0x14014ce00","[Unknown]","0x14014ce00"
"func@0x14012fb90","0","268800","0","","0","0","1","0","0","0","0","0","0","","igdkmdn64.sys","func@0x14012fb90","[Unknown]","0x14012fb90"
"func@0x14034b7a0","0","0","0","0","","0","","0","0","0","0","0","0","0","igdkmdn64.sys","func@0x14034b7a0","[Unknown]","0x14034b7a0"
"func@0x140042e40","0","0","0","0","0","","","0","0","0","0","0","0","0","igdkmdn64.sys","func@0x140042e40","[Unknown]","0x140042e40"
"func@0x140142530","0","0","0","0","0","","","0","0","0","0","0","0","0","igdkmdn64.sys","func@0x140142530","[Unknown]","0x140142530"
"func@0x140104780","0","268800","0","","0","0","1","0","0","0","0","0","0","","igdkmdn64.sys","func@0x140104780","[Unknown]","0x140104780"
"func@0x140181a00","0","268800","0","","0","0","1","0","0","0","0","0","0","","igdkmdn64.sys","func@0x140181a00","[Unknown]","0x140181a00"
"func@0x140222ae8","0","0","268800","0","0","0","1","0","0","0","0","0","0","0","igdkmdn64.sys","func@0x140222ae8","[Unknown]","0x140222ae8"
"func@0x1403279f0","0","0","268800","0","0","0","1","0","0","0","0","0","0","0","igdkmdn64.sys","func@0x1403279f0","[Unknown]","0x1403279f0"
"func@0x140425550","0","268800","0","","0","0","1","0","0","0","0","0","0","","igdkmdn64.sys","func@0x140425550","[Unknown]","0x140425550"
"func@0x1400503c0","0","268800","0","","0","0","1","0","0","0","0","0","0","","igdkmdn64.sys","func@0x1400503c0","[Unknown]","0x1400503c0"
"func@0x140157aa0","0","0","0","0","0","","","0","0","0","0","0","0","0","igdkmdn64.sys","func@0x140157aa0","[Unknown]","0x140157aa0"
"func@0x140057ce0","0","0","0","0","0","0","1","0","0","0","0","0","0","0","igdkmdn64.sys","func@0x140057ce0","[Unknown]","0x140057ce0"
"func@0x14004ef50","0","268800","0","","0","0","1","0","0","0","0","0","0","","igdkmdn64.sys","func@0x14004ef50","[Unknown]","0x14004ef50"
"func@0x1402b8190","0","268800","0","","0","0","1","0","0","0","0","0","0","","igdkmdn64.sys","func@0x1402b8190","[Unknown]","0x1402b8190"
"func@0x14016b410","0","0","0","0","0","0","1","0","0","0","0","0","0","0","igdkmdn64.sys","func@0x14016b410","[Unknown]","0x14016b410"
"func@0x14023ccf0","0","0","268800","0","0","0","1","0","0","0","0","0","0","0","ntoskrnl.exe","func@0x14023ccf0","[Unknown]","0x14023ccf0"
"func@0x140168f20","0","268800","0","","0","0","1","0","0","0","0","0","0","","igdkmdn64.sys","func@0x140168f20","[Unknown]","0x140168f20"
"func@0x1402a8f30","0","268800","0","","0","0","1","0","0","0","0","0","0","","igdkmdn64.sys","func@0x1402a8f30","[Unknown]","0x1402a8f30"
"func@0x140037e40","0","0","0","0","0","0","1","0","0","0","0","0","0","0","igdkmdn64.sys","func@0x140037e40","[Unknown]","0x140037e40"
"func@0x1402b7ed0","0","268800","0","","0","0","1","0","0","0","0","0","0","","igdkmdn64.sys","func@0x1402b7ed0","[Unknown]","0x1402b7ed0"
"func@0x1401754e0","0","268800","268800","1","0","0","1","0","0","0","0","0","0","","igdkmdn64.sys","func@0x1401754e0","[Unknown]","0x1401754e0"
"func@0x140149ed0","0","268800","0","","0","","","0","0","0","0","0","0","","igdkmdn64.sys","func@0x140149ed0","[Unknown]","0x140149ed0"
"func@0x140260dd0","0","537600","806400","0.666667","0","0","1","0","0","0","0","0","0","","ntoskrnl.exe","func@0x140260dd0","[Unknown]","0x140260dd0"
"func@0x1401ba980","0","268800","0","","0","0","1","0","0","0","0","0","0","","igdkmdn64.sys","func@0x1401ba980","[Unknown]","0x1401ba980"
"func@0x1402be7b0","0","0","0","0","0","0.1","0.9","0","0","0","0","0","0","0","igdkmdn64.sys","func@0x1402be7b0","[Unknown]","0x1402be7b0"
"func@0x14013c910","0","268800","0","","0","0","1","0","0","0","0","0","0","","igdkmdn64.sys","func@0x14013c910","[Unknown]","0x14013c910"
"func@0x1401af8f0","0","0","0","0","0","0","1","0","0","0","0","0","0","0","igdkmdn64.sys","func@0x1401af8f0","[Unknown]","0x1401af8f0"
"func@0x14038a1b0","0","268800","0","","0","0","1","0","0","0","0","0","0","","igdkmdn64.sys","func@0x14038a1b0","[Unknown]","0x14038a1b0"
"func@0x140389980","0","268800","0","","0","0","1","0","0","0","0","0","0","","igdkmdn64.sys","func@0x140389980","[Unknown]","0x140389980"
"func@0x1401aea20","0","0","0","0","0","0","1","0","0","0","0","0","0","0","igdkmdn64.sys","func@0x1401aea20","[Unknown]","0x1401aea20"
"func@0x140328260","0","0","0","0","0","0","1","0","0","0","0","0","0","0","igdkmdn64.sys","func@0x140328260","[Unknown]","0x140328260"
"func@0x14001cb10","0","0","0","0","0","0","1","0","0","0","0","0","0","0","igdkmdn64.sys","func@0x14001cb10","[Unknown]","0x14001cb10"
"func@0x14003bc10","0","268800","0","","0","0","1","0","0","0","0","0","0","","igdkmdn64.sys","func@0x14003bc10","[Unknown]","0x14003bc10"
"func@0x140196000","0","0","0","0","0","","","0","0","0","0","0","0","0","igdkmdn64.sys","func@0x140196000","[Unknown]","0x140196000"
"func@0x14017ce90","0","268800","0","","0","0","1","0","0","0","0","0","0","","igdkmdn64.sys","func@0x14017ce90","[Unknown]","0x14017ce90"
"func@0x140389580","0","0","0","0","0","0","1","0","0","0","0","0","0","0","igdkmdn64.sys","func@0x140389580","[Unknown]","0x140389580"
"func@0x14016b3b0","0","0","0","0","0","0","1","0","0","0","0","0","0","0","igdkmdn64.sys","func@0x14016b3b0","[Unknown]","0x14016b3b0"
"func@0x140159230","0","0","268800","0","0","0","1","0","0","0","0","0","0","0","igdkmdn64.sys","func@0x140159230","[Unknown]","0x140159230"
"func@0x140013fe0","0","0","0","0","0","0","1","0","0","0","0","0","0","0","igdkmdn64.sys","func@0x140013fe0","[Unknown]","0x140013fe0"
"func@0x1402b2de0","0","268800","0","","0","","","0","0","0","0","0","0","","igdkmdn64.sys","func@0x1402b2de0","[Unknown]","0x1402b2de0"
"func@0x14013bf80","0","268800","0","","0","0","1","0","0","0","0","0","0","","igdkmdn64.sys","func@0x14013bf80","[Unknown]","0x14013bf80"
"func@0x14019d220","0","0","0","0","0","0","1","0","0","0","0","0","0","0","igdkmdn64.sys","func@0x14019d220","[Unknown]","0x14019d220"
"func@0x140266a30","0","268800","268800","1","0","0","1","0","0","0","0","0","0","","ntoskrnl.exe","func@0x140266a30","[Unknown]","0x140266a30"
"func@0x14003e770","0","0","0","0","0","0","1","0","0","0","0","0","0","0","igdkmdn64.sys","func@0x14003e770","[Unknown]","0x14003e770"
"func@0x140137350","0","0","0","0","0","0","1","0","0","0","0","0","0","0","igdkmdn64.sys","func@0x140137350","[Unknown]","0x140137350"
"func@0x14030b420","0","268800","0","","0","0","1","0","0","0","0","0","0","","igdkmdn64.sys","func@0x14030b420","[Unknown]","0x14030b420"
"func@0x140231e91","0","0","537600","0","0","0","1","0","0","0","0","0","0","0","ntoskrnl.exe","func@0x140231e91","[Unknown]","0x140231e91"
"func@0x14039fbc5","0","0","0","0","0","0","1","0","0","0","0","0","0","0","ntoskrnl.exe","func@0x14039fbc5","[Unknown]","0x14039fbc5"
"func@0x140266120","0","0","268800","0","0","","","0","0","0","0","0","0","0","ntoskrnl.exe","func@0x140266120","[Unknown]","0x140266120"
"func@0x14021a8b0","0","0","268800","0","0","0","1","0","0","0","0","0","0","0","ntoskrnl.exe","func@0x14021a8b0","[Unknown]","0x14021a8b0"
"func@0x1400a0ca0","0","268800","0","","0","0","1","0","0","0","0","0","0","","igdkmdn64.sys","func@0x1400a0ca0","[Unknown]","0x1400a0ca0"
"func@0x1402bea40","0","537600","0","","0","0","1","0","0","0","0","0","0","","igdkmdn64.sys","func@0x1402bea40","[Unknown]","0x1402bea40"
"func@0x14017ec00","0","0","268800","0","0","0","1","0","0","0","0","0","0","0","igdkmdn64.sys","func@0x14017ec00","[Unknown]","0x14017ec00"
"func@0x1403210a0","0","268800","0","","0","","","0","0","0","0","0","0","","igdkmdn64.sys","func@0x1403210a0","[Unknown]","0x1403210a0"
"func@0x1400a50d0","0","537600","0","","0","0","1","0","0","0","0","0","0","","igdkmdn64.sys","func@0x1400a50d0","[Unknown]","0x1400a50d0"
"func@0x140345cd0","0","0","0","0","0","0","1","0","0","0","0","0","0","0","netwtw10.sys","func@0x140345cd0","[Unknown]","0x140345cd0"
"func@0x1400e2c40","0","0","0","0","0","0","1","0","0","0","0","0","0","0","nvlddmkm.sys","func@0x1400e2c40","[Unknown]","0x1400e2c40"
"func@0x14030e740","0","0","0","0","0","","","0","0","0","0","0","0","0","netwtw10.sys","func@0x14030e740","[Unknown]","0x14030e740"
"func@0x1400822d0","0","0","0","0","0","0","1","0","0","0","0","0","0","0","netwtw10.sys","func@0x1400822d0","[Unknown]","0x1400822d0"
"func@0x140284d70","0","0","0","0","0","0","1","0","0","0","0","0","0","0","netwtw10.sys","func@0x140284d70","[Unknown]","0x140284d70"
"[netwtw10.sys]","0","0","0","0","0","","","0","0","0","0","0","0","0","netwtw10.sys","[netwtw10.sys]","[Unknown]","0"
"func@0x141916340","0","0","0","0","0","0","1","0","0","0","0","0","0","0","nvlddmkm.sys","func@0x141916340","[Unknown]","0x141916340"
"func@0x14011afc0","0","0","0","0","0","","","0","0","0","0","0","0","0","netwtw10.sys","func@0x14011afc0","[Unknown]","0x14011afc0"
"func@0x1401a3a40","0","268800","0","","0","0","1","0","0","0","0","0","0","","netwtw10.sys","func@0x1401a3a40","[Unknown]","0x1401a3a40"
"func@0x140293c10","0","0","0","0","0","0","1","0","0","0","0","0","0","0","netwtw10.sys","func@0x140293c10","[Unknown]","0x140293c10"
"func@0x14013d080","0","268800","0","","0","0","1","0","0","0","0","0","0","","netwtw10.sys","func@0x14013d080","[Unknown]","0x14013d080"
"func@0x1400656f0","0","0","0","0","0","","","0","0","0","0","0","0","0","netwtw10.sys","func@0x1400656f0","[Unknown]","0x1400656f0"
"func@0x1400a2db0","0","0","0","0","0","0","1","0","0","0","0","0","0","0","netwtw10.sys","func@0x1400a2db0","[Unknown]","0x1400a2db0"
"func@0x140078e20","0","268800","0","","0","0","1","0","0","0","0","0","0","","netwtw10.sys","func@0x140078e20","[Unknown]","0x140078e20"
"func@0x1401f88d0","0","0","0","0","0","0","1","0","0","0","0","0","0","0","netwtw10.sys","func@0x1401f88d0","[Unknown]","0x1401f88d0"
"func@0x14004ad20","0","268800","0","","0","0","1","0","0","0","0","0","0","","netwtw10.sys","func@0x14004ad20","[Unknown]","0x14004ad20"
"func@0x14030740f","0","0","268800","0","0","0","1","0","0","0","0","0","0","0","netwtw10.sys","func@0x14030740f","[Unknown]","0x14030740f"
"func@0x1401e75a0","0","0","0","0","0","0","1","0","0","0","0","0","0","0","netwtw10.sys","func@0x1401e75a0","[Unknown]","0x1401e75a0"
"func@0x14016b5c0","0","268800","0","","0","0","1","0","0","0","0","0","0","","igdkmdn64.sys","func@0x14016b5c0","[Unknown]","0x14016b5c0"
"func@0x1c014b100","0","0","0","0","0","0","1","0","0","0","0","0","0","0","ntfs.sys","func@0x1c014b100","[Unknown]","0x1c014b100"
"func@0x1c0193080","0","0","268800","0","0","0","1","0","0","0","0","0","0","0","ntfs.sys","func@0x1c0193080","[Unknown]","0x1c0193080"
"func@0x1c0015a70","0","268800","0","","0","0","1","0","0","0","0","0","0","","ntfs.sys","func@0x1c0015a70","[Unknown]","0x1c0015a70"
"func@0x1c0295dc0","0","0","0","0","0","0","1","0","0","0","0","0","0","0","ntfs.sys","func@0x1c0295dc0","[Unknown]","0x1c0295dc0"
"func@0x1c0014c90","0","0","268800","0","0","0","1","0","0","0","0","0","0","0","ntfs.sys","func@0x1c0014c90","[Unknown]","0x1c0014c90"
"func@0x1c014b6d3","0","0","268800","0","0","0","1","0","0","0","0","0","0","0","ntfs.sys","func@0x1c014b6d3","[Unknown]","0x1c014b6d3"
"func@0x1c01b5c30","0","268800","0","","0","0","1","0","0","0","0","0","0","","ntfs.sys","func@0x1c01b5c30","[Unknown]","0x1c01b5c30"
"func@0x1c011ac90","0","0","0","0","0","0","1","0","0","0","0","0","0","0","ntfs.sys","func@0x1c011ac90","[Unknown]","0x1c011ac90"
"func@0x1c018eac6","0","268800","0","","0","0","1","0","0","0","0","0","0","","ntfs.sys","func@0x1c018eac6","[Unknown]","0x1c018eac6"
"func@0x1c00069b0","0","0","0","0","0","0","1","0","0","0","0","0","0","0","ntfs.sys","func@0x1c00069b0","[Unknown]","0x1c00069b0"
"func@0x1c000ded0","0","0","0","0","0","0","1","0","0","0","0","0","0","0","ntfs.sys","func@0x1c000ded0","[Unknown]","0x1c000ded0"
"func@0x1c0298bc0","0","268800","0","","0","0","1","0","0","0","0","0","0","","ntfs.sys","func@0x1c0298bc0","[Unknown]","0x1c0298bc0"
"func@0x1c0193bb0","0","268800","0","","0","0","1","0","0","0","0","0","0","","ntfs.sys","func@0x1c0193bb0","[Unknown]","0x1c0193bb0"
"func@0x1c0187890","0","268800","0","","0","0","1","0","0","0","0","0","0","","ntfs.sys","func@0x1c0187890","[Unknown]","0x1c0187890"
"func@0x1c0132740","0","0","0","0","0","0","1","0","0","0","0","0","0","0","ntfs.sys","func@0x1c0132740","[Unknown]","0x1c0132740"
"func@0x1c01f6510","0","268800","0","","0","0","1","0","0","0","0","0","0","","ntfs.sys","func@0x1c01f6510","[Unknown]","0x1c01f6510"
"func@0x1c0007750","0","0","0","0","0","0","1","0","0","0","0","0","0","0","ntfs.sys","func@0x1c0007750","[Unknown]","0x1c0007750"
"stbi__build_huffman","0","268800","0","","0","0","1","0","0","0","0","0","0","","kip_sequential_profile.exe","stbi__build_huffman(struct stbi__huffman *, int *)","stb_image.h","0x140019320"
"func@0x1c0128cb0","0","0","0","0","0","","","0","0","0","0","0","0","0","ntfs.sys","func@0x1c0128cb0","[Unknown]","0x1c0128cb0"
"std::_Vector_val<std::_Simple_types<Pixel> >::_Vector_val","0","0","0","0","0","0","1","0","0","0","0","0","0","0","kip_sequential_profile.exe","std::_Vector_val<std::_Simple_types<Pixel> >::_Vector_val","vector","0x140021ac9"
"func@0x1c0148920","0","268800","0","","0","0","1","0","0","0","0","0","0","","ntfs.sys","func@0x1c0148920","[Unknown]","0x1c0148920"
"func@0x1c028819b","0","268800","268800","1","0","0","1","0","0","0","0","0","0","","ntfs.sys","func@0x1c028819b","[Unknown]","0x1c028819b"
"std::vector<Pixel,std::allocator<Pixel> >::_Buy_nonzero","0","0","268800","0","0","0","1","0","0","0","0","0","0","0","kip_sequential_profile.exe","std::vector<Pixel,std::allocator<Pixel> >::_Buy_nonzero","vector","0x140021593"
"func@0x1c000d9d0","0","0","268800","0","0","0","1","0","0","0","0","0","0","0","ntfs.sys","func@0x1c000d9d0","[Unknown]","0x1c000d9d0"
"func@0x1c018a430","0","268800","268800","1","0","0","1","0","0","0","0","0","0","","ntfs.sys","func@0x1c018a430","[Unknown]","0x1c018a430"
"std::vector<std::vector<Pixel,std::allocator<Pixel> >,std::allocator<std::vector<Pixel,std::allocator<Pixel> > > >::~vector","0","268800","537600","0.5","0","0","1","0","0","0","0","0","0","","kip_sequential_profile.exe","std::vector<std::vector<Pixel,std::allocator<Pixel> >,std::allocator<std::vector<Pixel,std::allocator<Pixel> > > >::~vector","vector","0x14002311c"
"func@0x1c014b252","0","268800","0","","0","0","1","0","0","0","0","0","0","","ntfs.sys","func@0x1c014b252","[Unknown]","0x1c014b252"
"func@0x1c0174d70","0","0","0","0","0","0","1","0","0","0","0","0","0","0","ntfs.sys","func@0x1c0174d70","[Unknown]","0x1c0174d70"
"func@0x1c01916c0","0","806400","0","","0","","","0","0","0","0","0","0","","ntfs.sys","func@0x1c01916c0","[Unknown]","0x1c01916c0"
"std::vector<std::vector<Pixel,std::allocator<Pixel> >,std::allocator<std::vector<Pixel,std::allocator<Pixel> > > >::~vector","0","0","0","0","0","0","1","0","0","0","0","0","0","0","kip_sequential_profile.exe","std::vector<std::vector<Pixel,std::allocator<Pixel> >,std::allocator<std::vector<Pixel,std::allocator<Pixel> > > >::~vector","vector","0x1400231f2"
"func@0x1c011d710","0","268800","0","","0","0","1","0","0","0","0","0","0","","ntfs.sys","func@0x1c011d710","[Unknown]","0x1c011d710"
"func@0x1c0192680","0","0","268800","0","0","0","1","0","0","0","0","0","0","0","ntfs.sys","func@0x1c0192680","[Unknown]","0x1c0192680"
"std::vector<std::vector<Pixel,std::allocator<Pixel> >,std::allocator<std::vector<Pixel,std::allocator<Pixel> > > >::~vector","0","537600","537600","1","0","","","0","0","0","0","0","0","","kip_sequential_profile.exe","std::vector<std::vector<Pixel,std::allocator<Pixel> >,std::allocator<std::vector<Pixel,std::allocator<Pixel> > > >::~vector","vector","0x14000b648"
"func@0x18005aa10","0","268800","0","","0","0","1","0","0","0","0","0","0","","ntdll.dll","func@0x18005aa10","[Unknown]","0x18005aa10"
"func@0x180048d8d","0","0","268800","0","0","0","1","0","0","0","0","0","0","0","ntdll.dll","func@0x180048d8d","[Unknown]","0x180048d8d"
"func@0x1c01d5e90","0","268800","0","","0","","","0","0","0","0","0","0","","ntfs.sys","func@0x1c01d5e90","[Unknown]","0x1c01d5e90"
"load_jpeg_image","0","268800","1612800","0.166667","0","0","1","0","0","0","0","0","0","","kip_sequential_profile.exe","load_jpeg_image(struct stbi__jpeg *, int *, int *, int *, int)","stb_image.h","0x140019650"
"std::vector<Pixel,std::allocator<Pixel> >::_Buy_raw","0","268800","0","","0","","","0","0","0","0","0","0","","kip_sequential_profile.exe","std::vector<Pixel,std::allocator<Pixel> >::_Buy_raw","vector","0x140021af3"
"operator new","0","537600","268800","2","0","","","0","0","0","0","0","0","","kip_sequential_profile.exe","operator new(unsigned __int64)","new_scalar.cpp","0x140023ee8"
"func@0x1c0146530","0","268800","0","","0","0","1","0","0","0","0","0","0","","ntfs.sys","func@0x1c0146530","[Unknown]","0x1c0146530"
"operator delete","0","0","0","0","0","0","1","0","0","0","0","0","0","0","kip_sequential_profile.exe","operator delete(void *)","delete_scalar.cpp","0x140025bc8"
"func@0x180168340","0","268800","0","","0","0","1","0","0","0","0","0","0","","ntdll.dll","func@0x180168340","[Unknown]","0x180168340"
"func@0x180043d90","0","0","0","0","0","","","0","0","0","0","0","0","0","ntdll.dll","func@0x180043d90","[Unknown]","0x180043d90"
"func@0x1c019821f","0","0","0","0","0","","","0","0","0","0","0","0","0","ntfs.sys","func@0x1c019821f","[Unknown]","0x1c019821f"
"func@0x18000f8c0","0","0","268800","0","0","0","1","0","0","0","0","0","0","0","ntdll.dll","func@0x18000f8c0","[Unknown]","0x18000f8c0"
"func@0x1c0134f80","0","0","0","0","0","0","1","0","0","0","0","0","0","0","ntfs.sys","func@0x1c0134f80","[Unknown]","0x1c0134f80"
"RtlFlsGetValue","0","0","0","0","0","","","0","0","0","0","0","0","0","ntdll.dll","RtlFlsGetValue","[Unknown]","0x1800e16a0"
"std::vector<std::vector<Pixel,std::allocator<Pixel> >,std::allocator<std::vector<Pixel,std::allocator<Pixel> > > >::operator[]","0","0","537600","0","0","0","1","0","0","0","0","0","0","0","kip_sequential_profile.exe","std::vector<std::vector<Pixel,std::allocator<Pixel> >,std::allocator<std::vector<Pixel,std::allocator<Pixel> > > >::operator[]","vector","0x140022ec0"
"func@0x180048786","0","0","0","0","0","0","1","0","0","0","0","0","0","0","ntdll.dll","func@0x180048786","[Unknown]","0x180048786"
"func@0x1800c9b60","0","0","0","0","0","0","1","0","0","0","0","0","0","0","ntdll.dll","func@0x1800c9b60","[Unknown]","0x1800c9b60"
"func@0x180048bcc","0","537600","0","","0","0","1","0","0","0","0","0","0","","ntdll.dll","func@0x180048bcc","[Unknown]","0x180048bcc"
"func@0x180048ac6","0","268800","268800","1","0","0","1","0","0","0","0","0","0","","ntdll.dll","func@0x180048ac6","[Unknown]","0x180048ac6"
"RtlAnsiCharToUnicodeChar","0","537600","1075200","0.5","0","0","1","0","0","0","0","0","0","","ntdll.dll","RtlAnsiCharToUnicodeChar","[Unknown]","0x1800da5e0"
"func@0x180048f17","0","0","0","0","0","0","1","0","0","0","0","0","0","0","ntdll.dll","func@0x180048f17","[Unknown]","0x180048f17"
"std::_Uninitialized_copy","0","268800","0","","0","0","1","0","0","0","0","0","0","","kip_sequential_profile.exe","std::_Uninitialized_copy","xmemory","0x140021a84"
"std::vector<Pixel,std::allocator<Pixel> >::vector","0","0","0","0","0","0","1","0","0","0","0","0","0","0","kip_sequential_profile.exe","std::vector<Pixel,std::allocator<Pixel> >::vector","vector","0x140021ab0"
"std::vector<Pixel,std::allocator<Pixel> >::_Buy_nonzero","0","268800","0","","0","0","1","0","0","0","0","0","0","","kip_sequential_profile.exe","std::vector<Pixel,std::allocator<Pixel> >::_Buy_nonzero","vector","0x140021ae6"
"func@0x1c01201f0","0","0","0","0","0","0","1","0","0","0","0","0","0","0","ntfs.sys","func@0x1c01201f0","[Unknown]","0x1c01201f0"
"func@0x1c0033b90","0","268800","268800","1","0","0","1","0","0","0","0","0","0","","ntfs.sys","func@0x1c0033b90","[Unknown]","0x1c0033b90"
"std::vector<Pixel,std::allocator<Pixel> >::operator[]","0","0","268800","0","0","0","1","0","0","0","0","0","0","0","kip_sequential_profile.exe","std::vector<Pixel,std::allocator<Pixel> >::operator[]","vector","0x140022ece"
"func@0x1c014b400","0","0","537600","0","0","0","1","0","0","0","0","0","0","0","ntfs.sys","func@0x1c014b400","[Unknown]","0x1c014b400"
"func@0x1c0007570","0","0","0","0","0","","","0","0","0","0","0","0","0","ntfs.sys","func@0x1c0007570","[Unknown]","0x1c0007570"
"func@0x1c0007910","0","0","0","0","0","","","0","0","0","0","0","0","0","ntfs.sys","func@0x1c0007910","[Unknown]","0x1c0007910"
"func@0x1800298d6","0","268800","268800","1","0","0","1","0","0","0","0","0","0","","ntdll.dll","func@0x1800298d6","[Unknown]","0x1800298d6"
"RtlDeactivateActivationContextUnsafeFast","0","0","0","0","0","0","1","0","0","0","0","0","0","0","ntdll.dll","RtlDeactivateActivationContextUnsafeFast","[Unknown]","0x18000c760"
"func@0x1c0015050","0","0","268800","0","0","0","1","0","0","0","0","0","0","0","ntfs.sys","func@0x1c0015050","[Unknown]","0x1c0015050"
"func@0x18006ec00","0","0","0","0","0","0","1","0","0","0","0","0","0","0","ntdll.dll","func@0x18006ec00","[Unknown]","0x18006ec00"
"func@0x1c01d2e1f","0","0","0","0","0","0","1","0","0","0","0","0","0","0","ntfs.sys","func@0x1c01d2e1f","[Unknown]","0x1c01d2e1f"
"memset","0","0","0","0","0","0","1","0","0","0","0","0","0","0","ntdll.dll","memset","[Unknown]","0x180173030"
"RtlQueryEnvironmentVariable","0","268800","0","","0","0","1","0","0","0","0","0","0","","ntdll.dll","RtlQueryEnvironmentVariable","[Unknown]","0x1800b73b0"
"func@0x1800b883b","0","268800","0","","0","0","1","0","0","0","0","0","0","","ntdll.dll","func@0x1800b883b","[Unknown]","0x1800b883b"
"func@0x1c0014d30","0","0","0","0","0","","","0","0","0","0","0","0","0","ntfs.sys","func@0x1c0014d30","[Unknown]","0x1c0014d30"
"func@0x1c01491a0","0","0","0","0","0","0","1","0","0","0","0","0","0","0","ntfs.sys","func@0x1c01491a0","[Unknown]","0x1c01491a0"
"func@0x180048da8","0","806400","268800","3","0","0","1","0","0","0","0","0","0","","ntdll.dll","func@0x180048da8","[Unknown]","0x180048da8"
"func@0x1800d3ec0","0","0","0","0","0","0","1","0","0","0","0","0","0","0","ntdll.dll","func@0x1800d3ec0","[Unknown]","0x1800d3ec0"
"func@0x1c01654c0","0","268800","0","","0","0","1","0","0","0","0","0","0","","ntfs.sys","func@0x1c01654c0","[Unknown]","0x1c01654c0"
"stbi__get8","0","268800","0","","0","0","1","0","0","0","0","0","0","","kip_sequential_profile.exe","stbi__get8","stb_image.h","0x14001b91d"
"func@0x180054940","0","268800","268800","1","0","0","1","0","0","0","0","0","0","","ntdll.dll","func@0x180054940","[Unknown]","0x180054940"
"std::_Uninitialized_fill_n","0","0","0","0","0","0","1","0","0","0","0","0","0","0","kip_sequential_profile.exe","std::_Uninitialized_fill_n","xmemory","0x14002152b"
"std::_Uninitialized_backout_al<std::allocator<std::vector<Pixel,std::allocator<Pixel> > > >::_Emplace_back","0","537600","806400","0.666667","0","0","1","0","0","0","0","0","0","","kip_sequential_profile.exe","std::_Uninitialized_backout_al<std::allocator<std::vector<Pixel,std::allocator<Pixel> > > >::_Emplace_back","xmemory","0x140021560"
"std::vector<Pixel,std::allocator<Pixel> >::vector","0","0","0","0","0","0","1","0","0","0","0","0","0","0","kip_sequential_profile.exe","std::vector<Pixel,std::allocator<Pixel> >::vector","vector","0x140021560"
"std::vector<Pixel,std::allocator<Pixel> >::_Construct_n","0","0","268800","0","0","0","1","0","0","0","0","0","0","0","kip_sequential_profile.exe","std::vector<Pixel,std::allocator<Pixel> >::_Construct_n","vector","0x140021560"
"func@0x180009b55","0","268800","0","","0","0","1","0","0","0","0","0","0","","ntdll.dll","func@0x180009b55","[Unknown]","0x180009b55"
"func@0x1c0014b90","0","268800","0","","0","0","1","0","0","0","0","0","0","","ntfs.sys","func@0x1c0014b90","[Unknown]","0x1c0014b90"
"func@0x1c0194f60","0","0","0","0","0","0","1","0","0","0","0","0","0","0","ntfs.sys","func@0x1c0194f60","[Unknown]","0x1c0194f60"
"func@0x1c0148b60","0","268800","0","","0","0","1","0","0","0","0","0","0","","ntfs.sys","func@0x1c0148b60","[Unknown]","0x1c0148b60"
"func@0x1800acc5c","0","0","0","0","0","0","1","0","0","0","0","0","0","0","ntdll.dll","func@0x1800acc5c","[Unknown]","0x1800acc5c"
"func@0x1c0064d40","0","268800","0","","0","0","1","0","0","0","0","0","0","","fltmgr.sys","func@0x1c0064d40","[Unknown]","0x1c0064d40"
"func@0x180015da0","0","268800","537600","0.5","0","","","0","0","0","0","0","0","","ntdll.dll","func@0x180015da0","[Unknown]","0x180015da0"
"func@0x1c0119d60","0","0","268800","0","0","0","1","0","0","0","0","0","0","0","ntfs.sys","func@0x1c0119d60","[Unknown]","0x1c0119d60"
"func@0x1c0007820","0","0","0","0","0","0","1","0","0","0","0","0","0","0","fltmgr.sys","func@0x1c0007820","[Unknown]","0x1c0007820"
"func@0x1800635f4","0","0","0","0","0","0","1","0","0","0","0","0","0","0","ntdll.dll","func@0x1800635f4","[Unknown]","0x1800635f4"
"FltObjectDereference","0","0","0","0","0","0","1","0","0","0","0","0","0","0","fltmgr.sys","FltObjectDereference","[Unknown]","0x1c0005e50"
"func@0x1c00cb000","0","268800","0","","0","0","1","0","0","0","0","0","0","","tcpip.sys","func@0x1c00cb000","[Unknown]","0x1c00cb000"
"func@0x1c000225a","0","0","268800","0","0","0","1","0","0","0","0","0","0","0","fltmgr.sys","func@0x1c000225a","[Unknown]","0x1c000225a"
"FltAcquirePushLockShared","0","0","537600","0","0","0","1","0","0","0","0","0","0","0","fltmgr.sys","FltAcquirePushLockShared","[Unknown]","0x1c0012a50"
"FltGetFileSystemType","0","268800","0","","0","0","1","0","0","0","0","0","0","","fltmgr.sys","FltGetFileSystemType","[Unknown]","0x1c0013a40"
"func@0x1400e5620","0","0","0","0","0","","","0","0","0","0","0","0","0","iastorvd.sys","func@0x1400e5620","[Unknown]","0x1400e5620"
"func@0x1c0010160","0","0","268800","0","0","0","1","0","0","0","0","0","0","0","fltmgr.sys","func@0x1c0010160","[Unknown]","0x1c0010160"
"func@0x1c00576c2","0","0","0","0","0","0","1","0","0","0","0","0","0","0","fltmgr.sys","func@0x1c00576c2","[Unknown]","0x1c00576c2"
"func@0x180079c70","0","0","0","0","0","0","1","0","0","0","0","0","0","0","ntdll.dll","func@0x180079c70","[Unknown]","0x180079c70"
"func@0x1c000a0b4","0","0","268800","0","0","0","1","0","0","0","0","0","0","0","fltmgr.sys","func@0x1c000a0b4","[Unknown]","0x1c000a0b4"
"func@0x14010c9c0","0","0","0","0","0","","","0","0","0","0","0","0","0","iastorvd.sys","func@0x14010c9c0","[Unknown]","0x14010c9c0"
"func@0x1c0007880","0","0","0","0","0","0","1","0","0","0","0","0","0","0","dxgmms2.sys","func@0x1c0007880","[Unknown]","0x1c0007880"
"func@0x14005b430","0","268800","0","","0","","","0","0","0","0","0","0","","iastorvd.sys","func@0x14005b430","[Unknown]","0x14005b430"
"func@0x1c01011c0","0","0","0","0","0","0","1","0","0","0","0","0","0","0","tcpip.sys","func@0x1c01011c0","[Unknown]","0x1c01011c0"
"func@0x1c00378d0","0","0","0","0","0","0","1","0","0","0","0","0","0","0","dxgkrnl.sys","func@0x1c00378d0","[Unknown]","0x1c00378d0"
"func@0x1c0006670","0","0","0","0","0","","","0","0","0","0","0","0","0","dxgmms2.sys","func@0x1c0006670","[Unknown]","0x1c0006670"
"func@0x1c005dc80","0","0","0","0","0","","","0","0","0","0","0","0","0","fltmgr.sys","func@0x1c005dc80","[Unknown]","0x1c005dc80"
"func@0x1c00330d0","0","0","268800","0","0","0","1","0","0","0","0","0","0","0","dxgkrnl.sys","func@0x1c00330d0","[Unknown]","0x1c00330d0"
"func@0x1c00021b0","0","0","268800","0","0","0","1","0","0","0","0","0","0","0","fltmgr.sys","func@0x1c00021b0","[Unknown]","0x1c00021b0"
"func@0x1c00332a8","0","0","0","0","0","0","1","0","0","0","0","0","0","0","dxgkrnl.sys","func@0x1c00332a8","[Unknown]","0x1c00332a8"
"func@0x1c002ff10","0","0","0","0","0","0","1","0","0","0","0","0","0","0","dxgkrnl.sys","func@0x1c002ff10","[Unknown]","0x1c002ff10"
"func@0x1c0049e20","0","0","0","0","0","","","0","0","0","0","0","0","0","dxgkrnl.sys","func@0x1c0049e20","[Unknown]","0x1c0049e20"
"func@0x1c000a080","0","0","0","0","0","0","1","0","0","0","0","0","0","0","fltmgr.sys","func@0x1c000a080","[Unknown]","0x1c000a080"
"func@0x1c003083c","0","0","0","0","0","","","0","0","0","0","0","0","0","dxgmms2.sys","func@0x1c003083c","[Unknown]","0x1c003083c"
"func@0x1c0031f40","0","0","0","0","0","0","1","0","0","0","0","0","0","0","dxgkrnl.sys","func@0x1c0031f40","[Unknown]","0x1c0031f40"
"FltGetRequestorProcessId","0","0","268800","0","0","","","0","0","0","0","0","0","0","fltmgr.sys","FltGetRequestorProcessId","[Unknown]","0x1c0011210"
"func@0x1c00147e0","0","268800","0","","0","0","1","0","0","0","0","0","0","","dxgkrnl.sys","func@0x1c00147e0","[Unknown]","0x1c00147e0"
"FltSupportsStreamContexts","0","268800","268800","1","0","","","0","0","0","0","0","0","","fltmgr.sys","FltSupportsStreamContexts","[Unknown]","0x1c0012ef0"
"FltDoCompletionProcessingWhenSafe","0","537600","806400","0.666667","0","0","1","0","0","0","0","0","0","","fltmgr.sys","FltDoCompletionProcessingWhenSafe","[Unknown]","0x1c00065b0"
"func@0x1c00131d8","0","0","0","0","0","","","0","0","0","0","0","0","0","dxgmms2.sys","func@0x1c00131d8","[Unknown]","0x1c00131d8"
"func@0x1c002efcc","0","0","0","0","0","","","0","0","0","0","0","0","0","dxgmms2.sys","func@0x1c002efcc","[Unknown]","0x1c002efcc"
"func@0x1c0032394","0","268800","0","","0","0","1","0","0","0","0","0","0","","dxgmms2.sys","func@0x1c0032394","[Unknown]","0x1c0032394"
"func@0x1c00163a3","0","0","268800","0","0","0","1","0","0","0","0","0","0","0","dxgmms2.sys","func@0x1c00163a3","[Unknown]","0x1c00163a3"
"func@0x1c0011a01","0","0","0","0","0","0","1","0","0","0","0","0","0","0","dxgmms2.sys","func@0x1c0011a01","[Unknown]","0x1c0011a01"
"func@0x1c000fb20","0","268800","0","","0","0","1","0","0","0","0","0","0","","fltmgr.sys","func@0x1c000fb20","[Unknown]","0x1c000fb20"
"func@0x1c00334cc","0","0","268800","0","0","0","1","0","0","0","0","0","0","0","dxgkrnl.sys","func@0x1c00334cc","[Unknown]","0x1c00334cc"
"[dxgmms2.sys]","0","0","268800","0","0","","","0","0","0","0","0","0","0","dxgmms2.sys","[dxgmms2.sys]","[Unknown]","0"
"func@0x1c000ba46","0","0","268800","0","0","0","1","0","0","0","0","0","0","0","fltmgr.sys","func@0x1c000ba46","[Unknown]","0x1c000ba46"
"func@0x1c002c8c8","0","0","0","0","0","0","1","0","0","0","0","0","0","0","dxgmms2.sys","func@0x1c002c8c8","[Unknown]","0x1c002c8c8"
"func@0x1c000bc10","0","0","0","0","0","0","1","0","0","0","0","0","0","0","fltmgr.sys","func@0x1c000bc10","[Unknown]","0x1c000bc10"
"func@0x1c0024380","0","268800","0","","0","","","0","0","0","0","0","0","","fltmgr.sys","func@0x1c0024380","[Unknown]","0x1c0024380"
"func@0x1c000e249","0","0","0","0","0","0","1","0","0","0","0","0","0","0","dxgmms2.sys","func@0x1c000e249","[Unknown]","0x1c000e249"
"FltGetStreamContext","0","0","537600","0","0","0","1","0","0","0","0","0","0","0","fltmgr.sys","FltGetStreamContext","[Unknown]","0x1c000b910"
"func@0x1c000e4d0","0","0","0","0","0","0","1","0","0","0","0","0","0","0","dxgmms2.sys","func@0x1c000e4d0","[Unknown]","0x1c000e4d0"
"func@0x1c000f970","0","0","268800","0","","0","","0","0","0","0","0","0","0","fltmgr.sys","func@0x1c000f970","[Unknown]","0x1c000f970"
"func@0x1c0008415","0","268800","0","","0","0","1","0","0","0","0","0","0","","dxgmms2.sys","func@0x1c0008415","[Unknown]","0x1c0008415"
"func@0x180048390","0","268800","0","","0","0","1","0","0","0","0","0","0","","ntdll.dll","func@0x180048390","[Unknown]","0x180048390"
"func@0x1c0016220","0","0","0","0","0","0","1","0","0","0","0","0","0","0","dxgkrnl.sys","func@0x1c0016220","[Unknown]","0x1c0016220"
"NtOpenSymbolicLinkObject","0","0","0","0","0","0","1","0","0","0","0","0","0","0","ntdll.dll","NtOpenSymbolicLinkObject","[Unknown]","0x1801644b0"
"DpiGetSchedulerCallbackState","0","0","0","0","0","","","0","0","0","0","0","0","0","dxgkrnl.sys","DpiGetSchedulerCallbackState","[Unknown]","0x1c00383b0"
"func@0x1c000bcb4","0","537600","2688000","0.2","0.2","0.1","0.7","0","0","0","0","0","0","","fltmgr.sys","func@0x1c000bcb4","[Unknown]","0x1c000bcb4"
"FltReleaseContext","0","0","0","0","0","","","0","0","0","0","0","0","0","fltmgr.sys","FltReleaseContext","[Unknown]","0x1c0004420"
"func@0x1c0024c00","0","268800","537600","0.5","","0","","0","0","0","0","0","0","","fltmgr.sys","func@0x1c0024c00","[Unknown]","0x1c0024c00"
"func@0x1c0067990","0","0","0","0","0","0","1","0","0","0","0","0","0","0","dxgkrnl.sys","func@0x1c0067990","[Unknown]","0x1c0067990"
"func@0x180029630","0","1075200","0","","0","0","1","0","0","0","0","0","0","","ntdll.dll","func@0x180029630","[Unknown]","0x180029630"
"func@0x1c000a2d0","0","0","0","0","0","0","1","0","0","0","0","0","0","0","fltmgr.sys","func@0x1c000a2d0","[Unknown]","0x1c000a2d0"
"func@0x1c000f91e","0","0","0","0","0","0","1","0","0","0","0","0","0","0","dxgmms2.sys","func@0x1c000f91e","[Unknown]","0x1c000f91e"
"func@0x1c0046570","0","0","0","0","0","0","1","0","0","0","0","0","0","0","wdf01000.sys","func@0x1c0046570","[Unknown]","0x1c0046570"
"func@0x1c002f5a0","0","0","0","0","0","0","1","0","0","0","0","0","0","0","dxgmms2.sys","func@0x1c002f5a0","[Unknown]","0x1c002f5a0"
"func@0x180078510","0","268800","0","","0","0","1","0","0","0","0","0","0","","ntdll.dll","func@0x180078510","[Unknown]","0x180078510"
"func@0x1c000c050","0","537600","268800","2","0","","","0","0","0","0","0","0","","fltmgr.sys","func@0x1c000c050","[Unknown]","0x1c000c050"
"func@0x1c000bc70","0","0","268800","0","0","0","1","0","0","0","0","0","0","0","fltmgr.sys","func@0x1c000bc70","[Unknown]","0x1c000bc70"
"func@0x1c000b070","0","0","268800","0","0","0","1","0","0","0","0","0","0","0","fltmgr.sys","func@0x1c000b070","[Unknown]","0x1c000b070"
"[dxgkrnl.sys]","0","268800","0","","0","0","1","0","0","0","0","0","0","","dxgkrnl.sys","[dxgkrnl.sys]","[Unknown]","0"
"[Outside any known module]","0","0","0","0","0","0","1","0","0","0","0","0","0","0","[Unknown]","[Outside any known module]","[Unknown]","0"
"func@0x1c0001b60","0","268800","0","","0","0","1","0","0","0","0","0","0","","intelppm.sys","func@0x1c0001b60","[Unknown]","0x1c0001b60"
"func@0x1c0001ea0","0","0","268800","0","0","","","0","0","0","0","0","0","0","intelppm.sys","func@0x1c0001ea0","[Unknown]","0x1c0001ea0"
"func@0x1c002606d","0","537600","0","","0","0","1","0","0","0","0","0","0","","wdf01000.sys","func@0x1c002606d","[Unknown]","0x1c002606d"
"func@0x1c0016c80","0","0","0","0","0","","","0","0","0","0","0","0","0","luafv.sys","func@0x1c0016c80","[Unknown]","0x1c0016c80"
"func@0x1c0003150","0","268800","0","","0","0","1","0","0","0","0","0","0","","intelppm.sys","func@0x1c0003150","[Unknown]","0x1c0003150"
"func@0x1c002b260","0","268800","0","","0","0","1","0","0","0","0","0","0","","dxgmms2.sys","func@0x1c002b260","[Unknown]","0x1c002b260"
"func@0x1c0001eda","0","0","0","0","0","0","1","0","0","0","0","0","0","0","intelppm.sys","func@0x1c0001eda","[Unknown]","0x1c0001eda"
"func@0x1c0002b5e","0","0","0","0","0","0","1","0","0","0","0","0","0","0","wpprecorder.sys","func@0x1c0002b5e","[Unknown]","0x1c0002b5e"
"func@0x1800d3f33","0","268800","0","","0","0","1","0","0","0","0","0","0","","ntdll.dll","func@0x1800d3f33","[Unknown]","0x1800d3f33"
"func@0x1c002d468","0","0","0","0","0","0","1","0","0","0","0","0","0","0","dxgmms2.sys","func@0x1c002d468","[Unknown]","0x1c002d468"
"func@0x1c0001040","0","0","0","0","0","0","1","0","0","0","0","0","0","0","intelpep.sys","func@0x1c0001040","[Unknown]","0x1c0001040"
"func@0x180048a80","0","806400","268800","3","0","0","1","0","0","0","0","0","0","","ntdll.dll","func@0x180048a80","[Unknown]","0x180048a80"
"func@0x1c003bccc","0","268800","0","","0","0","1","0","0","0","0","0","0","","dxgmms2.sys","func@0x1c003bccc","[Unknown]","0x1c003bccc"
"func@0x1c0051488","0","0","268800","0","0","0","1","0","0","0","0","0","0","0","dxgmms2.sys","func@0x1c0051488","[Unknown]","0x1c0051488"
"func@0x26540","0","0","0","0","0","0","1","0","0","0","0","0","0","0","sepdrv5.sys","func@0x26540","[Unknown]","0x26540"
"func@0x18000ed80","0","0","0","0","0","0","1","0","0","0","0","0","0","0","nllbidsdriver.sys","func@0x18000ed80","[Unknown]","0x18000ed80"
"NdisAllocateMemoryWithTagPriority","0","0","0","0","0","0","1","0","0","0","0","0","0","0","ndis.sys","NdisAllocateMemoryWithTagPriority","[Unknown]","0x1c0063040"
"func@0x180018400","0","806400","2419200","0.333333","0","0","0","1","0","0","0","0","0","","ntdll.dll","func@0x180018400","[Unknown]","0x180018400"
"func@0x180026e80","0","268800","268800","1","0","0","1","0","0","0","0","0","0","","nllbidsdriver.sys","func@0x180026e80","[Unknown]","0x180026e80"
"func@0x1c003b1da","0","0","0","0","0","","","0","0","0","0","0","0","0","dxgmms2.sys","func@0x1c003b1da","[Unknown]","0x1c003b1da"
"func@0x1c0014190","0","268800","0","","0","0","1","0","0","0","0","0","0","","netio.sys","func@0x1c0014190","[Unknown]","0x1c0014190"
"func@0x1c002fde0","0","0","268800","0","0","0","1","0","0","0","0","0","0","0","netio.sys","func@0x1c002fde0","[Unknown]","0x1c002fde0"
"func@0x180016fc4","0","268800","268800","1","0","0","1","0","0","0","0","0","0","","nllbidsdriver.sys","func@0x180016fc4","[Unknown]","0x180016fc4"
"RtlUpdateCurrentTimerWheelTick","0","268800","0","","0","0","1","0","0","0","0","0","0","","netio.sys","RtlUpdateCurrentTimerWheelTick","[Unknown]","0x1c002fe70"
"func@0x18000f6ac","0","0","268800","0","0","0","1","0","0","0","0","0","0","0","kernelbase.dll","func@0x18000f6ac","[Unknown]","0x18000f6ac"
"NdisAcquireRWLockRead","0","0","0","0","0","0","1","0","0","0","0","0","0","0","ndis.sys","NdisAcquireRWLockRead","[Unknown]","0x1c0042d50"
"RtlGetNextExpiredTimerWheelEntry","0","0","0","0","0","0","1","0","0","0","0","0","0","0","netio.sys","RtlGetNextExpiredTimerWheelEntry","[Unknown]","0x1c002fc00"
"NdisFSendNetBufferLists","0","0","0","0","0","0","1","0","0","0","0","0","0","0","ndis.sys","NdisFSendNetBufferLists","[Unknown]","0x1c001fb30"
"func@0x180010f40","0","0","268800","0","0","0","1","0","0","0","0","0","0","0","nllbidsdriver.sys","func@0x180010f40","[Unknown]","0x180010f40"
"func@0x1c0015e80","0","0","0","0","0","0","1","0","0","0","0","0","0","0","ndis.sys","func@0x1c0015e80","[Unknown]","0x1c0015e80"
"func@0x18018244c","0","268800","0","","0","0","1","0","0","0","0","0","0","","kernelbase.dll","func@0x18018244c","[Unknown]","0x18018244c"
"func@0x1c000b9dd","0","0","0","0","0","0","1","0","0","0","0","0","0","0","wdiwifi.sys","func@0x1c000b9dd","[Unknown]","0x1c000b9dd"
"func@0x18000f9cc","0","0","0","0","0","0","1","0","0","0","0","0","0","0","nllbidsdriver.sys","func@0x18000f9cc","[Unknown]","0x18000f9cc"
"ReadFile","0","0","268800","0","0","0","1","0","0","0","0","0","0","0","kernelbase.dll","ReadFile","[Unknown]","0x18004d400"
"func@0x1c00446e0","0","0","0","0","0","0","1","0","0","0","0","0","0","0","ndis.sys","func@0x1c00446e0","[Unknown]","0x1c00446e0"
"func@0x18001f108","0","0","0","0","0","0","1","0","0","0","0","0","0","0","nllbidsdriver.sys","func@0x18001f108","[Unknown]","0x18001f108"
"func@0x1801814d8","0","0","0","0","0","0","1","0","0","0","0","0","0","0","kernelbase.dll","func@0x1801814d8","[Unknown]","0x1801814d8"
"func@0x180037170","0","0","0","0","0","0","1","0","0","0","0","0","0","0","ucrtbase.dll","func@0x180037170","[Unknown]","0x180037170"
"func@0x1400713c0","0","0","0","0","0","","","0","0","0","0","0","0","0","nllsnx.sys","func@0x1400713c0","[Unknown]","0x1400713c0"
"fileno","0","268800","0","","0","0","1","0","0","0","0","0","0","","ucrtbase.dll","fileno","[Unknown]","0x180012da0"
"func@0x1c00073b0","0","268800","0","","0","0","1","0","0","0","0","0","0","","bindflt.sys","func@0x1c00073b0","[Unknown]","0x1c00073b0"
"func@0x1c0010580","0","537600","0","","0","0","1","0","0","0","0","0","0","","dxgmms2.sys","func@0x1c0010580","[Unknown]","0x1c0010580"
"func@0x1c0015fe1","0","268800","0","","0","0","1","0","0","0","0","0","0","","ndis.sys","func@0x1c0015fe1","[Unknown]","0x1c0015fe1"
"func@0x180036e50","0","268800","0","","0","0","1","0","0","0","0","0","0","","ucrtbase.dll","func@0x180036e50","[Unknown]","0x180036e50"
"func@0x180039fb4","0","0","0","0","0","0","1","0","0","0","0","0","0","0","ucrtbase.dll","func@0x180039fb4","[Unknown]","0x180039fb4"
"func@0x1800365d0","0","268800","268800","1","0","","","0","0","0","0","0","0","","ucrtbase.dll","func@0x1800365d0","[Unknown]","0x1800365d0"
"func@0x140040150","0","268800","0","","0","0","1","0","0","0","0","0","0","","nllmonflt.sys","func@0x140040150","[Unknown]","0x140040150"
"func@0x180036b40","0","0","0","0","0","0","1","0","0","0","0","0","0","0","ucrtbase.dll","func@0x180036b40","[Unknown]","0x180036b40"
"func@0x14000f1b3","0","268800","0","","0","0","1","0","0","0","0","0","0","","nllmonflt.sys","func@0x14000f1b3","[Unknown]","0x14000f1b3"
"func@0x1c00037e0","0","0","0","0","0","0","1","0","0","0","0","0","0","0","fileinfo.sys","func@0x1c00037e0","[Unknown]","0x1c00037e0"
"func@0x1c0019900","0","268800","0","","0","0","1","0","0","0","0","0","0","","bindflt.sys","func@0x1c0019900","[Unknown]","0x1c0019900"
"func@0x1c0013500","0","0","268800","0","0","0","1","0","0","0","0","0","0","0","fileinfo.sys","func@0x1c0013500","[Unknown]","0x1c0013500"
"WdLogSingleEntry2","0","0","268800","0","0","0","1","0","0","0","0","0","0","0","watchdog.sys","WdLogSingleEntry2","[Unknown]","0x1c0001f80"
"func@0x14003fe6f","0","0","0","0","0","0","1","0","0","0","0","0","0","0","nllmonflt.sys","func@0x14003fe6f","[Unknown]","0x14003fe6f"
"func@0x1400082a0","0","268800","0","","0","0","1","0","0","0","0","0","0","","nllmonflt.sys","func@0x1400082a0","[Unknown]","0x1400082a0"
"func@0x1c0001000","0","268800","0","","","0","","0","0","0","0","0","0","","fileinfo.sys","func@0x1c0001000","[Unknown]","0x1c0001000"
"func@0x1c0020a60","0","0","0","0","0","0","1","0","0","0","0","0","0","0","bindflt.sys","func@0x1c0020a60","[Unknown]","0x1c0020a60"
"func@0x1c004e470","0","268800","268800","1","0","0","1","0","0","0","0","0","0","","cng.sys","func@0x1c004e470","[Unknown]","0x1c004e470"
"func@0x1c0095210","0","268800","0","","0","0","1","0","0","0","0","0","0","","cng.sys","func@0x1c0095210","[Unknown]","0x1c0095210"
"func@0x14004eff8","0","268800","0","","0","0","1","0","0","0","0","0","0","","nllsnx.sys","func@0x14004eff8","[Unknown]","0x14004eff8"
"__mb_cur_max_func","0","268800","0","","0","0","1","0","0","0","0","0","0","","ucrtbase.dll","__mb_cur_max_func","[Unknown]","0x18006cf10"
"func@0x14001a0f8","0","268800","806400","0.333333","0","","","0","0","0","0","0","0","","nllmonflt.sys","func@0x14001a0f8","[Unknown]","0x14001a0f8"
"func@0x1c00014f0","0","537600","806400","0.666667","0","","","0","0","0","0","0","0","","symcryptk.dll","func@0x1c00014f0","[Unknown]","0x1c00014f0"
"free_base","0","0","806400","0","0","","","0","0","0","0","0","0","0","ucrtbase.dll","free_base","[Unknown]","0x18001e0e0"
"func@0x1c000dff0","0","0","268800","0","0","0","1","0","0","0","0","0","0","0","cng.sys","func@0x1c000dff0","[Unknown]","0x1c000dff0"
"func@0x180009800","0","0","268800","0","0","0","1","0","0","0","0","0","0","0","ucrtbase.dll","func@0x180009800","[Unknown]","0x180009800"
"func@0x1400496e8","0","0","268800","0","0","0","1","0","0","0","0","0","0","0","nllsp.sys","func@0x1400496e8","[Unknown]","0x1400496e8"
"func@0x14004137f","0","268800","268800","1","0","0","1","0","0","0","0","0","0","","nllmonflt.sys","func@0x14004137f","[Unknown]","0x14004137f"
"func@0x140030d33","0","0","0","0","0","","","0","0","0","0","0","0","0","nllsp.sys","func@0x140030d33","[Unknown]","0x140030d33"
"func@0x180013230","0","0","268800","0","0","0","1","0","0","0","0","0","0","0","ucrtbase.dll","func@0x180013230","[Unknown]","0x180013230"
"func@0x140032567","0","0","268800","0","0","0","1","0","0","0","0","0","0","0","nllsp.sys","func@0x140032567","[Unknown]","0x140032567"
"func@0x1c0001110","0","0","0","0","0","0","1","0","0","0","0","0","0","0","wfplwfs.sys","func@0x1c0001110","[Unknown]","0x1c0001110"
"memset","0","0","0","0","0","0","1","0","0","0","0","0","0","0","vcruntime140.dll","memset","[Unknown]","0x180011a90"
"func@0x180011210","0","0","0","0","0","","","0","0","0","0","0","0","0","vcruntime140.dll","func@0x180011210","[Unknown]","0x180011210"
"func@0x1c00038c0","0","268800","0","","0","0","1","0","0","0","0","0","0","","partmgr.sys","func@0x1c00038c0","[Unknown]","0x1c00038c0"
"func@0x18001a220","0","0","0","0","0","","","0","0","0","0","0","0","0","ucrtbase.dll","func@0x18001a220","[Unknown]","0x18001a220"
"memmove","0","0","0","0","0","","","0","0","0","0","0","0","0","vcruntime140.dll","memmove","[Unknown]","0x1800113f0"
"func@0x1c00099fb","0","537600","0","","0","0","1","0","0","0","0","0","0","","usbxhci.sys","func@0x1c00099fb","[Unknown]","0x1c00099fb"
"func@0x1c0035ad0","0","0","0","0","0","0","","","0","0","0","0","0","0","usbxhci.sys","func@0x1c0035ad0","[Unknown]","0x1c0035ad0"
"calloc_base","0","0","0","0","0","0","1","0","0","0","0","0","0","0","ucrtbase.dll","calloc_base","[Unknown]","0x180010050"
"free","0","806400","268800","3","0","","","0","0","0","0","0","0","","ucrtbase.dll","free","[Unknown]","0x180015de0"
"func@0x14002ce30","0","268800","0","","0","0","1","0","0","0","0","0","0","","nllvmm.sys","func@0x14002ce30","[Unknown]","0x14002ce30"
"func@0x18002c300","0","0","0","0","0","0","1","0","0","0","0","0","0","0","ucrtbase.dll","func@0x18002c300","[Unknown]","0x18002c300"
"GetPersistedRegistryLocationW","0","268800","0","","0","0","1","0","0","0","0","0","0","","kernelbase.dll","GetPersistedRegistryLocationW","[Unknown]","0x1800eca40"
"InitOnceExecuteOnce","0","0","0","0","0","0","1","0","0","0","0","0","0","0","kernelbase.dll","InitOnceExecuteOnce","[Unknown]","0x18009e920"
"func@0x1c0020560","0","0","0","0","0","0","1","0","0","0","0","0","0","0","storport.sys","func@0x1c0020560","[Unknown]","0x1c0020560"
"func@0x1400176b0","0","0","268800","0","0","0","1","0","0","0","0","0","0","0","nllarpot.sys","func@0x1400176b0","[Unknown]","0x1400176b0"
"func@0x140028dd7","0","0","268800","0","0","0","1","0","0","0","0","0","0","0","nllnethub.sys","func@0x140028dd7","[Unknown]","0x140028dd7"
"func@0x14000a5c4","0","268800","0","","0","0","1","0","0","0","0","0","0","","nllarpot.sys","func@0x14000a5c4","[Unknown]","0x14000a5c4"
"func@0x14002c10f","0","0","0","0","0","0","1","0","0","0","0","0","0","0","nllnethub.sys","func@0x14002c10f","[Unknown]","0x14002c10f"
"func@0x140016043","0","0","1075200","0","0","","","0","0","0","0","0","0","0","nllsp.sys","func@0x140016043","[Unknown]","0x140016043"
"func@0x1c0003f46","0","0","0","0","0","0","1","0","0","0","0","0","0","0","cldflt.sys","func@0x1c0003f46","[Unknown]","0x1c0003f46"
"func@0x1c004d440","0","0","0","0","0","0","1","0","0","0","0","0","0","0","cldflt.sys","func@0x1c004d440","[Unknown]","0x1c004d440"
"func@0x14001a1b0","0","268800","0","","0","0","1","0","0","0","0","0","0","","nllarpot.sys","func@0x14001a1b0","[Unknown]","0x14001a1b0"
"std::basic_ios<char,struct std::char_traits<char> >::clear","0","0","0","0","0","0","1","0","0","0","0","0","0","0","msvcp140.dll","std::basic_ios<char,struct std::char_traits<char> >::clear(int,bool)","[Unknown]","0x180006cc0"
"func@0x180052be8","0","0","0","0","0","0","1","0","0","0","0","0","0","0","msvcp140.dll","func@0x180052be8","[Unknown]","0x180052be8"
"std::num_put<char,class std::ostreambuf_iterator<char,struct std::char_traits<char> > >::_Iput","0","0","0","0","0","","","0","0","0","0","0","0","0","msvcp140.dll","std::num_put<char,class std::ostreambuf_iterator<char,struct std::char_traits<char> > >::_Iput(class std::ostreambuf_iterator<char,struct std::char_traits<char> >,class std::ios_base & __ptr64,char,char * __ptr64,unsigned __int64)","[Unknown]","0x18000ead0"
"func@0x1400175a0","0","0","0","0","0","","","0","0","0","0","0","0","0","nllarpot.sys","func@0x1400175a0","[Unknown]","0x1400175a0"
"func@0x180003a64","0","0","0","0","0","0","1","0","0","0","0","0","0","0","msvcp140.dll","func@0x180003a64","[Unknown]","0x180003a64"
"func@0x140008858","0","0","0","0","0","0","1","0","0","0","0","0","0","0","nllarpot.sys","func@0x140008858","[Unknown]","0x140008858"
"func@0x1c000bbd0","0","0","268800","0","0","","","0","0","0","0","0","0","0","condrv.sys","func@0x1c000bbd0","[Unknown]","0x1c000bbd0"
"func@0x1c0004290","0","268800","0","","0","0","1","0","0","0","0","0","0","","cldflt.sys","func@0x1c0004290","[Unknown]","0x1c0004290"
