"Function / Call Stack","CPU Time","Clockticks","Instructions Retired","CPI Rate","Retiring","Front-End Bound","Bad Speculation","Back-End Bound","Retiring","Front-End Bound","Bad Speculation","Back-End Bound","Stores Bound","Load Bound","Average CPU Frequency","Module","Function (Full)","Source File","Start Address"
"ImageProcessing::convolution","8.58116","39960345600","168352665600","0.237361","0.732111","0.0321523","0.0238433","0.211894","0.363757","0.0330688","0.437831","0.165344","0","0.396825","4.65675e+09","kip_sequential_soa_profile.exe","ImageProcessing::convolution(class Image const &,class Kernel const &)","ImageProcessing.cpp","0x140025a90"
"stbiw__jpg_processDU","0.278099","1248038400","1446144000","0.863011","0.186408","0.24466","0.457282","0.11165","0","0","0","0","0","0","4.48775e+09","kip_sequential_soa_profile.exe","stbiw__jpg_processDU(struct stbi__write_context *, int *, int *, float *, int, float *, int, unsigned short[2] *, unsigned short[2] *)","stb_image_write.h","0x140023f40"
"stbi__jpeg_decode_block_prog_ac","0.175299","819302400","1066060800","0.768533","0.254962","0.412214","0.218321","0.114504","0","0","0","0","0","0","4.67374e+09","kip_sequential_soa_profile.exe","stbi__jpeg_decode_block_prog_ac","stb_image.h","0x140012af5"
"stbi_write_jpg_core","0.0627997","254016000","1076275200","0.236014","0.730233","0.0534884","0","0.255814","0","0","0","0","0","0","4.04486e+09","kip_sequential_soa_profile.exe","stbi_write_jpg_core(struct stbi__write_context *, int, int, int, const void *, int)","stb_image_write.h","0x14000cb90"
"RtlEnterCriticalSection","0.0582998","258585600","742425600","0.348298","0.523404","0.238298","0.238298","0","0","0","0","0","0","0","4.43545e+09","ntdll.dll","RtlEnterCriticalSection","[Unknown]","0x1800412f0"
"RtlLeaveCriticalSection","0.0582998","261811200","805862400","0.324883","0.425532","0.195745","0.27234","0.106383","0","0","0","0","0","0","4.49078e+09","ntdll.dll","RtlLeaveCriticalSection","[Unknown]","0x1800413f0"
"func@0x18001cb40","0.0478998","215577600","38707200","5.56944","0.0344828","0.0172414","0.706897","0.241379","0","0","0","0","0","0","4.5006e+09","vcruntime140.dll","func@0x18001cb40","[Unknown]","0x18001cb40"
"stbi__YCbCr_to_RGB_simd","0.0460998","217190400","1008537600","0.215352","0.838095","0.114286","0","0.214286","0","0","0","0","0","0","4.71131e+09","kip_sequential_soa_profile.exe","stbi__YCbCr_to_RGB_simd(unsigned char *, const unsigned char *, const unsigned char *, const unsigned char *, int, int)","stb_image.h","0x14001f570"
"stbi__jpeg_huff_decode","0.0388998","181708800","180633600","1.00595","0.247059","0.729412","0","0.176471","0","0","0","0","0","0","4.6712e+09","kip_sequential_soa_profile.exe","stbi__jpeg_huff_decode","stb_image.h","0x140012ce3"
"stbiw__jpg_DCT","0.0361998","165312000","599424000","0.275785","0.672","0.052","0","0.4","0","0","0","0","0","0","4.56665e+09","kip_sequential_soa_profile.exe","stbiw__jpg_DCT","stb_image_write.h","0x140024010"
"func@0x18001e560","0.0340999","163430400","1075200","152","0.0214286","0.121429","0","1","0","0","0","0","0","0","4.7927e+09","vcruntime140.dll","func@0x18001e560","[Unknown]","0x18001e560"
"stbi__jpeg_get_bit","0.0244999","104025600","85478400","1.21698","0.178947","0.547368","0.168421","0.105263","0","0","0","0","0","0","4.24596e+09","kip_sequential_soa_profile.exe","stbi__jpeg_get_bit","stb_image.h","0x140012edd"
"getChannelAsUint8","0.0203999","106444800","349440000","0.304615","0.246154","0.407692","0.115385","0.230769","0","0","1","0","0","0","5.2179e+09","kip_sequential_soa_profile.exe","getChannelAsUint8","ImageProcessing.cpp","0x140026022"
"stbi__grow_buffer_unsafe","0.0199999","96230400","106444800","0.90404","0.4","0.63","0","0.1","0","0","0","0","0","0","4.81154e+09","kip_sequential_soa_profile.exe","stbi__grow_buffer_unsafe(struct stbi__jpeg *)","stb_image.h","0x140021ae0"
"func@0x18001b950","0.0199999","83059200","156441600","0.530928","0.46","0.095","0.445","0","0","0","0","0","0","0","4.15298e+09","ucrtbase.dll","func@0x18001b950","[Unknown]","0x18001b950"
"STBImageReader::loadRGBImage","0.0182999","83059200","358041600","0.231982","0.28","0.044","0.556","0.12","0","0","0","0","0","0","4.53877e+09","kip_sequential_soa_profile.exe","STBImageReader::loadRGBImage(class std::filesystem::path const &)","STBImageReader.cpp","0x14000e300"
"fwrite","0.0177999","77683200","147840000","0.525455","0.352941","0.235294","0.352941","0.0588235","0","0","0","0","0","0","4.36424e+09","ucrtbase.dll","fwrite","[Unknown]","0x18001b760"
"stbiw__jpg_writeBits","0.0175999","80640000","139776000","0.576923","0.453333","0.246667","0.166667","0.133333","0","0","0","0","0","0","4.58184e+09","kip_sequential_soa_profile.exe","stbiw__jpg_writeBits","stb_image_write.h","0x140024939"
"stbi__idct_simd","0.0173999","74188800","234931200","0.315789","0.158333","0.0125","0.745833","0.0833333","0","0","0","0","0","0","4.26374e+09","kip_sequential_soa_profile.exe","stbi__idct_simd(unsigned char *, int, short *)","stb_image.h","0x14001ed60"
"std::vector<unsigned char,std::allocator<unsigned char> >::operator[]","0.0146999","63168000","394598400","0.160082","0.492308","0.430769","0","0.0769231","0","0","0","0","0","0","4.29716e+09","kip_sequential_soa_profile.exe","std::vector<unsigned char,std::allocator<unsigned char> >::operator[]","vector","0x14002604b"
"stbiw__jpg_calcBits","0.0124999","54297600","120960000","0.448889","0.6","0.225","0","0.25","0","0","0","0","0","0","4.34383e+09","kip_sequential_soa_profile.exe","stbiw__jpg_calcBits","stb_image_write.h","0x140024930"
"func@0x14024aa70","0.0124999","57254400","101068800","0.566489","0.314286","0.1","0","0.714286","0","0","0","0","0","0","4.58037e+09","ntoskrnl.exe","func@0x14024aa70","[Unknown]","0x14024aa70"
"func@0x18001b850","0.0124999","58329600","165043200","0.35342","1","0.325","0","0.25","0","0","0","0","0","0","4.66639e+09","ucrtbase.dll","func@0x18001b850","[Unknown]","0x18001b850"
"getChannelAsUint8","0.0123999","56448000","341376000","0.165354","0.86","0.52","0","0","0","0","0","0","0","0","4.55228e+09","kip_sequential_soa_profile.exe","getChannelAsUint8","ImageProcessing.cpp","0x140026053"
"func@0x1406bb5ae","0.0122999","52684800","8601600","6.125","0.06","0.13","0","0.9","0","0","0","0","0","0","4.28334e+09","ntoskrnl.exe","func@0x1406bb5ae","[Unknown]","0x1406bb5ae"
"stbiw__jpg_DCT","0.0119999","49190400","165043200","0.298046","1","0.0333333","0","1","0","0","0","0","0","0","4.09922e+09","kip_sequential_soa_profile.exe","stbiw__jpg_DCT","stb_image_write.h","0x14002416b"
"STBImageReader::saveJPGImage","0.0114","52953600","288691200","0.183426","0.84","0.05","0.01","0.1","0","0","0","0","0","0","4.64507e+09","kip_sequential_soa_profile.exe","STBImageReader::saveJPGImage(class Image const &,class std::filesystem::path const &)","STBImageReader.cpp","0x14000e7e0"
"func@0x18001b8a0","0.0108","50265600","204825600","0.245407","0.733333","0.25","0.0166667","0","0","0","0","0","0","0","4.65424e+09","ucrtbase.dll","func@0x18001b8a0","[Unknown]","0x18001b8a0"
"stbiw__jpg_writeBits","0.0105","42739200","89779200","0.476048","0.272727","0.1","0.627273","0","0","0","0","0","0","0","4.07042e+09","kip_sequential_soa_profile.exe","stbiw__jpg_writeBits","stb_image_write.h","0x140024800"
"func@0x140307a70","0.00919996","38438400","18816000","2.04286","0","0","0.777778","0.222222","0","0","0","0","0","0","4.1781e+09","ntoskrnl.exe","func@0x140307a70","[Unknown]","0x140307a70"
"getChannelAsUint8","0.00829997","39782400","56448000","0.704762","0.542857","0.1","0","1","0","0","0","0","0","0","4.79308e+09","kip_sequential_soa_profile.exe","getChannelAsUint8","ImageProcessing.cpp","0x140025fda"
"ImageProcessing::extendEdge","0.00819997","34675200","165580800","0.209416","1","0.15","0","0","0","0","0","0","0","0","4.2287e+09","kip_sequential_soa_profile.exe","ImageProcessing::extendEdge(class Image const &,unsigned int)","ImageProcessing.cpp","0x140026280"
"stbi__parse_entropy_coded_data","0.00809997","31987200","98918400","0.32337","0.65","0.15","0","0.5","0","0","0","0","0","0","3.94905e+09","kip_sequential_soa_profile.exe","stbi__parse_entropy_coded_data","stb_image.h","0x1400129c4"
"func@0x1406b4c60","0.00749997","25267200","24729600","1.02174","0.114286","0","0.314286","0.571429","0","0","0","0","0","0","3.36897e+09","ntoskrnl.exe","func@0x1406b4c60","[Unknown]","0x1406b4c60"
"stbiw__jpg_writeBits","0.00619997","23385600","12902400","1.8125","0.3","0.3","0","0.5","0","0","0","0","0","0","3.77189e+09","kip_sequential_soa_profile.exe","stbiw__jpg_writeBits","stb_image_write.h","0x1400245f1"
"func@0x140344510","0.00599997","21772800","20428800","1.06579","0.4","0","0","1","0","0","0","0","0","0","3.62882e+09","ntoskrnl.exe","func@0x140344510","[Unknown]","0x140344510"
"std::vector<unsigned char,std::allocator<unsigned char> >::operator[]","0.00579998","22579200","104832000","0.215385","0.628571","0.0142857","0.357143","0","0","0","0","0","0","0","3.89298e+09","kip_sequential_soa_profile.exe","std::vector<unsigned char,std::allocator<unsigned char> >::operator[]","vector","0x1400264e8"
"stbi__resample_row_hv_2_simd","0.00569998","26611200","113971200","0.233491","0.418182","0.0272727","0.463636","0.0909091","0","0","0","0","0","0","4.66865e+09","kip_sequential_soa_profile.exe","stbi__resample_row_hv_2_simd(unsigned char *, unsigned char *, unsigned char *, int, int)","stb_image.h","0x14001f7d0"
"stbi__jpeg_decode_block_prog_dc","0.00549998","24192000","27955200","0.865385","0","0.11","0.89","0","0","0","0","0","0","0","4.39856e+09","kip_sequential_soa_profile.exe","stbi__jpeg_decode_block_prog_dc(struct stbi__jpeg *, short *, struct stbi__huffman *, int)","stb_image.h","0x140021c90"
"stbi__jpeg_get_bit","0.00539998","22310400","22041600","1.0122","0.3","0.8","0","0.5","0","0","0","0","0","0","4.13157e+09","kip_sequential_soa_profile.exe","stbi__jpeg_get_bit","stb_image.h","0x140012e4e"
"std::vector<unsigned char,std::allocator<unsigned char> >::operator[]","0.00529998","24998400","149990400","0.166667","0.657143","0.357143","0","0","0","0","0","0","0","0","4.7167e+09","kip_sequential_soa_profile.exe","std::vector<unsigned char,std::allocator<unsigned char> >::operator[]","vector","0x140025f22"
"func@0x18000bf20","0.00529998","27686400","180633600","0.153274","0.9","0.1","0","0","0","0","0","0","0","0","5.22387e+09","ucrtbase.dll","func@0x18000bf20","[Unknown]","0x18000bf20"
"stbi__jpeg_huff_decode","0.00519998","27148800","50534400","0.537234","0.25","0.125","0.625","0","0","0","0","0","0","0","5.22095e+09","kip_sequential_soa_profile.exe","stbi__jpeg_huff_decode","stb_image.h","0x140013011"
"func@0x140201850","0.00469998","20697600","75801600","0.27305","1","1","0","0","0","0","0","0","0","0","4.40376e+09","ntoskrnl.exe","func@0x140201850","[Unknown]","0x140201850"
"func@0x18001bcc0","0.00439998","22310400","124185600","0.179654","1","0.2","0","0","0","0","0","0","0","0","5.07057e+09","ucrtbase.dll","func@0x18001bcc0","[Unknown]","0x18001bcc0"
"stbi__jpeg_dequantize","0.00399998","19353600","20428800","0.947368","0.1","0.05","0","1","0","0","0","0","0","0","4.83842e+09","kip_sequential_soa_profile.exe","stbi__jpeg_dequantize","stb_image.h","0x140013ac0"
"stbi__stdio_write","0.00369998","16396800","25267200","0.648936","1","0.7","0","0","0","0","0","0","0","0","4.43159e+09","kip_sequential_soa_profile.exe","stbi__stdio_write(void *, void *, int)","stb_image_write.h","0x140023ef0"
"stbi__get8","0.00369998","14515200","15590400","0.931034","0.0666667","0.4","0.2","0.333333","0","0","0","0","0","0","3.92304e+09","kip_sequential_soa_profile.exe","stbi__get8","stb_image.h","0x140021b25"
"func@0x1800413b9","0.00369998","17203200","63436800","0.271186","0.56","0.2","0.24","0","0","0","0","0","0","0","4.64953e+09","ntdll.dll","func@0x1800413b9","[Unknown]","0x1800413b9"
"func@0x14028dde0","0.00369998","18816000","37094400","0.507246","","","","","0","0","0","0","0","0","5.08543e+09","ntoskrnl.exe","func@0x14028dde0","[Unknown]","0x14028dde0"
"memcpy","0.00359998","19353600","10214400","1.89474","0.5","0.2","0.3","0","0","0","0","0","0","0","5.37602e+09","ucrtbase.dll","memcpy","[Unknown]","0x1800ee2d0"
"std::vector<unsigned char,std::allocator<unsigned char> >::operator[]","0.00349999","19084800","29030400","0.657407","0.1","0","0.75","0.166667","0","0","0","0","0","0","5.45282e+09","kip_sequential_soa_profile.exe","std::vector<unsigned char,std::allocator<unsigned char> >::operator[]","vector","0x14002601a"
"func@0x1406ae6c0","0.00329999","15052800","2688000","5.6","0.1","0.116667","0.616667","0.166667","0","0","0","0","0","0","4.56147e+09","ntoskrnl.exe","func@0x1406ae6c0","[Unknown]","0x1406ae6c0"
"std::vector<unsigned char,std::allocator<unsigned char> >::operator[]","0.00309999","17472000","90316800","0.193452","0.6","0.1","0.3","0","0","0","0","0","0","0","5.63615e+09","kip_sequential_soa_profile.exe","std::vector<unsigned char,std::allocator<unsigned char> >::operator[]","vector","0x14000e914"
"stbiw__jpg_calcBits","0.00289999","11827200","9139200","1.29412","0.2","0.2","0.6","0","0","0","0","0","0","0","4.07836e+09","kip_sequential_soa_profile.exe","stbiw__jpg_calcBits","stb_image_write.h","0x1400245ba"
"func@0x18004152e","0.00289999","12096000","66662400","0.181452","1","0.1","0","0","0","0","0","0","0","0","4.17105e+09","ntdll.dll","func@0x18004152e","[Unknown]","0x18004152e"
"func@0x1403441f5","0.00289999","17472000","15590400","1.12069","","","","","0","0","0","0","0","0","6.02485e+09","ntoskrnl.exe","func@0x1403441f5","[Unknown]","0x1403441f5"
"std::vector<unsigned char,std::allocator<unsigned char> >::operator[]","0.00279999","12364800","54835200","0.22549","","","","","0","0","0","0","0","0","4.41602e+09","kip_sequential_soa_profile.exe","std::vector<unsigned char,std::allocator<unsigned char> >::operator[]","vector","0x1400264d6"
"func@0x14030f65d","0.00269999","12633600","7526400","1.67857","0.3","0.35","0","1","0","0","0","0","0","0","4.67913e+09","ntoskrnl.exe","func@0x14030f65d","[Unknown]","0x14030f65d"
"ExpInterlockedPopEntrySList","0.00269999","6720000","7526400","0.892857","0.2","0.3","0","1","0","0","0","0","0","0","2.4889e+09","ntoskrnl.exe","ExpInterlockedPopEntrySList","[Unknown]","0x1406b5160"
"std::vector<unsigned char,std::allocator<unsigned char> >::operator[]","0.00249999","15321600","71500800","0.214286","0.85","0.025","0","0.75","0","0","0","0","0","0","6.12867e+09","kip_sequential_soa_profile.exe","std::vector<unsigned char,std::allocator<unsigned char> >::operator[]","vector","0x1400264ce"
"func@0x1402f88d0","0.00239999","6720000","26342400","0.255102","","","","0","0","0","0","0","0","0","2.80001e+09","ntoskrnl.exe","func@0x1402f88d0","[Unknown]","0x1402f88d0"
"func@0x140241a70","0.00239999","8870400","15590400","0.568966","","","","0","0","0","0","0","0","0","3.69602e+09","ntoskrnl.exe","func@0x140241a70","[Unknown]","0x140241a70"
"RtlCopyMemory","0.00219999","4838400","4838400","1","0.2","0.1","0","1","0","0","0","0","0","0","2.19928e+09","ntoskrnl.exe","RtlCopyMemory","[Unknown]","0x1406c1440"
"std::vector<unsigned char,std::allocator<unsigned char> >::operator[]","0.00209999","13171200","25804800","0.510417","0.6","0","0.4","0","0","0","0","0","0","0","6.27203e+09","kip_sequential_soa_profile.exe","std::vector<unsigned char,std::allocator<unsigned char> >::operator[]","vector","0x14000e54a"
"func@0x1400010e0","0.00209999","9408000","0","","0","0.0666667","0.933333","0","0","0","0","0","0","0","4.48002e+09","intelppm.sys","func@0x1400010e0","[Unknown]","0x1400010e0"
"func@0x140332f40","0.00209999","5644800","4838400","1.16667","0.4","0.1","0","1","0","0","0","0","0","0","2.68801e+09","ntoskrnl.exe","func@0x140332f40","[Unknown]","0x140332f40"
"std::vector<unsigned char,std::allocator<unsigned char> >::operator[]","0.00209999","8332800","24729600","0.336957","0.8","0","0","1","0","0","0","0","0","0","3.96802e+09","kip_sequential_soa_profile.exe","std::vector<unsigned char,std::allocator<unsigned char> >::operator[]","vector","0x1400264df"
"func@0x140250fc0","0.00189999","9139200","6988800","1.30769","0.2","0","0","1","0","0","0","0","0","0","4.81013e+09","ntoskrnl.exe","func@0x140250fc0","[Unknown]","0x140250fc0"
"std::vector<unsigned char,std::allocator<unsigned char> >::operator[]","0.00179999","6451200","40320000","0.16","0.6","0.2","0.2","0","0","0","0","0","0","0","3.58402e+09","kip_sequential_soa_profile.exe","std::vector<unsigned char,std::allocator<unsigned char> >::operator[]","vector","0x14000e92c"
"stbiw__jpg_writeBits","0.00169999","4838400","10752000","0.45","","","","0","0","0","0","0","0","0","2.84613e+09","kip_sequential_soa_profile.exe","stbiw__jpg_writeBits","stb_image_write.h","0x14002468e"
"func@0x1403f6200","0.00149999","6182400","0","","","0","","","0","0","0","0","0","0","4.12162e+09","ntoskrnl.exe","func@0x1403f6200","[Unknown]","0x1403f6200"
"stbiw__jpg_writeBits","0.00149999","4838400","17740800","0.272727","","","","0","0","0","0","0","0","0","3.22561e+09","kip_sequential_soa_profile.exe","stbiw__jpg_writeBits","stb_image_write.h","0x140024a82"
"stbi__extend_receive","0.00149999","7257600","26880000","0.27","0","0.166667","0.833333","0","0","0","0","0","0","0","4.83842e+09","kip_sequential_soa_profile.exe","stbi__extend_receive","stb_image.h","0x140021e0d"
"func@0x1403440b0","0.00139999","3763200","9676800","0.388889","0","","","0","0","0","0","0","0","0","2.68801e+09","ntoskrnl.exe","func@0x1403440b0","[Unknown]","0x1403440b0"
"func@0x1403acc30","0.00139999","5913600","8601600","0.6875","0","","","0","0","0","0","0","0","0","4.22402e+09","ntoskrnl.exe","func@0x1403acc30","[Unknown]","0x1403acc30"
"stbi__jpeg_huff_decode","0.00139999","8601600","11289600","0.761905","0","0.025","0.975","0","0","0","0","0","0","0","6.14403e+09","kip_sequential_soa_profile.exe","stbi__jpeg_huff_decode","stb_image.h","0x140021d87"
"func@0x140bc076a","0.00129999","5107200","2150400","2.375","0","","","0","0","0","0","0","0","0","3.92863e+09","ntoskrnl.exe","func@0x140bc076a","[Unknown]","0x140bc076a"
"func@0x14024ed2a","0.00129999","6182400","6451200","0.958333","","0","","","0","0","0","0","0","0","4.75571e+09","ntoskrnl.exe","func@0x14024ed2a","[Unknown]","0x14024ed2a"
"stbiw__putc","0.00129999","8064000","22579200","0.357143","0.3","0.05","0.65","0","0","0","0","0","0","0","6.2031e+09","kip_sequential_soa_profile.exe","stbiw__putc","stb_image_write.h","0x1400249f9"
"func@0x1402c6150","0.00119999","6451200","0","","0","0.1","0","1","0","0","0","0","0","0","5.37602e+09","ntoskrnl.exe","func@0x1402c6150","[Unknown]","0x1402c6150"
"func@0x14040a340","0.00119999","7795200","1612800","4.83333","0.2","0","0.8","0","0","0","0","0","0","0","6.49603e+09","ntoskrnl.exe","func@0x14040a340","[Unknown]","0x14040a340"
"func@0x1406b3623","0.00119999","4838400","537600","9","0.2","0.4","0","1","0","0","0","0","0","0","4.03202e+09","ntoskrnl.exe","func@0x1406b3623","[Unknown]","0x1406b3623"
"func@0x1402498a0","0.0011","8601600","9676800","0.888889","0.6","0","0","1","0","0","0","0","0","0","7.81967e+09","ntoskrnl.exe","func@0x1402498a0","[Unknown]","0x1402498a0"
"func@0x14024d940","0.0011","5107200","5376000","0.95","0","0","1","0","0","0","0","0","0","0","4.64293e+09","ntoskrnl.exe","func@0x14024d940","[Unknown]","0x14024d940"
"func@0x140217428","0.0011","3763200","0","","0","0.05","0.45","0.5","0","0","0","0","0","0","3.42111e+09","igdkmdn64.sys","func@0x140217428","[Unknown]","0x140217428"
"func@0x14024e770","0.0011","4838400","4300800","1.125","0.2","0","0.8","0","0","0","0","0","0","0","4.39856e+09","ntoskrnl.exe","func@0x14024e770","[Unknown]","0x14024e770"
"func@0x1405eee00","0.0011","2419200","3225600","0.75","","","","0","0","0","0","0","0","0","2.19928e+09","atc.sys","func@0x1405eee00","[Unknown]","0x1405eee00"
"func@0x14026c040","0.0011","2956800","4300800","0.6875","0.4","0.4","0.2","0","0","0","0","0","0","0","2.68801e+09","atc.sys","func@0x14026c040","[Unknown]","0x14026c040"
"KeClockInterruptNotify","0.000999996","806400","1612800","0.5","0","0","1","0","0","0","0","0","0","0","8.06403e+08","ntoskrnl.exe","KeClockInterruptNotify","[Unknown]","0x14030f2c0"
"func@0x18000b730","0.000999996","2956800","8064000","0.366667","0","0.2","0.8","0","0","0","0","0","0","0","2.95681e+09","fltmgr.sys","func@0x18000b730","[Unknown]","0x18000b730"
"stbiw__jpg_writeBits","0.000999996","3494400","1075200","3.25","0","0.0666667","0.933333","0","0","0","0","0","0","0","3.49441e+09","kip_sequential_soa_profile.exe","stbiw__jpg_writeBits","stb_image_write.h","0x140024711"
"func@0x140282b40","0.000899996","2956800","2688000","1.1","0.2","0.2","0.6","0","0","0","0","0","0","0","3.28535e+09","ntoskrnl.exe","func@0x140282b40","[Unknown]","0x140282b40"
"func@0x14024bee0","0.000899996","6182400","1075200","5.75","","0","","","0","0","0","0","0","0","6.86936e+09","ntoskrnl.exe","func@0x14024bee0","[Unknown]","0x14024bee0"
"func@0x140002700","0.000899996","1075200","0","","0","0","","","0","0","0","0","0","0","1.19467e+09","intelppm.sys","func@0x140002700","[Unknown]","0x140002700"
"func@0x140226fb0","0.000799997","7257600","4300800","1.6875","0","0","0","1","0","0","0","0","0","0","9.07204e+09","ntoskrnl.exe","func@0x140226fb0","[Unknown]","0x140226fb0"
"func@0x14027cf20","0.000799997","2956800","3225600","0.916667","","0","","0","0","0","0","0","0","0","3.69602e+09","ntoskrnl.exe","func@0x14027cf20","[Unknown]","0x14027cf20"
"func@0x140296dd2","0.000799997","3494400","537600","6.5","0","0","1","0","0","0","0","0","0","0","4.36802e+09","ntoskrnl.exe","func@0x140296dd2","[Unknown]","0x140296dd2"
"std::vector<unsigned char,std::allocator<unsigned char> >::operator[]","0.000799997","806400","2150400","0.375","0","0","1","0","0","0","0","0","0","0","1.008e+09","kip_sequential_soa_profile.exe","std::vector<unsigned char,std::allocator<unsigned char> >::operator[]","vector","0x14000e53a"
"RtlHashUnicodeString","0.000799997","2956800","3225600","0.916667","0","","","0","0","0","0","0","0","0","3.69602e+09","ntoskrnl.exe","RtlHashUnicodeString","[Unknown]","0x14096eab0"
"func@0x1406b3ad0","0.000799997","3763200","537600","7","0","0.1","0","1","0","0","0","0","0","0","4.70402e+09","ntoskrnl.exe","func@0x1406b3ad0","[Unknown]","0x1406b3ad0"
"func@0x14027b070","0.000799997","2688000","1075200","2.5","0","0.05","0","1","0","0","0","0","0","0","3.36001e+09","ntoskrnl.exe","func@0x14027b070","[Unknown]","0x14027b070"
"func@0x1402fd4b0","0.000799997","1881600","4838400","0.388889","","","","0","0","0","0","0","0","0","2.35201e+09","ntoskrnl.exe","func@0x1402fd4b0","[Unknown]","0x1402fd4b0"
"std::vector<unsigned char,std::allocator<unsigned char> >::operator[]","0.000699997","4569600","14515200","0.314815","","0","","","0","0","0","0","0","0","6.52803e+09","kip_sequential_soa_profile.exe","std::vector<unsigned char,std::allocator<unsigned char> >::operator[]","vector","0x1400264f1"
"func@0x1404f1d10","0.000699997","4300800","2688000","1.6","0","0","1","0","0","0","0","0","0","0","6.14403e+09","ntoskrnl.exe","func@0x1404f1d10","[Unknown]","0x1404f1d10"
"[ntoskrnl.exe]","0.000699997","2956800","1612800","1.83333","0","","","","0","0","0","0","0","0","4.22402e+09","ntoskrnl.exe","[ntoskrnl.exe]","[Unknown]","0"
"KeAndAffinityEx2","0.000699997","1344000","5913600","0.227273","0","0","1","0","0","0","0","0","0","0","1.92001e+09","ntoskrnl.exe","KeAndAffinityEx2","[Unknown]","0x1403220c0"
"ExReleasePushLockEx","0.000699997","2150400","537600","4","","","","0","0","0","0","0","0","0","3.07201e+09","ntoskrnl.exe","ExReleasePushLockEx","[Unknown]","0x1402842d0"
"func@0x14023a1d0","0.000699997","2688000","7526400","0.357143","","","","0","0","0","0","0","0","0","3.84002e+09","ntoskrnl.exe","func@0x14023a1d0","[Unknown]","0x14023a1d0"
"func@0x1405f06e0","0.000699997","3225600","2688000","1.2","0","","","0","0","0","0","0","0","0","4.60802e+09","atc.sys","func@0x1405f06e0","[Unknown]","0x1405f06e0"
"func@0x140006960","0.000699997","6451200","17203200","0.375","0.2","0.05","0.75","0","0","0","0","0","0","0","9.21604e+09","atc.sys","func@0x140006960","[Unknown]","0x140006960"
"func@0x1402fe9a0","0.000699997","2688000","10752000","0.25","","","","0","0","0","0","0","0","0","3.84002e+09","ntoskrnl.exe","func@0x1402fe9a0","[Unknown]","0x1402fe9a0"
"func@0x1402fcd10","0.000699997","2688000","7526400","0.357143","0","","","","0","0","0","0","0","0","3.84002e+09","ntoskrnl.exe","func@0x1402fcd10","[Unknown]","0x1402fcd10"
"func@0x1403642d0","0.000699997","3494400","537600","6.5","0","0.3","0.7","0","0","0","0","0","0","0","4.99202e+09","ntoskrnl.exe","func@0x1403642d0","[Unknown]","0x1403642d0"
"stbiw__jpg_writeBits","0.000699997","4300800","9676800","0.444444","0.6","0.5","0","0","0","0","0","0","0","0","6.14403e+09","kip_sequential_soa_profile.exe","stbiw__jpg_writeBits","stb_image_write.h","0x140024880"
"func@0x140213710","0.000599997","1612800","9676800","0.166667","","0","","0","0","0","0","0","0","0","2.68801e+09","ntoskrnl.exe","func@0x140213710","[Unknown]","0x140213710"
"func@0x14030fecd","0.000599997","2150400","1075200","2","0.2","0.1","0.7","0","0","0","0","0","0","0","3.58402e+09","ntoskrnl.exe","func@0x14030fecd","[Unknown]","0x14030fecd"
"ExAcquireCacheAwarePushLockSharedEx","0.000599997","1881600","1612800","1.16667","0","0","1","0","0","0","0","0","0","0","3.13601e+09","ntoskrnl.exe","ExAcquireCacheAwarePushLockSharedEx","[Unknown]","0x140314790"
"func@0x1402bd0a0","0.000599997","1881600","537600","3.5","0","","","0","0","0","0","0","0","0","3.13601e+09","ntoskrnl.exe","func@0x1402bd0a0","[Unknown]","0x1402bd0a0"
"func@0x14024fe10","0.000599997","2150400","0","","0","0","1","0","0","0","0","0","0","0","3.58402e+09","ntoskrnl.exe","func@0x14024fe10","[Unknown]","0x14024fe10"
"func@0x140314fe1","0.000599997","2419200","4838400","0.5","","","","0","0","0","0","0","0","0","4.03202e+09","ntoskrnl.exe","func@0x140314fe1","[Unknown]","0x140314fe1"
"func@0x1403637e0","0.000599997","2956800","2150400","1.375","0.2","0","0.8","0","0","0","0","0","0","0","4.92802e+09","ntoskrnl.exe","func@0x1403637e0","[Unknown]","0x1403637e0"
"func@0x140227496","0.000599997","806400","0","","0","","","0","0","0","0","0","0","0","1.34401e+09","ntoskrnl.exe","func@0x140227496","[Unknown]","0x140227496"
"stbiw__jpg_writeBits","0.000599997","2150400","4300800","0.5","0","","","0","0","0","0","0","0","0","3.58402e+09","kip_sequential_soa_profile.exe","stbiw__jpg_writeBits","stb_image_write.h","0x140024530"
"func@0x1402a8238","0.000499998","4032000","4838400","0.833333","0.2","0.3","0.5","0","0","0","0","0","0","0","8.06403e+09","ntoskrnl.exe","func@0x1402a8238","[Unknown]","0x1402a8238"
"func@0x1403108f0","0.000499998","1881600","0","","0","0","0","1","0","0","0","0","0","0","3.76322e+09","ntoskrnl.exe","func@0x1403108f0","[Unknown]","0x1403108f0"
"ExAcquirePushLockSharedEx","0.000499998","2419200","3763200","0.642857","0","","","0","0","0","0","0","0","0","4.83842e+09","ntoskrnl.exe","ExAcquirePushLockSharedEx","[Unknown]","0x140315160"
"ExReleaseRundownProtectionCacheAwareEx","0.000499998","4032000","2688000","1.5","0","","","0","0","0","0","0","0","0","8.06403e+09","ntoskrnl.exe","ExReleaseRundownProtectionCacheAwareEx","[Unknown]","0x14027f3a0"
"ExpInterlockedPushEntrySList","0.000499998","1344000","5376000","0.25","0","","","0","0","0","0","0","0","0","2.68801e+09","ntoskrnl.exe","ExpInterlockedPushEntrySList","[Unknown]","0x1406b51a0"
"func@0x1405dfd2c","0.000499998","4032000","4300800","0.9375","","","","0","0","0","0","0","0","0","8.06403e+09","ntoskrnl.exe","func@0x1405dfd2c","[Unknown]","0x1405dfd2c"
"func@0x14027d21a","0.000499998","1612800","3763200","0.428571","0","","","0","0","0","0","0","0","0","3.22561e+09","ntoskrnl.exe","func@0x14027d21a","[Unknown]","0x14027d21a"
"func@0x1402a7440","0.000499998","3225600","537600","6","0","0","1","0","0","0","0","0","0","0","6.45123e+09","ntoskrnl.exe","func@0x1402a7440","[Unknown]","0x1402a7440"
"func@0x1406c2140","0.000499998","3494400","4300800","0.8125","","0","","0","0","0","0","0","0","0","6.98883e+09","ntoskrnl.exe","func@0x1406c2140","[Unknown]","0x1406c2140"
"func@0x1402a03b0","0.000499998","806400","1612800","0.5","0","0","1","0","0","0","0","0","0","0","1.61281e+09","ntoskrnl.exe","func@0x1402a03b0","[Unknown]","0x1402a03b0"
"func@0x140311af2","0.000499998","1612800","1075200","1.5","0","0","1","0","0","0","0","0","0","0","3.22561e+09","ntoskrnl.exe","func@0x140311af2","[Unknown]","0x140311af2"
"fread","0.000499998","1612800","1612800","1","0","","","0","0","0","0","0","0","0","3.22561e+09","ucrtbase.dll","fread","[Unknown]","0x18001de00"
"stbi__extend_receive","0.000499998","2150400","2688000","0.8","0.2","0.2","0.6","0","0","0","0","0","0","0","4.30082e+09","kip_sequential_soa_profile.exe","stbi__extend_receive","stb_image.h","0x140012f6c"
"std::vector<unsigned char,std::allocator<unsigned char> >::operator[]","0.000499998","1075200","5913600","0.181818","","","","0","0","0","0","0","0","0","2.15041e+09","kip_sequential_soa_profile.exe","std::vector<unsigned char,std::allocator<unsigned char> >::operator[]","vector","0x14000e921"
"func@0x140314f30","0.000499998","537600","537600","1","0","0","1","0","0","0","0","0","0","0","1.0752e+09","ntoskrnl.exe","func@0x140314f30","[Unknown]","0x140314f30"
"func@0x1405de530","0.000399998","2150400","3763200","0.571429","0","","","0","0","0","0","0","0","0","5.37602e+09","ntoskrnl.exe","func@0x1405de530","[Unknown]","0x1405de530"
"func@0x14023c870","0.000399998","1881600","2688000","0.7","0","0","1","0","0","0","0","0","0","0","4.70402e+09","ntoskrnl.exe","func@0x14023c870","[Unknown]","0x14023c870"
"func@0x1402be140","0.000399998","1075200","0","","","0","","","0","0","0","0","0","0","2.68801e+09","ntoskrnl.exe","func@0x1402be140","[Unknown]","0x1402be140"
"func@0x14029f99c","0.000399998","806400","1612800","0.5","","","","0","0","0","0","0","0","0","2.01601e+09","ntoskrnl.exe","func@0x14029f99c","[Unknown]","0x14029f99c"
"func@0x14030ac66","0.000399998","1344000","0","","","","","0","0","0","0","0","0","0","3.36001e+09","ntoskrnl.exe","func@0x14030ac66","[Unknown]","0x14030ac66"
"func@0x140241500","0.000399998","1612800","3763200","0.428571","","0","","0","0","0","0","0","0","0","4.03202e+09","ntoskrnl.exe","func@0x140241500","[Unknown]","0x140241500"
"func@0x1402fe397","0.000399998","1344000","4838400","0.277778","","0","","0","0","0","0","0","0","0","3.36001e+09","ntoskrnl.exe","func@0x1402fe397","[Unknown]","0x1402fe397"
"stbi__addints_valid","0.000399998","1881600","4838400","0.388889","0","0.1","0.9","0","0","0","0","0","0","0","4.70402e+09","kip_sequential_soa_profile.exe","stbi__addints_valid","stb_image.h","0x140021e8b"
"KeEnumerateNextProcessor","0.000399998","1881600","5376000","0.35","0","","","0","0","0","0","0","0","0","4.70402e+09","ntoskrnl.exe","KeEnumerateNextProcessor","[Unknown]","0x140408580"
"ExReleaseResourceLite","0.000399998","2150400","2150400","1","0","0.1","0.9","0","0","0","0","0","0","0","5.37602e+09","ntoskrnl.exe","ExReleaseResourceLite","[Unknown]","0x1402801f0"
"func@0x140228c90","0.000399998","1612800","1612800","1","0","0","1","0","0","0","0","0","0","0","4.03202e+09","ntoskrnl.exe","func@0x140228c90","[Unknown]","0x140228c90"
"func@0x1404eff80","0.000399998","1612800","3763200","0.428571","0","0","1","0","0","0","0","0","0","0","4.03202e+09","ntoskrnl.exe","func@0x1404eff80","[Unknown]","0x1404eff80"
"stbi__stdio_read","0.000399998","1075200","537600","2","0","","","0","0","0","0","0","0","0","2.68801e+09","kip_sequential_soa_profile.exe","stbi__stdio_read(void *, char *, int)","stb_image.h","0x14000ecb0"
"func@0x1403619d0","0.000399998","1075200","268800","4","0","","","0","0","0","0","0","0","0","2.68801e+09","ntoskrnl.exe","func@0x1403619d0","[Unknown]","0x1403619d0"
"func@0x140242e20","0.000399998","3494400","4838400","0.722222","0.2","0.3","0.5","0","0","0","0","0","0","0","8.73604e+09","ntoskrnl.exe","func@0x140242e20","[Unknown]","0x140242e20"
"func@0x1402a5560","0.000399998","1612800","1612800","1","0.2","0","0.8","0","0","0","0","0","0","0","4.03202e+09","ntoskrnl.exe","func@0x1402a5560","[Unknown]","0x1402a5560"
"func@0x140298af0","0.000399998","2150400","1612800","1.33333","0","","","0","0","0","0","0","0","0","5.37602e+09","ntoskrnl.exe","func@0x140298af0","[Unknown]","0x140298af0"
"ExReleaseRundownProtection","0.000399998","268800","537600","0.5","0","0","1","0","0","0","0","0","0","0","6.72003e+08","ntoskrnl.exe","ExReleaseRundownProtection","[Unknown]","0x14020dda0"
"func@0x1406bf883","0.000399998","1612800","2150400","0.75","0","","","","0","0","0","0","0","0","4.03202e+09","ntoskrnl.exe","func@0x1406bf883","[Unknown]","0x1406bf883"
"func@0x1406b473f","0.000399998","2688000","537600","5","0","0.1","0","1","0","0","0","0","0","0","6.72003e+09","ntoskrnl.exe","func@0x1406b473f","[Unknown]","0x1406b473f"
"func@0x1402a71a0","0.000399998","1344000","1075200","1.25","0","0","","","0","0","0","0","0","0","3.36001e+09","ntoskrnl.exe","func@0x1402a71a0","[Unknown]","0x1402a71a0"
"stbiw__putc","0.000399998","537600","1612800","0.333333","0.2","0.1","0.7","0","0","0","0","0","0","0","1.34401e+09","kip_sequential_soa_profile.exe","stbiw__putc","stb_image_write.h","0x140024ac8"
"func@0x14031ff50","0.000399998","2150400","1075200","2","0","0","","","0","0","0","0","0","0","5.37602e+09","ntoskrnl.exe","func@0x14031ff50","[Unknown]","0x14031ff50"
"func@0x14026c7d0","0.000399998","2419200","4300800","0.5625","0.4","0","0.6","0","0","0","0","0","0","0","6.04803e+09","atc.sys","func@0x14026c7d0","[Unknown]","0x14026c7d0"
"stbiw__putc","0.000399998","268800","1612800","0.166667","0","0","1","0","0","0","0","0","0","0","6.72003e+08","kip_sequential_soa_profile.exe","stbiw__putc","stb_image_write.h","0x1400248db"
"func@0x14041bb67","0.000399998","1344000","5913600","0.227273","","","","0","0","0","0","0","0","0","3.36001e+09","ntoskrnl.exe","func@0x14041bb67","[Unknown]","0x14041bb67"
"ExAcquireAutoExpandPushLockShared","0.000399998","1075200","6988800","0.153846","0","","","0","0","0","0","0","0","0","2.68801e+09","ntoskrnl.exe","ExAcquireAutoExpandPushLockShared","[Unknown]","0x140314840"
"func@0x18006cb10","0.000399998","1344000","2150400","0.625","0.6","0","0.4","0","0","0","0","0","0","0","3.36001e+09","ntdll.dll","func@0x18006cb10","[Unknown]","0x18006cb10"
"func@0x1405f8e00","0.000399998","537600","537600","1","","0","","0","0","0","0","0","0","0","1.34401e+09","atc.sys","func@0x1405f8e00","[Unknown]","0x1405f8e00"
"func@0x14023b3f0","0.000399998","3763200","2150400","1.75","0","0","","","0","0","0","0","0","0","9.40804e+09","ntoskrnl.exe","func@0x14023b3f0","[Unknown]","0x14023b3f0"
"func@0x14027a0b0","0.000399998","1612800","537600","3","0","","","0","0","0","0","0","0","0","4.03202e+09","ntoskrnl.exe","func@0x14027a0b0","[Unknown]","0x14027a0b0"
"func@0x140321f60","0.000399998","0","2150400","0","0","","","0","0","0","0","0","0","0","0","ntoskrnl.exe","func@0x140321f60","[Unknown]","0x140321f60"
"func@0x140388690","0.000399998","537600","6451200","0.0833333","","0","","","0","0","0","0","0","0","1.34401e+09","ntoskrnl.exe","func@0x140388690","[Unknown]","0x140388690"
"stbiw__putc","0.000399998","806400","2688000","0.3","","","","0","0","0","0","0","0","0","2.01601e+09","kip_sequential_soa_profile.exe","stbiw__putc","stb_image_write.h","0x140024a48"
"ExReleaseSpinLockShared","0.000299999","1344000","1075200","1.25","0","0","1","0","0","0","0","0","0","0","4.48002e+09","ntoskrnl.exe","ExReleaseSpinLockShared","[Unknown]","0x140219330"
"KeAcquireInStackQueuedSpinLock","0.000299999","2150400","1075200","2","0","0","1","0","0","0","0","0","0","0","7.16803e+09","ntoskrnl.exe","KeAcquireInStackQueuedSpinLock","[Unknown]","0x14034efc0"
"func@0x140241100","0.000299999","0","0","0","0","0","1","0","0","0","0","0","0","0","0","ntoskrnl.exe","func@0x140241100","[Unknown]","0x140241100"
"func@0x140163890","0.000299999","537600","0","","","","","0","0","0","0","0","0","0","1.79201e+09","ntfs.sys","func@0x140163890","[Unknown]","0x140163890"
"stbi__jpeg_get_bits","0.000299999","537600","2688000","0.2","0","0","1","0","0","0","0","0","0","0","1.79201e+09","kip_sequential_soa_profile.exe","stbi__jpeg_get_bits","stb_image.h","0x14001319d"
"NtReadFile","0.000299999","537600","537600","1","0","","","0","0","0","0","0","0","0","1.79201e+09","ntdll.dll","NtReadFile","[Unknown]","0x180160430"
"func@0x14024c277","0.000299999","1881600","537600","3.5","0","0","1","0","0","0","0","0","0","0","6.27203e+09","ntoskrnl.exe","func@0x14024c277","[Unknown]","0x14024c277"
"func@0x14040a230","0.000299999","537600","0","","0","0","1","0","0","0","0","0","0","0","1.79201e+09","ntoskrnl.exe","func@0x14040a230","[Unknown]","0x14040a230"
"func@0x1402402c0","0.000299999","806400","537600","1.5","0","0","1","0","0","0","0","0","0","0","2.68801e+09","ntoskrnl.exe","func@0x1402402c0","[Unknown]","0x1402402c0"
"func@0x140316fe0","0.000299999","1344000","2688000","0.5","0","0","1","0","0","0","0","0","0","0","4.48002e+09","ntoskrnl.exe","func@0x140316fe0","[Unknown]","0x140316fe0"
"func@0x1403cd100","0.000299999","1344000","1075200","1.25","0.4","0.1","0.5","0","0","0","0","0","0","0","4.48002e+09","ntoskrnl.exe","func@0x1403cd100","[Unknown]","0x1403cd100"
"func@0x140242460","0.000299999","268800","0","","0","0","1","0","0","0","0","0","0","0","8.96004e+08","ntoskrnl.exe","func@0x140242460","[Unknown]","0x140242460"
"func@0x1403e8fc3","0.000299999","268800","1075200","0.25","","","","0","0","0","0","0","0","0","8.96004e+08","ntoskrnl.exe","func@0x1403e8fc3","[Unknown]","0x1403e8fc3"
"func@0x140294f40","0.000299999","0","0","0","0","0","1","0","0","0","0","0","0","0","0","ntfs.sys","func@0x140294f40","[Unknown]","0x140294f40"
"func@0x180020720","0.000299999","537600","0","","0","","","0","0","0","0","0","0","0","1.79201e+09","atcuf64.dll","func@0x180020720","[Unknown]","0x180020720"
"RtlAnsiCharToUnicodeChar","0.000299999","1075200","537600","2","0","0","1","0","0","0","0","0","0","0","3.58402e+09","ntdll.dll","RtlAnsiCharToUnicodeChar","[Unknown]","0x1800bd8a0"
"func@0x1402e8090","0.000299999","806400","0","","0","0","1","0","0","0","0","0","0","0","2.68801e+09","ntoskrnl.exe","func@0x1402e8090","[Unknown]","0x1402e8090"
"KeSetEvent","0.000299999","1075200","0","","","","","0","0","0","0","0","0","0","3.58402e+09","ntoskrnl.exe","KeSetEvent","[Unknown]","0x140227340"
"func@0x1402a8320","0.000299999","268800","0","","0","0","1","0","0","0","0","0","0","0","8.96004e+08","ntoskrnl.exe","func@0x1402a8320","[Unknown]","0x1402a8320"
"ExReleaseAutoExpandPushLockShared","0.000299999","268800","0","","0","0","1","0","0","0","0","0","0","0","8.96004e+08","ntoskrnl.exe","ExReleaseAutoExpandPushLockShared","[Unknown]","0x140283d90"
"func@0x1402a07f9","0.000299999","0","0","0","0","","","0","0","0","0","0","0","0","0","ntoskrnl.exe","func@0x1402a07f9","[Unknown]","0x1402a07f9"
"func@0x140404690","0.000299999","806400","1075200","0.75","","","","0","0","0","0","0","0","0","2.68801e+09","ntoskrnl.exe","func@0x140404690","[Unknown]","0x140404690"
"FltReleaseContext","0.000299999","806400","1612800","0.5","0","0","1","0","0","0","0","0","0","0","2.68801e+09","fltmgr.sys","FltReleaseContext","[Unknown]","0x180003820"
"func@0x14029c790","0.000299999","806400","0","","0","","","0","0","0","0","0","0","0","2.68801e+09","ntoskrnl.exe","func@0x14029c790","[Unknown]","0x14029c790"
"func@0x140616d00","0.000299999","1344000","0","","0","0","1","0","0","0","0","0","0","0","4.48002e+09","atc.sys","func@0x140616d00","[Unknown]","0x140616d00"
"func@0x140267660","0.000299999","1075200","2150400","0.5","0","0","1","0","0","0","0","0","0","0","3.58402e+09","ntoskrnl.exe","func@0x140267660","[Unknown]","0x140267660"
"func@0x14023c95c","0.000299999","3225600","4838400","0.666667","0","0","1","0","0","0","0","0","0","0","1.0752e+10","ntoskrnl.exe","func@0x14023c95c","[Unknown]","0x14023c95c"
"func@0x14026cf20","0.000299999","1344000","2150400","0.625","0","0","1","0","0","0","0","0","0","0","4.48002e+09","ntoskrnl.exe","func@0x14026cf20","[Unknown]","0x14026cf20"
"stbiw__putc","0.000299999","1881600","1612800","1.16667","0","0","1","0","0","0","0","0","0","0","6.27203e+09","kip_sequential_soa_profile.exe","stbiw__putc","stb_image_write.h","0x1400246f3"
"func@0x18002e9f0","0.000299999","1075200","3225600","0.333333","0","","","0","0","0","0","0","0","0","3.58402e+09","cng.sys","func@0x18002e9f0","[Unknown]","0x18002e9f0"
"func@0x1406163c0","0.000299999","537600","1075200","0.5","0","","","0","0","0","0","0","0","0","1.79201e+09","atc.sys","func@0x1406163c0","[Unknown]","0x1406163c0"
"func@0x14028451b","0.000299999","1075200","537600","2","0","0","0","1","0","0","0","0","0","0","3.58402e+09","ntoskrnl.exe","func@0x14028451b","[Unknown]","0x14028451b"
"func@0x140293920","0.000299999","1612800","537600","3","0","0","","","0","0","0","0","0","0","5.37602e+09","ntoskrnl.exe","func@0x140293920","[Unknown]","0x140293920"
"func@0x140363e30","0.000299999","2419200","2150400","1.125","0","0","1","0","0","0","0","0","0","0","8.06403e+09","ntoskrnl.exe","func@0x140363e30","[Unknown]","0x140363e30"
"std::vector<unsigned char,std::allocator<unsigned char> >::operator[]","0.000299999","2956800","8601600","0.34375","","","","0","0","0","0","0","0","0","9.85604e+09","kip_sequential_soa_profile.exe","std::vector<unsigned char,std::allocator<unsigned char> >::operator[]","vector","0x14000e903"
"func@0x1403acc72","0.000199999","537600","0","","0","0","1","0","0","0","0","0","0","0","2.68801e+09","ntoskrnl.exe","func@0x1403acc72","[Unknown]","0x1403acc72"
"func@0x1403f1140","0.000199999","1075200","1075200","1","","","","0","0","0","0","0","0","0","5.37602e+09","ntoskrnl.exe","func@0x1403f1140","[Unknown]","0x1403f1140"
"fread_nolock_s","0.000199999","268800","0","","","","","0","0","0","0","0","0","0","1.34401e+09","ucrtbase.dll","fread_nolock_s","[Unknown]","0x18001def0"
"func@0x1800064b0","0.000199999","1881600","3225600","0.583333","","0","","0","0","0","0","0","0","0","9.40804e+09","fltmgr.sys","func@0x1800064b0","[Unknown]","0x1800064b0"
"func@0x140005b40","0.000199999","1344000","0","","0","","","0","0","0","0","0","0","0","6.72003e+09","intelppm.sys","func@0x140005b40","[Unknown]","0x140005b40"
"func@0x14035d230","0.000199999","268800","0","","0","0","1","0","0","0","0","0","0","0","1.34401e+09","ntoskrnl.exe","func@0x14035d230","[Unknown]","0x14035d230"
"ExReleaseFastMutex","0.000199999","268800","1075200","0.25","0","0.1","0.9","0","0","0","0","0","0","0","1.34401e+09","ntoskrnl.exe","ExReleaseFastMutex","[Unknown]","0x1402bc7d0"
"TlsGetValue","0.000199999","0","0","0","0","0","1","0","0","0","0","0","0","0","0","kernel32.dll","TlsGetValue","[Unknown]","0x180084560"
"func@0x180075280","0.000199999","806400","0","","0","0","1","0","0","0","0","0","0","0","4.03202e+09","atcuf64.dll","func@0x180075280","[Unknown]","0x180075280"
"func@0x1403c2aa0","0.000199999","537600","0","","0","0","1","0","0","0","0","0","0","0","2.68801e+09","ntoskrnl.exe","func@0x1403c2aa0","[Unknown]","0x1403c2aa0"
"stbi__jpeg_finish","0.000199999","1612800","6988800","0.230769","0","0","1","0","0","0","0","0","0","0","8.06403e+09","kip_sequential_soa_profile.exe","stbi__jpeg_finish","stb_image.h","0x140013a23"
"func@0x140217670","0.000199999","537600","0","","0","0","1","0","0","0","0","0","0","0","2.68801e+09","igdkmdn64.sys","func@0x140217670","[Unknown]","0x140217670"
"func@0x1400555c0","0.000199999","537600","1612800","0.333333","0","0","1","0","0","0","0","0","0","0","2.68801e+09","ntfs.sys","func@0x1400555c0","[Unknown]","0x1400555c0"
"func@0x180040780","0.000199999","268800","537600","0.5","0","0","1","0","0","0","0","0","0","0","1.34401e+09","ntdll.dll","func@0x180040780","[Unknown]","0x180040780"
"ExAcquireSpinLockShared","0.000199999","1612800","537600","3","0","","","","0","0","0","0","0","0","8.06403e+09","ntoskrnl.exe","ExAcquireSpinLockShared","[Unknown]","0x1402b8500"
"func@0x140612454","0.000199999","537600","1075200","0.5","0","0","1","0","0","0","0","0","0","0","2.68801e+09","atc.sys","func@0x140612454","[Unknown]","0x140612454"
"func@0x1402f5bf0","0.000199999","1075200","537600","2","0","0","1","0","0","0","0","0","0","0","5.37602e+09","ntoskrnl.exe","func@0x1402f5bf0","[Unknown]","0x1402f5bf0"
"func@0x14024ae29","0.000199999","268800","3763200","0.0714286","","","","0","0","0","0","0","0","0","1.34401e+09","ntoskrnl.exe","func@0x14024ae29","[Unknown]","0x14024ae29"
"KeReleaseSpinLock","0.000199999","0","0","0","0","0","1","0","0","0","0","0","0","0","0","ntoskrnl.exe","KeReleaseSpinLock","[Unknown]","0x140273ad0"
"func@0x1402a0f93","0.000199999","537600","0","","0","0","1","0","0","0","0","0","0","0","2.68801e+09","ntoskrnl.exe","func@0x1402a0f93","[Unknown]","0x1402a0f93"
"func@0x14025ee60","0.000199999","0","0","0","0","0","1","0","0","0","0","0","0","0","0","atc.sys","func@0x14025ee60","[Unknown]","0x14025ee60"
"func@0x180014d60","0.000199999","0","0","0","0","0","1","0","0","0","0","0","0","0","0","bdhkm64.dll","func@0x180014d60","[Unknown]","0x180014d60"
"ExReleaseSpinLockSharedFromDpcLevel","0.000199999","0","537600","0","0","0","1","0","0","0","0","0","0","0","0","ntoskrnl.exe","ExReleaseSpinLockSharedFromDpcLevel","[Unknown]","0x14032f7e0"
"func@0x1400b6a00","0.000199999","0","537600","0","0","0","1","0","0","0","0","0","0","0","0","atc.sys","func@0x1400b6a00","[Unknown]","0x1400b6a00"
"std::vector<unsigned char,std::allocator<unsigned char> >::operator[]","0.000199999","268800","0","","0","0","1","0","0","0","0","0","0","0","1.34401e+09","kip_sequential_soa_profile.exe","std::vector<unsigned char,std::allocator<unsigned char> >::operator[]","vector","0x1400265fc"
"[bdhkm64.dll]","0.000199999","0","0","0","0","0","1","0","0","0","0","0","0","0","0","bdhkm64.dll","[bdhkm64.dll]","[Unknown]","0"
"func@0x1405fb660","0.000199999","268800","1612800","0.166667","0","0","1","0","0","0","0","0","0","0","1.34401e+09","atc.sys","func@0x1405fb660","[Unknown]","0x1405fb660"
"func@0x1403335b0","0.000199999","0","0","0","0","0","1","0","0","0","0","0","0","0","0","ntoskrnl.exe","func@0x1403335b0","[Unknown]","0x1403335b0"
"func@0x14029e750","0.000199999","268800","1075200","0.25","0","0","1","0","0","0","0","0","0","0","1.34401e+09","ntoskrnl.exe","func@0x14029e750","[Unknown]","0x14029e750"
"func@0x140bc0760","0.000199999","1612800","2150400","0.75","0","","","0","0","0","0","0","0","0","8.06403e+09","ntoskrnl.exe","func@0x140bc0760","[Unknown]","0x140bc0760"
"func@0x1404e0fa8","0.000199999","806400","0","","","0","","0","0","0","0","0","0","0","4.03202e+09","ntoskrnl.exe","func@0x1404e0fa8","[Unknown]","0x1404e0fa8"
"func@0x140233b90","0.000199999","537600","0","","0","0","1","0","0","0","0","0","0","0","2.68801e+09","ntoskrnl.exe","func@0x140233b90","[Unknown]","0x140233b90"
"ExAcquireFastMutex","0.000199999","806400","1075200","0.75","0","0.1","0.9","0","0","0","0","0","0","0","4.03202e+09","ntoskrnl.exe","ExAcquireFastMutex","[Unknown]","0x140313530"
"func@0x1404efaa0","0.000199999","1344000","1075200","1.25","0","0","1","0","0","0","0","0","0","0","6.72003e+09","ntoskrnl.exe","func@0x1404efaa0","[Unknown]","0x1404efaa0"
"func@0x14030fd30","0.000199999","268800","0","","0","0","1","0","0","0","1","0","0","0","1.34401e+09","ntoskrnl.exe","func@0x14030fd30","[Unknown]","0x14030fd30"
"func@0x140841a30","0.000199999","537600","537600","1","0","0","1","0","0","0","0","0","0","0","2.68801e+09","ntoskrnl.exe","func@0x140841a30","[Unknown]","0x140841a30"
"func@0x14029f65c","0.000199999","537600","537600","1","0","0","1","0","0","0","0","0","0","0","2.68801e+09","ntoskrnl.exe","func@0x14029f65c","[Unknown]","0x14029f65c"
"func@0x1400142ad","0.000199999","268800","0","","0","0","1","0","0","0","0","0","0","0","1.34401e+09","wdf01000.sys","func@0x1400142ad","[Unknown]","0x1400142ad"
"func@0x18002ed00","0.000199999","0","0","0","0","0","1","0","0","0","0","0","0","0","0","bdhkm64.dll","func@0x18002ed00","[Unknown]","0x18002ed00"
"func@0x14023043c","0.000199999","806400","0","","0","0","1","0","0","0","0","0","0","0","4.03202e+09","ntoskrnl.exe","func@0x14023043c","[Unknown]","0x14023043c"
"func@0x140329f60","0.000199999","806400","1075200","0.75","0","0","1","0","0","0","0","0","0","0","4.03202e+09","ntoskrnl.exe","func@0x140329f60","[Unknown]","0x140329f60"
"func@0x14029fac0","0.000199999","806400","1075200","0.75","0","0","1","0","0","0","0","0","0","0","4.03202e+09","ntoskrnl.exe","func@0x14029fac0","[Unknown]","0x14029fac0"
"func@0x140404920","0.000199999","0","0","0","0","","","0","0","0","0","0","0","0","0","atc.sys","func@0x140404920","[Unknown]","0x140404920"
"func@0x14027a90d","0.000199999","268800","0","","0","0","1","0","0","0","0","0","0","0","1.34401e+09","ntoskrnl.exe","func@0x14027a90d","[Unknown]","0x14027a90d"
"func@0x1402e5ba0","0.000199999","1881600","537600","3.5","0","0","1","0","0","0","0","0","0","0","9.40804e+09","atc.sys","func@0x1402e5ba0","[Unknown]","0x1402e5ba0"
"func@0x1405ee900","0.000199999","268800","0","","0","","","0","0","0","0","0","0","0","1.34401e+09","atc.sys","func@0x1405ee900","[Unknown]","0x1405ee900"
"func@0x14030fd80","0.000199999","268800","537600","0.5","","0","","0","0","0","0","0","0","0","1.34401e+09","ntoskrnl.exe","func@0x14030fd80","[Unknown]","0x14030fd80"
"func@0x1400f78e0","0.000199999","0","0","0","0","0","1","0","0","0","0","0","0","0","0","iastorvd.sys","func@0x1400f78e0","[Unknown]","0x1400f78e0"
"func@0x140344f90","0.000199999","537600","0","","0","0","1","0","0","0","0","0","0","0","2.68801e+09","ntoskrnl.exe","func@0x140344f90","[Unknown]","0x140344f90"
"func@0x140037fe7","0.000199999","268800","537600","0.5","0","0","1","0","0","0","0","0","0","0","1.34401e+09","ntfs.sys","func@0x140037fe7","[Unknown]","0x140037fe7"
"func@0x1402a6d30","0.000199999","268800","0","","0","0","","","0","0","0","0","0","0","1.34401e+09","ntoskrnl.exe","func@0x1402a6d30","[Unknown]","0x1402a6d30"
"func@0x14024fc30","0.000199999","268800","0","","0","0","1","0","0","0","0","0","0","0","1.34401e+09","ntoskrnl.exe","func@0x14024fc30","[Unknown]","0x14024fc30"
"func@0x14025ff70","0.000199999","537600","0","","0","0","1","0","0","0","0","0","0","0","2.68801e+09","ntoskrnl.exe","func@0x14025ff70","[Unknown]","0x14025ff70"
"func@0x180010074","0.000199999","268800","0","","0","0","1","0","0","0","0","0","0","0","1.34401e+09","fltmgr.sys","func@0x180010074","[Unknown]","0x180010074"
"func@0x14030c730","0.000199999","0","0","0","0","0","1","0","0","0","0","0","0","0","0","ntoskrnl.exe","func@0x14030c730","[Unknown]","0x14030c730"
"func@0x1404150c0","0.000199999","0","0","0","0","0","1","0","0","0","0","0","0","0","0","atc.sys","func@0x1404150c0","[Unknown]","0x1404150c0"
"[vlflt.sys]","0.000199999","268800","0","","0","0","1","0","0","0","0","0","0","0","1.34401e+09","vlflt.sys","[vlflt.sys]","[Unknown]","0"
"func@0x1403adb1c","0.000199999","0","0","0","0","0","1","0","0","0","0","0","0","0","0","ntoskrnl.exe","func@0x1403adb1c","[Unknown]","0x1403adb1c"
"NtWriteFile","0.000199999","537600","1612800","0.333333","0","","","0","0","0","0","0","0","0","2.68801e+09","ntdll.dll","NtWriteFile","[Unknown]","0x180160470"
"func@0x14027aa10","0.000199999","806400","0","","0","0","1","0","0","0","0","0","0","0","4.03202e+09","ntoskrnl.exe","func@0x14027aa10","[Unknown]","0x14027aa10"
"ExAcquireRundownProtectionCacheAwareEx","0.000199999","2419200","1612800","1.5","0","0.1","0.9","0","0","0","0","0","0","0","1.20961e+10","ntoskrnl.exe","ExAcquireRundownProtectionCacheAwareEx","[Unknown]","0x140408170"
"stbiw__putc","0.000199999","0","537600","0","0","0","1","0","0","0","0","0","0","0","0","kip_sequential_soa_profile.exe","stbiw__putc","stb_image_write.h","0x1400246d9"
"WriteFile","0.000199999","268800","0","","0","0","1","0","0","0","0","0","0","0","1.34401e+09","kernelbase.dll","WriteFile","[Unknown]","0x1800b01e0"
"func@0x140331740","0.000199999","2150400","2150400","1","0","0","1","0","0","0","0","0","0","0","1.0752e+10","ntoskrnl.exe","func@0x140331740","[Unknown]","0x140331740"
"func@0x1402d14a0","0.000199999","537600","0","","0","0","1","0","0","0","0","0","0","0","2.68801e+09","ntoskrnl.exe","func@0x1402d14a0","[Unknown]","0x1402d14a0"
"func@0x18000dff0","0.000199999","268800","0","","0","0","1","0","0","0","0","0","0","0","1.34401e+09","fltmgr.sys","func@0x18000dff0","[Unknown]","0x18000dff0"
"func@0x1404d684b","0.000199999","268800","537600","0.5","0","","","0","0","0","0","0","0","0","1.34401e+09","ntoskrnl.exe","func@0x1404d684b","[Unknown]","0x1404d684b"
"FltGetStreamContext","0.000199999","537600","1612800","0.333333","0","0","1","0","0","0","0","0","0","0","2.68801e+09","fltmgr.sys","FltGetStreamContext","[Unknown]","0x1800091a0"
"func@0x140849130","0.000199999","0","537600","0","0","","","0","0","0","0","0","0","0","0","ntoskrnl.exe","func@0x140849130","[Unknown]","0x140849130"
"func@0x1402fd9ef","0.000199999","1344000","537600","2.5","0","0","1","0","0","0","0","0","0","0","6.72003e+09","ntoskrnl.exe","func@0x1402fd9ef","[Unknown]","0x1402fd9ef"
"ObfDereferenceObject","0.000199999","0","1075200","0","0","0","1","0","0","0","0","0","0","0","0","ntoskrnl.exe","ObfDereferenceObject","[Unknown]","0x1402c39e0"
"func@0x1403a2260","0.000199999","806400","1075200","0.75","0","0.2","0.8","0","0","0","0","0","0","0","4.03202e+09","ntoskrnl.exe","func@0x1403a2260","[Unknown]","0x1403a2260"
"stbiw__putc","0.000199999","1344000","1612800","0.833333","0","0","1","0","0","0","0","0","0","0","6.72003e+09","kip_sequential_soa_profile.exe","stbiw__putc","stb_image_write.h","0x14002464b"
"FltGetStreamHandleContext","0.000199999","268800","0","","0","0","1","0","0","0","0","0","0","0","1.34401e+09","fltmgr.sys","FltGetStreamHandleContext","[Unknown]","0x180008e90"
"stbiw__jpg_writeBits","0.000199999","1075200","1075200","1","0","0","1","0","0","0","0","0","0","0","5.37602e+09","kip_sequential_soa_profile.exe","stbiw__jpg_writeBits","stb_image_write.h","0x140024768"
"func@0x14001ce2e","0.000199999","268800","0","","0","0.3","0.7","0","0","0","0","0","0","0","1.34401e+09","igdkmdn64.sys","func@0x14001ce2e","[Unknown]","0x14001ce2e"
"MmUnmapLockedPages","0.000199999","0","0","0","0","0","1","0","0","0","0","0","0","0","0","ntoskrnl.exe","MmUnmapLockedPages","[Unknown]","0x140292e00"
"func@0x1402b854f","0.000199999","537600","0","","0","","","0","0","0","0","0","0","0","2.68801e+09","ntoskrnl.exe","func@0x1402b854f","[Unknown]","0x1402b854f"
"func@0x1402a00f0","9.99996e-05","0","1075200","0","0","0","1","0","0","0","0","0","0","0","0","ntoskrnl.exe","func@0x1402a00f0","[Unknown]","0x1402a00f0"
"FsRtlLookupBaseMcbEntry","9.99996e-05","537600","0","","0","0","1","0","0","0","0","0","0","0","5.37602e+09","ntoskrnl.exe","FsRtlLookupBaseMcbEntry","[Unknown]","0x1404006a0"
"func@0x1403b82d0","9.99996e-05","1075200","0","","0","0","1","0","0","0","0","0","0","0","1.0752e+10","igdkmdn64.sys","func@0x1403b82d0","[Unknown]","0x1403b82d0"
"KeRcuReadLock","9.99996e-05","0","1075200","0","0","0","1","0","0","0","0","0","0","0","0","ntoskrnl.exe","KeRcuReadLock","[Unknown]","0x14040f120"
"KeIsEqualAffinityEx","9.99996e-05","0","0","0","0","0","1","0","0","0","0","0","0","0","0","ntoskrnl.exe","KeIsEqualAffinityEx","[Unknown]","0x1403cfa10"
"func@0x1402ca3e0","9.99996e-05","537600","0","","0","0","1","0","0","0","0","0","0","0","5.37602e+09","igdkmdn64.sys","func@0x1402ca3e0","[Unknown]","0x1402ca3e0"
"func@0x1403ad370","9.99996e-05","0","0","0","0","0","1","0","0","0","0","0","0","0","0","ntoskrnl.exe","func@0x1403ad370","[Unknown]","0x1403ad370"
"func@0x14024010e","9.99996e-05","0","0","0","0","0","1","0","0","0","0","0","0","0","0","ntoskrnl.exe","func@0x14024010e","[Unknown]","0x14024010e"
"func@0x1402bbd10","9.99996e-05","0","0","0","0","0","1","0","0","0","0","0","0","0","0","ntoskrnl.exe","func@0x1402bbd10","[Unknown]","0x1402bbd10"
"CcCanIWrite","9.99996e-05","0","0","0","0","0","1","0","0","0","0","0","0","0","0","ntoskrnl.exe","CcCanIWrite","[Unknown]","0x1404d4f50"
"func@0x1402dba1c","9.99996e-05","0","0","0","0","0","1","0","0","0","0","0","0","0","0","ntoskrnl.exe","func@0x1402dba1c","[Unknown]","0x1402dba1c"
"func@0x1404457a0","9.99996e-05","537600","0","","0","0","1","0","0","0","0","0","0","0","5.37602e+09","ntoskrnl.exe","func@0x1404457a0","[Unknown]","0x1404457a0"
"func@0x140252b44","9.99996e-05","268800","537600","0.5","0","0","1","0","0","0","0","0","0","0","2.68801e+09","ntoskrnl.exe","func@0x140252b44","[Unknown]","0x140252b44"
"func@0x1403281e0","9.99996e-05","268800","0","","0","0","1","0","0","0","0","0","0","0","2.68801e+09","igdkmdn64.sys","func@0x1403281e0","[Unknown]","0x1403281e0"
"func@0x140400787","9.99996e-05","0","0","0","0","","","0","0","0","0","0","0","0","0","ntoskrnl.exe","func@0x140400787","[Unknown]","0x140400787"
"func@0x14049d248","9.99996e-05","537600","0","","0","0","1","0","0","0","0","0","0","0","5.37602e+09","ntoskrnl.exe","func@0x14049d248","[Unknown]","0x14049d248"
"func@0x140239310","9.99996e-05","537600","0","","0","0","1","0","0","0","0","0","0","0","5.37602e+09","ntoskrnl.exe","func@0x140239310","[Unknown]","0x140239310"
"func@0x140311970","9.99996e-05","0","0","0","0","0","1","0","0","0","0","0","0","0","0","ntoskrnl.exe","func@0x140311970","[Unknown]","0x140311970"
"func@0x1402a5490","9.99996e-05","0","0","0","0","0","1","0","0","0","0","0","0","0","0","ntoskrnl.exe","func@0x1402a5490","[Unknown]","0x1402a5490"
"func@0x14012fb90","9.99996e-05","806400","537600","1.5","0","","","0","0","0","0","0","0","0","8.06403e+09","igdkmdn64.sys","func@0x14012fb90","[Unknown]","0x14012fb90"
"func@0x1402c01e0","9.99996e-05","0","0","0","0","0","1","0","0","0","0","0","0","0","0","ntoskrnl.exe","func@0x1402c01e0","[Unknown]","0x1402c01e0"
"FsRtlIsPagingFile","9.99996e-05","0","0","0","0","0","1","0","0","0","0","0","0","0","0","ntoskrnl.exe","FsRtlIsPagingFile","[Unknown]","0x140419630"
"func@0x140046700","9.99996e-05","0","0","0","0","0","1","0","0","0","0","0","0","0","0","igdkmdn64.sys","func@0x140046700","[Unknown]","0x140046700"
"func@0x1402378ca","9.99996e-05","537600","537600","1","0","0","1","0","0","0","0","0","0","0","5.37602e+09","ntoskrnl.exe","func@0x1402378ca","[Unknown]","0x1402378ca"
"func@0x14003e4f0","9.99996e-05","537600","0","","0","0","1","0","0","0","0","0","0","0","5.37602e+09","igdkmdn64.sys","func@0x14003e4f0","[Unknown]","0x14003e4f0"
"IoWithinStackLimits","9.99996e-05","0","0","0","0","0","1","0","0","0","0","0","0","0","0","ntoskrnl.exe","IoWithinStackLimits","[Unknown]","0x1403f9a10"
"func@0x1402bea40","9.99996e-05","1612800","0","","0","","","0","0","0","0","0","0","0","1.61281e+10","igdkmdn64.sys","func@0x1402bea40","[Unknown]","0x1402bea40"
"func@0x140023200","9.99996e-05","0","0","0","0","0","1","0","0","0","0","0","0","0","0","igdkmdn64.sys","func@0x140023200","[Unknown]","0x140023200"
"func@0x140328260","9.99996e-05","0","0","0","0","0","1","0","0","0","0","0","0","0","0","igdkmdn64.sys","func@0x140328260","[Unknown]","0x140328260"
"ExAcquireAutoExpandPushLockExclusive","9.99996e-05","0","0","0","","0","","0","0","0","0","0","0","0","0","ntoskrnl.exe","ExAcquireAutoExpandPushLockExclusive","[Unknown]","0x1403131a0"
"func@0x140a0b6a4","9.99996e-05","0","0","0","0","0","1","0","0","0","0","0","0","0","0","ntoskrnl.exe","func@0x140a0b6a4","[Unknown]","0x140a0b6a4"
"func@0x1402a6843","9.99996e-05","0","0","0","0","0","1","0","0","0","0","0","0","0","0","ntoskrnl.exe","func@0x1402a6843","[Unknown]","0x1402a6843"
"func@0x1402a82ff","9.99996e-05","0","0","0","0","0","1","0","0","0","0","0","0","0","0","ntoskrnl.exe","func@0x1402a82ff","[Unknown]","0x1402a82ff"
"func@0x1404480cc","9.99996e-05","268800","0","","0","0","1","0","0","0","0","0","0","0","2.68801e+09","ntoskrnl.exe","func@0x1404480cc","[Unknown]","0x1404480cc"
"func@0x1403af7a0","9.99996e-05","268800","0","","0","0","1","0","0","0","0","0","0","0","2.68801e+09","ntoskrnl.exe","func@0x1403af7a0","[Unknown]","0x1403af7a0"
"func@0x14044f3b0","9.99996e-05","0","0","0","0","","","0","0","0","0","0","0","0","0","ntoskrnl.exe","func@0x14044f3b0","[Unknown]","0x14044f3b0"
"func@0x14028edf0","9.99996e-05","0","0","0","0","0","1","0","0","0","0","0","0","0","0","ntoskrnl.exe","func@0x14028edf0","[Unknown]","0x14028edf0"
"func@0x1406b4d30","9.99996e-05","0","0","0","0","0","1","0","0","0","0","0","0","0","0","ntoskrnl.exe","func@0x1406b4d30","[Unknown]","0x1406b4d30"
"func@0x1402feccf","9.99996e-05","537600","0","","0","0","1","0","0","0","0","0","0","0","5.37602e+09","ntoskrnl.exe","func@0x1402feccf","[Unknown]","0x1402feccf"
"func@0x1402931e0","9.99996e-05","268800","0","","0","0","1","0","0","0","0","0","0","0","2.68801e+09","ntoskrnl.exe","func@0x1402931e0","[Unknown]","0x1402931e0"
"func@0x140316093","9.99996e-05","0","0","0","0","0","1","0","0","0","0","0","0","0","0","ntoskrnl.exe","func@0x140316093","[Unknown]","0x140316093"
"func@0x14029d84b","9.99996e-05","268800","0","","0","","","0","0","0","0","0","0","0","2.68801e+09","ntoskrnl.exe","func@0x14029d84b","[Unknown]","0x14029d84b"
"func@0x14084f340","9.99996e-05","0","0","0","0","0","1","0","0","0","0","0","0","0","0","ntoskrnl.exe","func@0x14084f340","[Unknown]","0x14084f340"
"func@0x1402bcfd8","9.99996e-05","268800","0","","0","0","1","0","0","0","0","0","0","0","2.68801e+09","ntoskrnl.exe","func@0x1402bcfd8","[Unknown]","0x1402bcfd8"
"func@0x140240a60","9.99996e-05","0","0","0","0","0","1","0","0","0","0","0","0","0","0","ntoskrnl.exe","func@0x140240a60","[Unknown]","0x140240a60"
"func@0x140206e50","9.99996e-05","0","537600","0","0","0","1","0","0","0","0","0","0","0","0","ntoskrnl.exe","func@0x140206e50","[Unknown]","0x140206e50"
"func@0x14042ee00","9.99996e-05","537600","537600","1","0","0","1","0","0","0","0","0","0","0","5.37602e+09","ntoskrnl.exe","func@0x14042ee00","[Unknown]","0x14042ee00"
"func@0x1403c1580","9.99996e-05","0","0","0","0","0","1","0","0","0","0","0","0","0","0","ntoskrnl.exe","func@0x1403c1580","[Unknown]","0x1403c1580"
"func@0x1409067d0","9.99996e-05","0","0","0","0","0","1","0","0","0","0","0","0","0","0","ntoskrnl.exe","func@0x1409067d0","[Unknown]","0x1409067d0"
"func@0x14032b5f0","9.99996e-05","0","0","0","0","0","1","0","0","0","0","0","0","0","0","ntoskrnl.exe","func@0x14032b5f0","[Unknown]","0x14032b5f0"
"func@0x14032eca3","9.99996e-05","268800","537600","0.5","","","","0","0","0","0","0","0","0","2.68801e+09","ntoskrnl.exe","func@0x14032eca3","[Unknown]","0x14032eca3"
"func@0x140285b30","9.99996e-05","0","0","0","0","0","1","0","0","0","0","0","0","0","0","ntoskrnl.exe","func@0x140285b30","[Unknown]","0x140285b30"
"PfFileInfoNotify","9.99996e-05","0","0","0","0","","","0","0","0","0","0","0","0","0","ntoskrnl.exe","PfFileInfoNotify","[Unknown]","0x140229fc0"
"func@0x1402c6f30","9.99996e-05","537600","1075200","0.5","0","0","1","0","0","0","0","0","0","0","5.37602e+09","ntoskrnl.exe","func@0x1402c6f30","[Unknown]","0x1402c6f30"
"func@0x1402262a0","9.99996e-05","0","0","0","0","0","1","0","0","0","0","0","0","0","0","ntoskrnl.exe","func@0x1402262a0","[Unknown]","0x1402262a0"
"func@0x140250d34","9.99996e-05","537600","537600","1","0","0","1","0","0","0","0","0","0","0","5.37602e+09","ntoskrnl.exe","func@0x140250d34","[Unknown]","0x140250d34"
"func@0x1402138b1","9.99996e-05","1344000","0","","0","0","1","0","0","0","0","0","0","0","1.34401e+10","ntoskrnl.exe","func@0x1402138b1","[Unknown]","0x1402138b1"
"func@0x1406b4410","9.99996e-05","806400","0","","0","","","0","0","0","0","0","0","0","8.06403e+09","ntoskrnl.exe","func@0x1406b4410","[Unknown]","0x1406b4410"
"func@0x140896d78","9.99996e-05","0","0","0","0","0","1","0","0","0","0","0","0","0","0","ntoskrnl.exe","func@0x140896d78","[Unknown]","0x140896d78"
"func@0x1404e25d8","9.99996e-05","0","537600","0","0","0.05","0.95","0","0","0","0","0","0","0","0","ntoskrnl.exe","func@0x1404e25d8","[Unknown]","0x1404e25d8"
"func@0x1408420d5","9.99996e-05","268800","0","","0","0","1","0","0","0","0","0","0","0","2.68801e+09","ntoskrnl.exe","func@0x1408420d5","[Unknown]","0x1408420d5"
"func@0x1403016f0","9.99996e-05","0","0","0","0","0","1","0","0","0","0","0","0","0","0","ntoskrnl.exe","func@0x1403016f0","[Unknown]","0x1403016f0"
"func@0x14033a3e0","9.99996e-05","806400","4300800","0.1875","0","0","1","0","0","0","0","0","0","0","8.06403e+09","ntoskrnl.exe","func@0x14033a3e0","[Unknown]","0x14033a3e0"
"func@0x1406ae580","9.99996e-05","1075200","0","","0","0","1","0","0","0","0","0","0","0","1.0752e+10","ntoskrnl.exe","func@0x1406ae580","[Unknown]","0x1406ae580"
"func@0x140250076","9.99996e-05","0","0","0","0","0","1","0","0","0","0","0","0","0","0","ntoskrnl.exe","func@0x140250076","[Unknown]","0x140250076"
"func@0x140258630","9.99996e-05","537600","0","","0","0","1","0","0","0","0","0","0","0","5.37602e+09","ntoskrnl.exe","func@0x140258630","[Unknown]","0x140258630"
"IoGetRequestorProcess","9.99996e-05","0","0","0","0","0","1","0","0","0","0","0","0","0","0","ntoskrnl.exe","IoGetRequestorProcess","[Unknown]","0x1403c81f0"
"func@0x140846430","9.99996e-05","0","0","0","0","0","1","0","0","0","0","0","0","0","0","ntoskrnl.exe","func@0x140846430","[Unknown]","0x140846430"
"KeAcquireSpinLockRaiseToDpc","9.99996e-05","537600","0","","0","0","1","0","0","0","0","0","0","0","5.37602e+09","ntoskrnl.exe","KeAcquireSpinLockRaiseToDpc","[Unknown]","0x14027a8c0"
"func@0x14040a6b1","9.99996e-05","806400","537600","1.5","0","0","1","0","0","0","0","0","0","0","8.06403e+09","ntoskrnl.exe","func@0x14040a6b1","[Unknown]","0x14040a6b1"
"func@0x14028e6b0","9.99996e-05","0","0","0","0","0","1","0","0","0","0","0","0","0","0","ntoskrnl.exe","func@0x14028e6b0","[Unknown]","0x14028e6b0"
"func@0x140343d40","9.99996e-05","0","0","0","0","0","1","0","0","0","0","0","0","0","0","ntoskrnl.exe","func@0x140343d40","[Unknown]","0x140343d40"
"func@0x14033aac2","9.99996e-05","0","0","0","0","0","1","0","0","0","0","0","0","0","0","ntoskrnl.exe","func@0x14033aac2","[Unknown]","0x14033aac2"
"func@0x14022ae00","9.99996e-05","0","537600","0","0","0","1","0","0","0","0","0","0","0","0","ntoskrnl.exe","func@0x14022ae00","[Unknown]","0x14022ae00"
"func@0x140855427","9.99996e-05","268800","0","","0","0","1","0","0","0","0","0","0","0","2.68801e+09","ntoskrnl.exe","func@0x140855427","[Unknown]","0x140855427"
"KeAddGroupAffinityEx","9.99996e-05","0","537600","0","0","","","0","0","0","0","0","0","0","0","ntoskrnl.exe","KeAddGroupAffinityEx","[Unknown]","0x14027cea0"
"func@0x1402a3600","9.99996e-05","268800","0","","0","0","1","0","0","0","0","0","0","0","2.68801e+09","ntoskrnl.exe","func@0x1402a3600","[Unknown]","0x1402a3600"
"func@0x1408489e0","9.99996e-05","0","0","0","0","0","1","0","0","0","0","0","0","0","0","ntoskrnl.exe","func@0x1408489e0","[Unknown]","0x1408489e0"
"func@0x1404e0010","9.99996e-05","0","0","0","0","0","1","0","0","0","0","0","0","0","0","ntoskrnl.exe","func@0x1404e0010","[Unknown]","0x1404e0010"
"func@0x1402272f0","9.99996e-05","0","537600","0","0","0","1","0","0","0","0","0","0","0","0","ntoskrnl.exe","func@0x1402272f0","[Unknown]","0x1402272f0"
"func@0x14031f8ac","9.99996e-05","0","0","0","0","0","1","0","0","0","0","0","0","0","0","ntoskrnl.exe","func@0x14031f8ac","[Unknown]","0x14031f8ac"
"func@0x140326bc8","9.99996e-05","537600","0","","0","0","1","0","0","0","0","0","0","0","5.37602e+09","ntoskrnl.exe","func@0x140326bc8","[Unknown]","0x140326bc8"
"func@0x14029ae48","9.99996e-05","806400","0","","0","0","1","0","0","0","0","0","0","0","8.06403e+09","ntoskrnl.exe","func@0x14029ae48","[Unknown]","0x14029ae48"
"func@0x14030fd53","9.99996e-05","0","0","0","0","0","1","0","0","0","0","0","0","0","0","ntoskrnl.exe","func@0x14030fd53","[Unknown]","0x14030fd53"
"func@0x140239838","9.99996e-05","268800","0","","0","0","1","0","0","0","0","0","0","0","2.68801e+09","ntoskrnl.exe","func@0x140239838","[Unknown]","0x140239838"
"func@0x140323720","9.99996e-05","0","537600","0","0","0","1","0","0","0","0","0","0","0","0","ntoskrnl.exe","func@0x140323720","[Unknown]","0x140323720"
"func@0x14027f360","9.99996e-05","537600","0","","0","","","0","0","0","0","0","0","0","5.37602e+09","ntoskrnl.exe","func@0x14027f360","[Unknown]","0x14027f360"
"func@0x14029ef34","9.99996e-05","537600","1612800","0.333333","0","0","1","0","0","0","0","0","0","0","5.37602e+09","ntoskrnl.exe","func@0x14029ef34","[Unknown]","0x14029ef34"
"func@0x1403de9e0","9.99996e-05","537600","537600","1","0","","","0","0","0","0","0","0","0","5.37602e+09","ntoskrnl.exe","func@0x1403de9e0","[Unknown]","0x1403de9e0"
"func@0x140607d00","9.99996e-05","0","0","0","0","0","1","0","0","0","0","0","0","0","0","atc.sys","func@0x140607d00","[Unknown]","0x140607d00"
"func@0x140298c96","9.99996e-05","0","0","0","0","0","1","0","0","0","0","0","0","0","0","ntoskrnl.exe","func@0x140298c96","[Unknown]","0x140298c96"
"func@0x1400ba940","9.99996e-05","0","0","0","0","0","1","0","0","0","0","0","0","0","0","atc.sys","func@0x1400ba940","[Unknown]","0x1400ba940"
"func@0x1402e4a4c","9.99996e-05","0","0","0","0","0","1","0","0","0","0","0","0","0","0","atc.sys","func@0x1402e4a4c","[Unknown]","0x1402e4a4c"
"ExAcquireResourceExclusiveLite","9.99996e-05","537600","0","","0","0","1","0","0","0","0","0","0","0","5.37602e+09","ntoskrnl.exe","ExAcquireResourceExclusiveLite","[Unknown]","0x14022b760"
"func@0x140600020","9.99996e-05","1075200","0","","0","0","1","0","0","0","0","0","0","0","1.0752e+10","atc.sys","func@0x140600020","[Unknown]","0x140600020"
"func@0x1401c3580","9.99996e-05","0","0","0","0","0","1","0","0","0","0","0","0","0","0","atc.sys","func@0x1401c3580","[Unknown]","0x1401c3580"
"ExReleaseRundownProtectionCacheAware","9.99996e-05","806400","0","","0","","","0","0","0","0","0","0","0","8.06403e+09","ntoskrnl.exe","ExReleaseRundownProtectionCacheAware","[Unknown]","0x14022ab80"
"func@0x1400ba320","9.99996e-05","0","0","0","0","0","1","0","0","0","0","0","0","0","0","atc.sys","func@0x1400ba320","[Unknown]","0x1400ba320"
"KeEnterCriticalRegion","9.99996e-05","268800","537600","0.5","0","","","0","0","0","0","0","0","0","2.68801e+09","ntoskrnl.exe","KeEnterCriticalRegion","[Unknown]","0x14040bf80"
"func@0x1403d8e14","9.99996e-05","0","0","0","0","0","1","0","0","0","0","0","0","0","0","ntoskrnl.exe","func@0x1403d8e14","[Unknown]","0x1403d8e14"
"func@0x1402e6f20","9.99996e-05","268800","537600","0.5","0","0","1","0","0","0","0","0","0","0","2.68801e+09","atc.sys","func@0x1402e6f20","[Unknown]","0x1402e6f20"
"EtwEventEnabled","9.99996e-05","806400","537600","1.5","0","","","0","0","0","0","0","0","0","8.06403e+09","ntoskrnl.exe","EtwEventEnabled","[Unknown]","0x1402c6ad0"
"func@0x14047da60","9.99996e-05","0","0","0","0","0","1","0","0","0","0","0","0","0","0","atc.sys","func@0x14047da60","[Unknown]","0x14047da60"
"func@0x1405df32c","9.99996e-05","268800","537600","0.5","0","0","1","0","0","0","0","0","0","0","2.68801e+09","ntoskrnl.exe","func@0x1405df32c","[Unknown]","0x1405df32c"
"func@0x14027ae90","9.99996e-05","806400","0","","","0","","0","0","0","0","0","0","0","8.06403e+09","ntoskrnl.exe","func@0x14027ae90","[Unknown]","0x14027ae90"
"func@0x14041917c","9.99996e-05","0","1075200","0","0","","","0","0","0","0","0","0","0","0","ntoskrnl.exe","func@0x14041917c","[Unknown]","0x14041917c"
"func@0x140416100","9.99996e-05","0","0","0","0","0","1","0","0","0","0","0","0","0","0","atc.sys","func@0x140416100","[Unknown]","0x140416100"
"func@0x1403e77a4","9.99996e-05","268800","0","","0","","","0","0","0","0","0","0","0","2.68801e+09","ntoskrnl.exe","func@0x1403e77a4","[Unknown]","0x1403e77a4"
"func@0x140202630","9.99996e-05","268800","1075200","0.25","0","0","1","0","0","0","0","0","0","0","2.68801e+09","ntoskrnl.exe","func@0x140202630","[Unknown]","0x140202630"
"func@0x140210014","9.99996e-05","0","0","0","0","0","1","0","0","0","0","0","0","0","0","ntoskrnl.exe","func@0x140210014","[Unknown]","0x140210014"
"func@0x1402a1ad0","9.99996e-05","268800","0","","0","0","1","0","0","0","0","0","0","0","2.68801e+09","ntoskrnl.exe","func@0x1402a1ad0","[Unknown]","0x1402a1ad0"
"func@0x140393e20","9.99996e-05","537600","0","","0","0","1","0","0","0","0","0","0","0","5.37602e+09","ntoskrnl.exe","func@0x140393e20","[Unknown]","0x140393e20"
"func@0x140364134","9.99996e-05","268800","0","","0","0","1","0","0","0","0","0","0","0","2.68801e+09","ntoskrnl.exe","func@0x140364134","[Unknown]","0x140364134"
"func@0x14032aca0","9.99996e-05","0","0","0","0","","","0","0","0","0","0","0","0","0","ntoskrnl.exe","func@0x14032aca0","[Unknown]","0x14032aca0"
"func@0x140279bb0","9.99996e-05","0","0","0","0","0","1","0","0","0","0","0","0","0","0","ntoskrnl.exe","func@0x140279bb0","[Unknown]","0x140279bb0"
"func@0x14026c440","9.99996e-05","537600","1075200","0.5","0","","","0","0","0","0","0","0","0","5.37602e+09","atc.sys","func@0x14026c440","[Unknown]","0x14026c440"
"func@0x14097659d","9.99996e-05","268800","0","","0","0","1","0","0","0","0","0","0","0","2.68801e+09","ntoskrnl.exe","func@0x14097659d","[Unknown]","0x14097659d"
"func@0x1403d5c00","9.99996e-05","0","0","0","0","0","1","0","0","0","0","0","0","0","0","atc.sys","func@0x1403d5c00","[Unknown]","0x1403d5c00"
"func@0x1404163e0","9.99996e-05","268800","0","","0","0","1","0","0","0","0","0","0","0","2.68801e+09","atc.sys","func@0x1404163e0","[Unknown]","0x1404163e0"
"func@0x1402bee71","9.99996e-05","537600","0","","0","0","1","0","0","0","0","0","0","0","5.37602e+09","ntoskrnl.exe","func@0x1402bee71","[Unknown]","0x1402bee71"
"IoGetStackLimits","9.99996e-05","537600","0","","0","0","1","0","0","0","0","0","0","0","5.37602e+09","ntoskrnl.exe","IoGetStackLimits","[Unknown]","0x140236ae0"
"func@0x1403c5e90","9.99996e-05","0","0","0","0","0","1","0","0","0","0","0","0","0","0","ntoskrnl.exe","func@0x1403c5e90","[Unknown]","0x1403c5e90"
"ObfReferenceObjectWithTag","9.99996e-05","0","537600","0","0","0","1","0","0","0","0","0","0","0","0","ntoskrnl.exe","ObfReferenceObjectWithTag","[Unknown]","0x1403150c0"
"func@0x140410180","9.99996e-05","0","0","0","0","0","1","0","0","0","0","0","0","0","0","atc.sys","func@0x140410180","[Unknown]","0x140410180"
"func@0x1403fe97f","9.99996e-05","537600","537600","1","0","0","1","0","0","0","0","0","0","0","5.37602e+09","atc.sys","func@0x1403fe97f","[Unknown]","0x1403fe97f"
"func@0x14024de1d","9.99996e-05","537600","0","","0","0","1","0","0","0","0","0","0","0","5.37602e+09","ntoskrnl.exe","func@0x14024de1d","[Unknown]","0x14024de1d"
"func@0x1403f4d40","9.99996e-05","537600","0","","0","","","0","0","0","0","0","0","0","5.37602e+09","atc.sys","func@0x1403f4d40","[Unknown]","0x1403f4d40"
"func@0x14037f840","9.99996e-05","268800","537600","0.5","0","0","1","0","0","0","0","0","0","0","2.68801e+09","atc.sys","func@0x14037f840","[Unknown]","0x14037f840"
"func@0x140482698","9.99996e-05","268800","537600","0.5","0","","","0","0","0","0","0","0","0","2.68801e+09","atc.sys","func@0x140482698","[Unknown]","0x140482698"
"func@0x14027f340","9.99996e-05","0","537600","0","0","0","1","0","0","0","0","0","0","0","0","ntoskrnl.exe","func@0x14027f340","[Unknown]","0x14027f340"
"func@0x1402e5b00","9.99996e-05","268800","0","","0","0","1","0","0","0","0","0","0","0","2.68801e+09","atc.sys","func@0x1402e5b00","[Unknown]","0x1402e5b00"
"func@0x140320250","9.99996e-05","806400","4300800","0.1875","0","0","1","0","0","0","0","0","0","0","8.06403e+09","ntoskrnl.exe","func@0x140320250","[Unknown]","0x140320250"
"func@0x1401f2ba0","9.99996e-05","0","0","0","0","0","1","0","0","0","0","0","0","0","0","atc.sys","func@0x1401f2ba0","[Unknown]","0x1401f2ba0"
"ExAcquireRundownProtectionCacheAware","9.99996e-05","1075200","1612800","0.666667","0","","","0","0","0","0","0","0","0","1.0752e+10","ntoskrnl.exe","ExAcquireRundownProtectionCacheAware","[Unknown]","0x1402387b0"
"func@0x140416c82","9.99996e-05","0","0","0","0","0","1","0","0","0","0","0","0","0","0","ntoskrnl.exe","func@0x140416c82","[Unknown]","0x140416c82"
"func@0x1400b694c","9.99996e-05","1344000","537600","2.5","0","0","1","0","0","0","0","0","0","0","1.34401e+10","atc.sys","func@0x1400b694c","[Unknown]","0x1400b694c"
"func@0x1403ba0e0","9.99996e-05","0","0","0","0","0","1","0","0","0","0","0","0","0","0","atc.sys","func@0x1403ba0e0","[Unknown]","0x1403ba0e0"
"func@0x14023cf64","9.99996e-05","0","0","0","0","0","1","0","0","0","0","0","0","0","0","ntoskrnl.exe","func@0x14023cf64","[Unknown]","0x14023cf64"
"func@0x140382c48","9.99996e-05","0","0","0","0","0","1","0","0","0","0","0","0","0","0","atc.sys","func@0x140382c48","[Unknown]","0x140382c48"
"func@0x1402fe64c","9.99996e-05","268800","2150400","0.125","0","0","1","0","0","0","0","0","0","0","2.68801e+09","ntoskrnl.exe","func@0x1402fe64c","[Unknown]","0x1402fe64c"
"func@0x140073060","9.99996e-05","268800","0","","0","","","0","0","0","0","0","0","0","2.68801e+09","atc.sys","func@0x140073060","[Unknown]","0x140073060"
"func@0x140256eb5","9.99996e-05","0","0","0","0","0","1","0","0","0","0","0","0","0","0","ntoskrnl.exe","func@0x140256eb5","[Unknown]","0x140256eb5"
"func@0x1402a7b9a","9.99996e-05","537600","0","","0","0","1","0","0","0","0","0","0","0","5.37602e+09","ntoskrnl.exe","func@0x1402a7b9a","[Unknown]","0x1402a7b9a"
"func@0x140253420","9.99996e-05","0","0","0","0","0","1","0","0","0","0","0","0","0","0","atc.sys","func@0x140253420","[Unknown]","0x140253420"
"func@0x1402ccb54","9.99996e-05","268800","537600","0.5","0","","","0","0","0","0","0","0","0","2.68801e+09","ntoskrnl.exe","func@0x1402ccb54","[Unknown]","0x1402ccb54"
"func@0x1402c26ed","9.99996e-05","268800","0","","0","0","1","0","0","0","0","0","0","0","2.68801e+09","ntoskrnl.exe","func@0x1402c26ed","[Unknown]","0x1402c26ed"
"memcmp","9.99996e-05","0","0","0","0","0","1","0","0","0","0","0","0","0","0","ntoskrnl.exe","memcmp","[Unknown]","0x1406c1710"
"func@0x14029f310","9.99996e-05","1344000","2150400","0.625","0","0","1","0","0","0","0","0","0","0","1.34401e+10","ntoskrnl.exe","func@0x14029f310","[Unknown]","0x14029f310"
"func@0x1402858e0","9.99996e-05","0","0","0","0","0","1","0","0","0","0","0","0","0","0","ntoskrnl.exe","func@0x1402858e0","[Unknown]","0x1402858e0"
"func@0x1402bcb00","9.99996e-05","268800","0","","0","0","1","0","0","0","0","0","0","0","2.68801e+09","ntoskrnl.exe","func@0x1402bcb00","[Unknown]","0x1402bcb00"
"func@0x14024315c","9.99996e-05","268800","0","","0","0","1","0","0","0","0","0","0","0","2.68801e+09","ntoskrnl.exe","func@0x14024315c","[Unknown]","0x14024315c"
"func@0x14032e5e0","9.99996e-05","0","537600","0","0","0","1","0","0","0","0","0","0","0","0","ntoskrnl.exe","func@0x14032e5e0","[Unknown]","0x14032e5e0"
"func@0x140313964","9.99996e-05","0","0","0","0","0","1","0","0","0","0","0","0","0","0","ntoskrnl.exe","func@0x140313964","[Unknown]","0x140313964"
"func@0x140414da0","9.99996e-05","268800","537600","0.5","0","0","1","0","0","0","0","0","0","0","2.68801e+09","atc.sys","func@0x140414da0","[Unknown]","0x140414da0"
"func@0x1409f90ef","9.99996e-05","0","0","0","0","0","1","0","0","0","0","0","0","0","0","ntoskrnl.exe","func@0x1409f90ef","[Unknown]","0x1409f90ef"
"func@0x14023a5c0","9.99996e-05","268800","0","","0","0","1","0","0","0","0","0","0","0","2.68801e+09","atc.sys","func@0x14023a5c0","[Unknown]","0x14023a5c0"
"func@0x1406b4250","9.99996e-05","0","0","0","0","0","1","0","0","0","0","0","0","0","0","ntoskrnl.exe","func@0x1406b4250","[Unknown]","0x1406b4250"
"func@0x1401c0900","9.99996e-05","0","1075200","0","0","","","0","0","0","0","0","0","0","0","atc.sys","func@0x1401c0900","[Unknown]","0x1401c0900"
"func@0x140299e00","9.99996e-05","806400","0","","0","0","1","0","0","0","0","0","0","0","8.06403e+09","ntoskrnl.exe","func@0x140299e00","[Unknown]","0x140299e00"
"func@0x1402506ec","9.99996e-05","0","0","0","0","0","1","0","0","0","0","0","0","0","0","ntoskrnl.exe","func@0x1402506ec","[Unknown]","0x1402506ec"
"func@0x1402bcd80","9.99996e-05","537600","0","","0","","","0","0","0","0","0","0","0","5.37602e+09","ntoskrnl.exe","func@0x1402bcd80","[Unknown]","0x1402bcd80"
"NtWriteFile","9.99996e-05","268800","0","","0","0","1","0","0","0","0","0","0","0","2.68801e+09","ntoskrnl.exe","NtWriteFile","[Unknown]","0x1408bfa70"
"func@0x140291970","9.99996e-05","268800","0","","0","0","1","0","0","0","0","0","0","0","2.68801e+09","ntoskrnl.exe","func@0x140291970","[Unknown]","0x140291970"
"func@0x14027c530","9.99996e-05","537600","0","","0","0","1","0","0","0","0","0","0","0","5.37602e+09","ntoskrnl.exe","func@0x14027c530","[Unknown]","0x14027c530"
"wcslen","9.99996e-05","0","0","0","0","0","1","0","0","0","0","0","0","0","0","ntoskrnl.exe","wcslen","[Unknown]","0x1404fd760"
"ObfReferenceObject","9.99996e-05","0","0","0","0","0","1","0","0","0","0","0","0","0","0","ntoskrnl.exe","ObfReferenceObject","[Unknown]","0x140314770"
"func@0x1406a7250","9.99996e-05","1075200","1075200","1","0","","","","0","0","0","0","0","0","1.0752e+10","ntoskrnl.exe","func@0x1406a7250","[Unknown]","0x1406a7250"
"func@0x140241e6e","9.99996e-05","1075200","1075200","1","0","","","0","0","0","0","0","0","0","1.0752e+10","ntoskrnl.exe","func@0x140241e6e","[Unknown]","0x140241e6e"
"func@0x1405f07e0","9.99996e-05","1881600","1612800","1.16667","0","0.5","0.5","0","0","0","0","0","0","0","1.88161e+10","atc.sys","func@0x1405f07e0","[Unknown]","0x1405f07e0"
"func@0x1404858a0","9.99996e-05","0","0","0","0","0","1","0","0","0","0","0","0","0","0","atc.sys","func@0x1404858a0","[Unknown]","0x1404858a0"
"func@0x140461780","9.99996e-05","268800","0","","0","0","1","0","0","0","0","0","0","0","2.68801e+09","atc.sys","func@0x140461780","[Unknown]","0x140461780"
"func@0x140254acc","9.99996e-05","0","0","0","0","0","1","0","0","0","0","0","0","0","0","atc.sys","func@0x140254acc","[Unknown]","0x140254acc"
"func@0x14041770f","9.99996e-05","0","0","0","0","0","1","0","0","0","0","0","0","0","0","ntoskrnl.exe","func@0x14041770f","[Unknown]","0x14041770f"
"func@0x1402dfb83","9.99996e-05","0","0","0","0","0","1","0","0","0","0","0","0","0","0","ntoskrnl.exe","func@0x1402dfb83","[Unknown]","0x1402dfb83"
"func@0x1402f66f0","9.99996e-05","268800","0","","0","0","1","0","0","0","0","0","0","0","2.68801e+09","ntoskrnl.exe","func@0x1402f66f0","[Unknown]","0x1402f66f0"
"func@0x1403ced70","9.99996e-05","268800","0","","0","0","1","0","0","0","0","0","0","0","2.68801e+09","ntoskrnl.exe","func@0x1403ced70","[Unknown]","0x1403ced70"
"func@0x14033a770","9.99996e-05","0","0","0","0","0","1","0","0","0","0","0","0","0","0","ntoskrnl.exe","func@0x14033a770","[Unknown]","0x14033a770"
"func@0x14022aac3","9.99996e-05","537600","0","","0","0","1","0","0","0","0","0","0","0","5.37602e+09","ntoskrnl.exe","func@0x14022aac3","[Unknown]","0x14022aac3"
"KeIsEmptyAffinityEx","9.99996e-05","1075200","1612800","0.666667","0","0","1","0","0","0","0","0","0","0","1.0752e+10","ntoskrnl.exe","KeIsEmptyAffinityEx","[Unknown]","0x140367180"
"func@0x14025c2b9","9.99996e-05","268800","0","","0","0","1","0","0","0","0","0","0","0","2.68801e+09","ntoskrnl.exe","func@0x14025c2b9","[Unknown]","0x14025c2b9"
"func@0x1402c2070","9.99996e-05","0","0","0","0","0","1","0","0","0","0","0","0","0","0","ntoskrnl.exe","func@0x1402c2070","[Unknown]","0x1402c2070"
"func@0x1403f8dc0","9.99996e-05","0","0","0","0","0","1","0","0","0","0","0","0","0","0","ntoskrnl.exe","func@0x1403f8dc0","[Unknown]","0x1403f8dc0"
"func@0x1403ae038","9.99996e-05","0","537600","0","0","0","1","0","0","0","0","0","0","0","0","ntoskrnl.exe","func@0x1403ae038","[Unknown]","0x1403ae038"
"func@0x14028f7f0","9.99996e-05","268800","0","","","0","","0","0","0","0","0","0","0","2.68801e+09","ntoskrnl.exe","func@0x14028f7f0","[Unknown]","0x14028f7f0"
"func@0x1404514dc","9.99996e-05","0","0","0","0","0","1","0","0","0","0","0","0","0","0","ntoskrnl.exe","func@0x1404514dc","[Unknown]","0x1404514dc"
"func@0x1404d58bc","9.99996e-05","268800","0","","0","0","1","0","0","0","0","0","0","0","2.68801e+09","ntoskrnl.exe","func@0x1404d58bc","[Unknown]","0x1404d58bc"
"func@0x140330830","9.99996e-05","806400","2150400","0.375","0","0","1","0","0","0","0","0","0","0","8.06403e+09","ntoskrnl.exe","func@0x140330830","[Unknown]","0x140330830"
"func@0x1403acf18","9.99996e-05","0","0","0","0","0","1","0","0","0","0","0","0","0","0","ntoskrnl.exe","func@0x1403acf18","[Unknown]","0x1403acf18"
"KeRcuReadUnlock","9.99996e-05","537600","0","","0","0","1","0","0","0","0","0","0","0","5.37602e+09","ntoskrnl.exe","KeRcuReadUnlock","[Unknown]","0x14040eff0"
"func@0x140308750","9.99996e-05","268800","2150400","0.125","0","","","0","0","0","0","0","0","0","2.68801e+09","ntoskrnl.exe","func@0x140308750","[Unknown]","0x140308750"
"ExAcquireRundownProtection","9.99996e-05","537600","0","","0","0","1","0","0","0","0","0","0","0","5.37602e+09","ntoskrnl.exe","ExAcquireRundownProtection","[Unknown]","0x1402eb890"
"func@0x14031c530","9.99996e-05","537600","0","","0","0","1","0","0","0","0","0","0","0","5.37602e+09","ntoskrnl.exe","func@0x14031c530","[Unknown]","0x14031c530"
"func@0x1401c07d4","9.99996e-05","268800","0","","0","0","1","0","0","0","0","0","0","0","2.68801e+09","atc.sys","func@0x1401c07d4","[Unknown]","0x1401c07d4"
"func@0x140480bc0","9.99996e-05","806400","0","","0","0","1","0","0","0","0","0","0","0","8.06403e+09","atc.sys","func@0x140480bc0","[Unknown]","0x140480bc0"
"IoAllocateMdl","9.99996e-05","0","537600","0","0","","","0","0","0","0","0","0","0","0","ntoskrnl.exe","IoAllocateMdl","[Unknown]","0x14025e9e0"
"func@0x1403af828","9.99996e-05","1344000","2150400","0.625","0","0","1","0","0","0","0","0","0","0","1.34401e+10","ntoskrnl.exe","func@0x1403af828","[Unknown]","0x1403af828"
"func@0x1402990b0","9.99996e-05","268800","0","","0","","","0","0","0","0","0","0","0","2.68801e+09","ntoskrnl.exe","func@0x1402990b0","[Unknown]","0x1402990b0"
"func@0x1403db639","9.99996e-05","268800","0","","0","0","1","0","0","0","0","0","0","0","2.68801e+09","ntoskrnl.exe","func@0x1403db639","[Unknown]","0x1403db639"
"func@0x1403b5343","9.99996e-05","268800","537600","0.5","0","0","1","0","0","0","0","0","0","0","2.68801e+09","ntoskrnl.exe","func@0x1403b5343","[Unknown]","0x1403b5343"
"func@0x14013cef0","9.99996e-05","0","0","0","0","0","1","0","0","0","0","0","0","0","0","igdkmdn64.sys","func@0x14013cef0","[Unknown]","0x14013cef0"
"func@0x1402a1bf0","9.99996e-05","2419200","537600","4.5","0","0","1","0","0","0","0","0","0","0","2.41921e+10","ntoskrnl.exe","func@0x1402a1bf0","[Unknown]","0x1402a1bf0"
"func@0x140437e60","9.99996e-05","0","0","0","0","0","1","0","0","0","0","0","0","0","0","ntoskrnl.exe","func@0x140437e60","[Unknown]","0x140437e60"
"func@0x1403151e0","9.99996e-05","268800","0","","0","0","1","0","0","0","0","0","0","0","2.68801e+09","ntoskrnl.exe","func@0x1403151e0","[Unknown]","0x1403151e0"
"func@0x1403f6b80","9.99996e-05","0","0","0","0","0","1","0","0","0","0","0","0","0","0","ntoskrnl.exe","func@0x1403f6b80","[Unknown]","0x1403f6b80"
"func@0x14016f3e0","9.99996e-05","0","0","0","0","0","1","0","0","0","0","0","0","0","0","igdkmdn64.sys","func@0x14016f3e0","[Unknown]","0x14016f3e0"
"func@0x1402230d0","9.99996e-05","0","0","0","0","0","1","0","0","0","0","0","0","0","0","ntoskrnl.exe","func@0x1402230d0","[Unknown]","0x1402230d0"
"func@0x1403f8f20","9.99996e-05","537600","0","","","","","0","0","0","0","0","0","0","5.37602e+09","atc.sys","func@0x1403f8f20","[Unknown]","0x1403f8f20"
"func@0x1402e5060","9.99996e-05","0","0","0","0","","","0","0","0","0","0","0","0","0","atc.sys","func@0x1402e5060","[Unknown]","0x1402e5060"
"func@0x14014e270","9.99996e-05","0","0","0","0","0","1","0","0","0","0","0","0","0","0","igdkmdn64.sys","func@0x14014e270","[Unknown]","0x14014e270"
"RtlCopyUnicodeString","9.99996e-05","0","0","0","0","0","1","0","0","0","0","0","0","0","0","ntoskrnl.exe","RtlCopyUnicodeString","[Unknown]","0x1403f7d40"
"func@0x14013c940","9.99996e-05","0","0","0","0","0","1","0","0","0","0","0","0","0","0","ntfs.sys","func@0x14013c940","[Unknown]","0x14013c940"
"GetStringTypeW","9.99996e-05","268800","0","","0","0","1","0","0","0","0","0","0","0","2.68801e+09","kernelbase.dll","GetStringTypeW","[Unknown]","0x180089b90"
"func@0x18005a0ac","9.99996e-05","268800","0","","0","0","1","0","0","0","0","0","0","0","2.68801e+09","ntdll.dll","func@0x18005a0ac","[Unknown]","0x18005a0ac"
"func@0x1403fcc00","9.99996e-05","0","0","0","0","0","1","0","0","0","0","0","0","0","0","atc.sys","func@0x1403fcc00","[Unknown]","0x1403fcc00"
"func@0x180115ab8","9.99996e-05","268800","0","","0","0","1","0","0","0","0","0","0","0","2.68801e+09","ntdll.dll","func@0x180115ab8","[Unknown]","0x180115ab8"
"RtlReleaseSRWLockExclusive","9.99996e-05","0","537600","0","0","0","1","0","0","0","0","0","0","0","0","ntdll.dll","RtlReleaseSRWLockExclusive","[Unknown]","0x18006c390"
"[luafv.sys]","9.99996e-05","0","0","0","0","0","1","0","0","0","0","0","0","0","0","luafv.sys","[luafv.sys]","[Unknown]","0"
"func@0x14002b314","9.99996e-05","0","0","0","0","0","1","0","0","0","0","0","0","0","0","dxgmms2.sys","func@0x14002b314","[Unknown]","0x14002b314"
"func@0x140144710","9.99996e-05","0","0","0","0","0","1","0","0","0","0","0","0","0","0","ntfs.sys","func@0x140144710","[Unknown]","0x140144710"
"stbiw__putc","9.99996e-05","0","0","0","0","0","1","0","0","0","0","0","0","0","0","kip_sequential_soa_profile.exe","stbiw__putc","stb_image_write.h","0x1400247ac"
"stbiw__putc","9.99996e-05","268800","0","","0","0","1","0","0","0","0","0","0","0","2.68801e+09","kip_sequential_soa_profile.exe","stbiw__putc","stb_image_write.h","0x140024a13"
"func@0x1801668c0","9.99996e-05","268800","0","","0","0","1","0","0","0","0","0","0","0","2.68801e+09","ntdll.dll","func@0x1801668c0","[Unknown]","0x1801668c0"
"func@0x140127ac0","9.99996e-05","0","0","0","0","0","1","0","0","0","0","0","0","0","0","ntfs.sys","func@0x140127ac0","[Unknown]","0x140127ac0"
"func@0x140154f28","9.99996e-05","0","0","0","0","0","1","0","0","0","0","0","0","0","0","ntfs.sys","func@0x140154f28","[Unknown]","0x140154f28"
"func@0x14018f750","9.99996e-05","0","0","0","0","0","1","0","0","0","0","0","0","0","0","ntfs.sys","func@0x14018f750","[Unknown]","0x14018f750"
"wcslen","9.99996e-05","0","0","0","0","0","1","0","0","0","0","0","0","0","0","ntdll.dll","wcslen","[Unknown]","0x1801259d0"
"std::vector<unsigned char,std::allocator<unsigned char> >::operator[]","9.99996e-05","0","0","0","0","0","1","0","0","0","0","0","0","0","0","kip_sequential_soa_profile.exe","std::vector<unsigned char,std::allocator<unsigned char> >::operator[]","vector","0x1400265f4"
"func@0x18003ccfb","9.99996e-05","0","0","0","0","0","1","0","0","0","0","0","0","0","0","ntdll.dll","func@0x18003ccfb","[Unknown]","0x18003ccfb"
"func@0x140162f8a","9.99996e-05","0","0","0","0","0","1","0","0","0","0","0","0","0","0","ntfs.sys","func@0x140162f8a","[Unknown]","0x140162f8a"
"func@0x180023f6f","9.99996e-05","0","0","0","0","0","1","0","0","0","0","0","0","0","0","kernel32.dll","func@0x180023f6f","[Unknown]","0x180023f6f"
"func@0x1401690e0","9.99996e-05","537600","537600","1","0","0","1","0","0","0","0","0","0","0","5.37602e+09","ntfs.sys","func@0x1401690e0","[Unknown]","0x1401690e0"
"RtlAllocateHeap","9.99996e-05","268800","0","","0","0","1","0","0","0","0","0","0","0","2.68801e+09","ntdll.dll","RtlAllocateHeap","[Unknown]","0x18003dc60"
"LdrControlFlowGuardEnforced","9.99996e-05","0","0","0","0","0","1","0","0","0","0","0","0","0","0","ntdll.dll","LdrControlFlowGuardEnforced","[Unknown]","0x1800366f0"
"std::vector<unsigned char,std::allocator<unsigned char> >::operator[]","9.99996e-05","0","0","0","0","0","1","0","0","0","0","0","0","0","0","kip_sequential_soa_profile.exe","std::vector<unsigned char,std::allocator<unsigned char> >::operator[]","vector","0x14002657d"
"std::vector<unsigned char,std::allocator<unsigned char> >::operator[]","9.99996e-05","806400","0","","0","0","1","0","0","0","0","0","0","0","8.06403e+09","kip_sequential_soa_profile.exe","std::vector<unsigned char,std::allocator<unsigned char> >::operator[]","vector","0x14002656c"
"stbi__mul2shorts_valid","9.99996e-05","806400","2150400","0.375","0","0","1","0","0","0","0","0","0","0","8.06403e+09","kip_sequential_soa_profile.exe","stbi__mul2shorts_valid","stb_image.h","0x140021fa6"
"func@0x14011f030","9.99996e-05","0","0","0","0","0","1","0","0","0","0","0","0","0","0","ntfs.sys","func@0x14011f030","[Unknown]","0x14011f030"
"vCleanupUMWindowlessSprite","9.99996e-05","0","0","0","0","0","1","0","0","0","0","0","0","0","0","win32kfull.sys","vCleanupUMWindowlessSprite","[Unknown]","0x1400812d0"
"stbi__jpeg_get_bit","9.99996e-05","268800","0","","0","0","1","0","0","0","0","0","0","0","2.68801e+09","kip_sequential_soa_profile.exe","stbi__jpeg_get_bit","stb_image.h","0x140012b67"
"RtlFlsGetValue2","9.99996e-05","0","0","0","0","0","1","0","0","0","0","0","0","0","0","ntdll.dll","RtlFlsGetValue2","[Unknown]","0x1800d3970"
"RtlUnicodeToMultiByteN","9.99996e-05","0","1612800","0","0","0","1","0","0","0","0","0","0","0","0","ntdll.dll","RtlUnicodeToMultiByteN","[Unknown]","0x18007ecd0"
"func@0x180008100","9.99996e-05","0","0","0","0","0","1","0","0","0","0","0","0","0","0","ntdll.dll","func@0x180008100","[Unknown]","0x180008100"
"func@0x140006c72","9.99996e-05","0","0","0","0","0","1","0","0","0","0","0","0","0","0","dxgmms2.sys","func@0x140006c72","[Unknown]","0x140006c72"
"func@0x14002f3c0","9.99996e-05","0","0","0","0","0","1","0","0","0","0","0","0","0","0","ntfs.sys","func@0x14002f3c0","[Unknown]","0x14002f3c0"
"func@0x140009760","9.99996e-05","0","0","0","0","0","1","0","0","0","0","0","0","0","0","ntfs.sys","func@0x140009760","[Unknown]","0x140009760"
"func@0x140415469","9.99996e-05","0","0","0","0","0","1","0","0","0","0","0","0","0","0","ntoskrnl.exe","func@0x140415469","[Unknown]","0x140415469"
"func@0x1801268d0","9.99996e-05","0","0","0","0","0","1","0","0","0","0","0","0","0","0","ntdll.dll","func@0x1801268d0","[Unknown]","0x1801268d0"
"func@0x1400067e0","9.99996e-05","268800","0","","0","","","0","0","0","0","0","0","0","2.68801e+09","dxgmms2.sys","func@0x1400067e0","[Unknown]","0x1400067e0"
"func@0x140005260","9.99996e-05","0","0","0","0","0","1","0","0","0","0","0","0","0","0","dxgmms2.sys","func@0x140005260","[Unknown]","0x140005260"
"func@0x180054da0","9.99996e-05","268800","0","","0","0","1","0","0","0","0","0","0","0","2.68801e+09","ntdll.dll","func@0x180054da0","[Unknown]","0x180054da0"
"std::vector<unsigned char,std::allocator<unsigned char> >::operator[]","9.99996e-05","268800","0","","0","0","1","0","0","0","0","0","0","0","2.68801e+09","kip_sequential_soa_profile.exe","std::vector<unsigned char,std::allocator<unsigned char> >::operator[]","vector","0x140026716"
"func@0x180033760","9.99996e-05","0","0","0","0","0","1","0","0","0","0","0","0","0","0","bdhkm64.dll","func@0x180033760","[Unknown]","0x180033760"
"func@0x18000451b","9.99996e-05","0","0","0","0","0","1","0","0","0","0","0","0","0","0","apphelp.dll","func@0x18000451b","[Unknown]","0x18000451b"
"func@0x1401514e0","9.99996e-05","0","0","0","0","0","1","0","0","0","0","0","0","0","0","ntfs.sys","func@0x1401514e0","[Unknown]","0x1401514e0"
"func@0x1400054c0","9.99996e-05","268800","0","","0","0","1","0","0","0","0","0","0","0","2.68801e+09","ntfs.sys","func@0x1400054c0","[Unknown]","0x1400054c0"
"RtlGetLastWin32Error","9.99996e-05","268800","537600","0.5","0","0","1","0","0","0","0","0","0","0","2.68801e+09","ntdll.dll","RtlGetLastWin32Error","[Unknown]","0x1800e8210"
"RtlAcquireSRWLockExclusive","9.99996e-05","268800","0","","0","0","1","0","0","0","0","0","0","0","2.68801e+09","ntdll.dll","RtlAcquireSRWLockExclusive","[Unknown]","0x18006b6c0"
"func@0x140005e37","9.99996e-05","0","0","0","0","0","1","0","0","0","0","0","0","0","0","dxgmms2.sys","func@0x140005e37","[Unknown]","0x140005e37"
"func@0x18000fa6e","9.99996e-05","0","0","0","0","0","1","0","0","0","0","0","0","0","0","apphelp.dll","func@0x18000fa6e","[Unknown]","0x18000fa6e"
"func@0x1800166c0","9.99996e-05","0","0","0","0","0","1","0","0","0","0","0","0","0","0","ntdll.dll","func@0x1800166c0","[Unknown]","0x1800166c0"
"func@0x1800186e0","9.99996e-05","0","0","0","0","0","1","0","0","0","0","0","0","0","0","bdhkm64.dll","func@0x1800186e0","[Unknown]","0x1800186e0"
"SbSelectProcedure","9.99996e-05","0","0","0","0","0","1","0","0","0","0","0","0","0","0","ntdll.dll","SbSelectProcedure","[Unknown]","0x18000b080"
"func@0x14008561c","9.99996e-05","0","0","0","0","0","1","0","0","0","0","0","0","0","0","gemma.sys","func@0x14008561c","[Unknown]","0x14008561c"
"func@0x140273eeb","9.99996e-05","806400","0","","0","","","0","0","0","0","0","0","0","8.06403e+09","ntfs.sys","func@0x140273eeb","[Unknown]","0x140273eeb"
"func@0x18000ae93","9.99996e-05","0","0","0","0","0","1","0","0","0","0","0","0","0","0","fltmgr.sys","func@0x18000ae93","[Unknown]","0x18000ae93"
"func@0x14003a9ec","9.99996e-05","0","0","0","0","0","1","0","0","0","0","0","0","0","0","gemma.sys","func@0x14003a9ec","[Unknown]","0x14003a9ec"
"func@0x1400144f0","9.99996e-05","0","0","0","0","0","1","0","0","0","0","0","0","0","0","wdf01000.sys","func@0x1400144f0","[Unknown]","0x1400144f0"
"func@0x180010040","9.99996e-05","0","0","0","0","0","1","0","0","0","0","0","0","0","0","fltmgr.sys","func@0x180010040","[Unknown]","0x180010040"
"func@0x180010220","9.99996e-05","0","0","0","0","0","1","0","0","0","0","0","0","0","0","bdhkm64.dll","func@0x180010220","[Unknown]","0x180010220"
"func@0x18000ec10","9.99996e-05","0","537600","0","0","0","1","0","0","0","0","0","0","0","0","fltmgr.sys","func@0x18000ec10","[Unknown]","0x18000ec10"
"func@0x18001c3c0","9.99996e-05","0","0","0","0","0","1","0","0","0","0","0","0","0","0","fltmgr.sys","func@0x18001c3c0","[Unknown]","0x18001c3c0"
"func@0x18000c310","9.99996e-05","268800","0","","0","0","1","0","0","0","0","0","0","0","2.68801e+09","fltmgr.sys","func@0x18000c310","[Unknown]","0x18000c310"
"func@0x180001d1c","9.99996e-05","537600","537600","1","","0","","0","0","0","0","0","0","0","5.37602e+09","bdhkm64.dll","func@0x180001d1c","[Unknown]","0x180001d1c"
"FltDecodeParameters","9.99996e-05","0","0","0","0","","","0","0","0","0","0","0","0","0","fltmgr.sys","FltDecodeParameters","[Unknown]","0x18000f3d0"
"func@0x18000f010","9.99996e-05","0","0","0","0","0","1","0","0","0","0","0","0","0","0","fltmgr.sys","func@0x18000f010","[Unknown]","0x18000f010"
"func@0x180039ce0","9.99996e-05","268800","0","","0","0","1","0","0","0","0","0","0","0","2.68801e+09","ntdll.dll","func@0x180039ce0","[Unknown]","0x180039ce0"
"func@0x1c0013584","9.99996e-05","0","0","0","0","0","1","0","0","0","0","0","0","0","0","fileinfo.sys","func@0x1c0013584","[Unknown]","0x1c0013584"
"RtlTryAcquireSRWLockShared","9.99996e-05","806400","1075200","0.75","0","","","0","0","0","0","0","0","0","8.06403e+09","ntdll.dll","RtlTryAcquireSRWLockShared","[Unknown]","0x18004b210"
"func@0x18000d620","9.99996e-05","268800","0","","0","0","1","0","0","0","0","0","0","0","2.68801e+09","fltmgr.sys","func@0x18000d620","[Unknown]","0x18000d620"
"func@0x140055450","9.99996e-05","0","0","0","0","0","1","0","0","0","0","0","0","0","0","ntfs.sys","func@0x140055450","[Unknown]","0x140055450"
"func@0x1400058df","9.99996e-05","0","0","0","0","0","1","0","0","0","0","0","0","0","0","ntfs.sys","func@0x1400058df","[Unknown]","0x1400058df"
"func@0x180013d77","9.99996e-05","0","0","0","0","0","1","0","0","0","0","0","0","0","0","fltmgr.sys","func@0x180013d77","[Unknown]","0x180013d77"
"func@0x180024580","9.99996e-05","0","0","0","0","0","1","0","0","0","0","0","0","0","0","fltmgr.sys","func@0x180024580","[Unknown]","0x180024580"
"func@0x18006f820","9.99996e-05","0","0","0","0","0","1","0","0","0","0","0","0","0","0","ntdll.dll","func@0x18006f820","[Unknown]","0x18006f820"
"func@0x140005e00","9.99996e-05","268800","0","","0","0","1","0","0","0","0","0","0","0","2.68801e+09","ntfs.sys","func@0x140005e00","[Unknown]","0x140005e00"
"func@0x14013bfa0","9.99996e-05","0","0","0","0","0","1","0","0","0","0","0","0","0","0","ntfs.sys","func@0x14013bfa0","[Unknown]","0x14013bfa0"
"func@0x18000fa00","9.99996e-05","268800","0","","0","0","1","0","0","0","0","0","0","0","2.68801e+09","fltmgr.sys","func@0x18000fa00","[Unknown]","0x18000fa00"
"func@0x18001f5c0","9.99996e-05","0","0","0","0","0","1","0","0","0","0","0","0","0","0","bdhkm64.dll","func@0x18001f5c0","[Unknown]","0x18001f5c0"
"func@0x180017f40","9.99996e-05","0","0","0","0","0","1","0","0","0","0","0","0","0","0","bdhkm64.dll","func@0x180017f40","[Unknown]","0x180017f40"
"load_jpeg_image","9.99996e-05","1344000","3225600","0.416667","0","0","1","0","0","0","0","0","0","0","1.34401e+10","kip_sequential_soa_profile.exe","load_jpeg_image","stb_image.h","0x140012541"
"func@0x14000b410","9.99996e-05","0","1075200","0","0","","","0","0","0","0","0","0","0","0","ntfs.sys","func@0x14000b410","[Unknown]","0x14000b410"
"func@0x18001bea0","9.99996e-05","0","537600","0","0","","","0","0","0","0","0","0","0","0","fltmgr.sys","func@0x18001bea0","[Unknown]","0x18001bea0"
"func@0x18000f850","9.99996e-05","268800","0","","0","","","0","0","0","0","0","0","0","2.68801e+09","fltmgr.sys","func@0x18000f850","[Unknown]","0x18000f850"
"FltAcquirePushLockShared","9.99996e-05","268800","537600","0.5","0","0","1","0","0","0","0","0","0","0","2.68801e+09","fltmgr.sys","FltAcquirePushLockShared","[Unknown]","0x180013c40"
"func@0x18000eb10","9.99996e-05","0","0","0","0","0","1","0","0","0","0","0","0","0","0","ntdll.dll","func@0x18000eb10","[Unknown]","0x18000eb10"
"func@0x18000f560","9.99996e-05","0","0","0","0","","","0","0","0","0","0","0","0","0","fltmgr.sys","func@0x18000f560","[Unknown]","0x18000f560"
"func@0x180008fb4","9.99996e-05","806400","0","","0","0","1","0","0","0","0","0","0","0","8.06403e+09","fltmgr.sys","func@0x180008fb4","[Unknown]","0x180008fb4"
"func@0x140037b80","9.99996e-05","0","0","0","0","","","0","0","0","0","0","0","0","0","bddci4.sys","func@0x140037b80","[Unknown]","0x140037b80"
"FltReleasePushLock","9.99996e-05","268800","537600","0.5","0","0","1","0","0","0","0","0","0","0","2.68801e+09","fltmgr.sys","FltReleasePushLock","[Unknown]","0x1800141e0"
"func@0x1800092d6","9.99996e-05","537600","537600","1","0","0","1","0","0","0","0","0","0","0","5.37602e+09","fltmgr.sys","func@0x1800092d6","[Unknown]","0x1800092d6"
"func@0x18009cc80","9.99996e-05","268800","0","","0","0","1","0","0","0","0","0","0","0","2.68801e+09","atcuf64.dll","func@0x18009cc80","[Unknown]","0x18009cc80"
"func@0x180020460","9.99996e-05","537600","0","","0","0","1","0","0","0","0","0","0","0","5.37602e+09","atcuf64.dll","func@0x180020460","[Unknown]","0x180020460"
"func@0x18000b4a0","9.99996e-05","0","0","0","0","0","1","0","0","0","0","0","0","0","0","msvcp140.dll","func@0x18000b4a0","[Unknown]","0x18000b4a0"
"func@0x180009542","9.99996e-05","1344000","537600","2.5","","","","0","0","0","0","0","0","0","1.34401e+10","fltmgr.sys","func@0x180009542","[Unknown]","0x180009542"
"func@0x1800a2f40","9.99996e-05","0","0","0","0","0","1","0","0","0","0","0","0","0","0","atcuf64.dll","func@0x1800a2f40","[Unknown]","0x1800a2f40"
"func@0x18009d180","9.99996e-05","0","0","0","0","0","1","0","0","0","0","0","0","0","0","atcuf64.dll","func@0x18009d180","[Unknown]","0x18009d180"
"EntropyProvideData","9.99996e-05","806400","0","","0","0","1","0","0","0","0","0","0","0","8.06403e+09","cng.sys","EntropyProvideData","[Unknown]","0x18002e130"
"func@0x140030480","9.99996e-05","0","0","0","0","0","1","0","0","0","0","0","0","0","0","dxgkrnl.sys","func@0x140030480","[Unknown]","0x140030480"
"func@0x180050e90","9.99996e-05","0","537600","0","0","0","1","0","0","0","0","0","0","0","0","cng.sys","func@0x180050e90","[Unknown]","0x180050e90"
"func@0x180040ed0","9.99996e-05","0","0","0","0","0","1","0","0","0","0","0","0","0","0","ntdll.dll","func@0x180040ed0","[Unknown]","0x180040ed0"
"fread_s","9.99996e-05","1075200","0","","","0","","0","0","0","0","0","0","0","1.0752e+10","ucrtbase.dll","fread_s","[Unknown]","0x18001de30"
"func@0x18000d8b0","9.99996e-05","0","1075200","0","0","0","1","0","0","0","0","0","0","0","0","fltmgr.sys","func@0x18000d8b0","[Unknown]","0x18000d8b0"
"func@0x18001c310","9.99996e-05","0","0","0","0","0","1","0","0","0","0","0","0","0","0","ucrtbase.dll","func@0x18001c310","[Unknown]","0x18001c310"
"func@0x1800725a0","9.99996e-05","0","0","0","0","0","1","0","0","0","0","0","0","0","0","ucrtbase.dll","func@0x1800725a0","[Unknown]","0x1800725a0"
"func@0x14004710f","9.99996e-05","0","0","0","0","0","1","0","0","0","0","0","0","0","0","vlflt.sys","func@0x14004710f","[Unknown]","0x14004710f"
"func@0x1400139cb","9.99996e-05","0","0","0","0","0","1","0","0","0","0","0","0","0","0","ntfs.sys","func@0x1400139cb","[Unknown]","0x1400139cb"
"func@0x140218bc0","0","268800","0","","0","0","1","0","0","0","0","0","0","0","","ntoskrnl.exe","func@0x140218bc0","[Unknown]","0x140218bc0"
"func@0x140229260","0","0","0","0","","0","","0","0","0","0","0","0","0","0","ntoskrnl.exe","func@0x140229260","[Unknown]","0x140229260"
"func@0x140035830","0","268800","0","","0","0","1","0","0","0","0","0","0","0","","dxgmms2.sys","func@0x140035830","[Unknown]","0x140035830"
"func@0x14042173c","0","0","0","0","0","","","0","0","0","0","0","0","0","0","ntoskrnl.exe","func@0x14042173c","[Unknown]","0x14042173c"
"func@0x1800044d3","0","0","0","0","0","0","1","0","0","0","0","0","0","0","0","apphelp.dll","func@0x1800044d3","[Unknown]","0x1800044d3"
"CcPinMappedData","0","268800","0","","0","0","1","0","0","0","0","0","0","0","","ntoskrnl.exe","CcPinMappedData","[Unknown]","0x1409ae800"
"func@0x14026bea7","0","268800","0","","0","0","1","0","0","0","0","0","0","0","","ntoskrnl.exe","func@0x14026bea7","[Unknown]","0x14026bea7"
"KeReleaseInStackQueuedSpinLock","0","0","537600","0","0","0","1","0","0","0","0","0","0","0","0","ntoskrnl.exe","KeReleaseInStackQueuedSpinLock","[Unknown]","0x14022aa70"
"func@0x1402b836f","0","268800","0","","0","0","1","0","0","0","0","0","0","0","","ntoskrnl.exe","func@0x1402b836f","[Unknown]","0x1402b836f"
"func@0x1403ced2c","0","0","537600","0","0","0","1","0","0","0","0","0","0","0","0","ntoskrnl.exe","func@0x1403ced2c","[Unknown]","0x1403ced2c"
"func@0x1800444d4","0","268800","0","","0","0","1","0","0","0","0","0","0","0","","apphelp.dll","func@0x1800444d4","[Unknown]","0x1800444d4"
"func@0x140291a83","0","0","537600","0","0","0","1","0","0","0","0","0","0","0","0","ntoskrnl.exe","func@0x140291a83","[Unknown]","0x140291a83"
"func@0x1404168d0","0","537600","0","","0","0","1","0","0","0","0","0","0","0","","ntoskrnl.exe","func@0x1404168d0","[Unknown]","0x1404168d0"
"func@0x140236fe8","0","268800","0","","0","0","1","0","0","0","0","0","0","0","","ntoskrnl.exe","func@0x140236fe8","[Unknown]","0x140236fe8"
"func@0x14025bf50","0","0","0","0","0","0","1","0","0","0","0","0","0","0","0","ntoskrnl.exe","func@0x14025bf50","[Unknown]","0x14025bf50"
"func@0x140989c45","0","0","537600","0","0","0","1","0","0","0","0","0","0","0","0","ntoskrnl.exe","func@0x140989c45","[Unknown]","0x140989c45"
"func@0x180020e20","0","0","0","0","0","","","0","0","0","0","0","0","0","0","apphelp.dll","func@0x180020e20","[Unknown]","0x180020e20"
"func@0x140028bdc","0","0","0","0","0","","","0","0","0","0","0","0","0","0","dxgmms2.sys","func@0x140028bdc","[Unknown]","0x140028bdc"
"func@0x140206290","0","0","537600","0","0","0","1","0","0","0","0","0","0","0","0","ntoskrnl.exe","func@0x140206290","[Unknown]","0x140206290"
"func@0x140295350","0","0","0","0","0","0","1","0","0","0","0","0","0","0","0","ntoskrnl.exe","func@0x140295350","[Unknown]","0x140295350"
"func@0x140241246","0","0","0","0","0","0","1","0","0","0","0","0","0","0","0","ntoskrnl.exe","func@0x140241246","[Unknown]","0x140241246"
"func@0x1408a8e60","0","268800","0","","0","0","1","0","0","0","0","0","0","0","","ntoskrnl.exe","func@0x1408a8e60","[Unknown]","0x1408a8e60"
"func@0x14064d928","0","0","0","0","0","0","1","0","0","0","0","0","0","0","0","ntoskrnl.exe","func@0x14064d928","[Unknown]","0x14064d928"
"func@0x140005d3c","0","537600","0","","0","0","1","0","0","0","0","0","0","0","","dxgmms2.sys","func@0x140005d3c","[Unknown]","0x140005d3c"
"func@0x1403f13ad","0","0","537600","0","0","0","1","0","0","0","0","0","0","0","0","ntoskrnl.exe","func@0x1403f13ad","[Unknown]","0x1403f13ad"
"RtlEqualUnicodeString","0","268800","0","","0","0","1","0","0","0","0","0","0","0","","ntoskrnl.exe","RtlEqualUnicodeString","[Unknown]","0x140929e10"
"func@0x1406dc3e5","0","0","537600","0","0","0","1","0","0","0","0","0","0","0","0","ntoskrnl.exe","func@0x1406dc3e5","[Unknown]","0x1406dc3e5"
"FsRtlReleaseEofLock","0","806400","0","","0","0","1","0","0","0","0","0","0","0","","ntoskrnl.exe","FsRtlReleaseEofLock","[Unknown]","0x1402d6110"
"func@0x140295e70","0","268800","1075200","0.25","0","0","1","0","0","0","0","0","0","0","","ntoskrnl.exe","func@0x140295e70","[Unknown]","0x140295e70"
"func@0x180012260","0","268800","537600","0.5","0","0","1","0","0","0","0","0","0","0","","apphelp.dll","func@0x180012260","[Unknown]","0x180012260"
"func@0x1403f9380","0","0","0","0","0","0","1","0","0","0","0","0","0","0","0","ntoskrnl.exe","func@0x1403f9380","[Unknown]","0x1403f9380"
"func@0x140006970","0","0","0","0","0","0","1","0","0","0","0","0","0","0","0","dxgmms2.sys","func@0x140006970","[Unknown]","0x140006970"
"func@0x14000a8b8","0","268800","0","","0","0","1","0","0","0","0","0","0","0","","dxgmms2.sys","func@0x14000a8b8","[Unknown]","0x14000a8b8"
"RtlLookupEntryHashTable","0","268800","0","","0","0","1","0","0","0","0","0","0","0","","ntoskrnl.exe","RtlLookupEntryHashTable","[Unknown]","0x1403ec6e0"
"func@0x1402872a0","0","268800","0","","0","0","1","0","0","0","0","0","0","0","","ntoskrnl.exe","func@0x1402872a0","[Unknown]","0x1402872a0"
"func@0x14040edd0","0","0","537600","0","0","0","1","0","0","0","0","0","0","0","0","ntoskrnl.exe","func@0x14040edd0","[Unknown]","0x14040edd0"
"PsGetProcessId","0","0","0","0","0","0","1","0","0","0","0","0","0","0","0","ntoskrnl.exe","PsGetProcessId","[Unknown]","0x14042b160"
"func@0x18005a136","0","0","537600","0","0","0","1","0","0","0","0","0","0","0","0","kernelbase.dll","func@0x18005a136","[Unknown]","0x18005a136"
"KeLeaveGuardedRegion","0","0","0","0","0","0","1","0","0","0","0","0","0","0","0","ntoskrnl.exe","KeLeaveGuardedRegion","[Unknown]","0x1403583a0"
"func@0x1408da750","0","0","0","0","0","","","0","0","0","0","0","0","0","0","ntoskrnl.exe","func@0x1408da750","[Unknown]","0x1408da750"
"RtlCompareUnicodeString","0","268800","537600","0.5","0","0","1","0","0","0","0","0","0","0","","ntoskrnl.exe","RtlCompareUnicodeString","[Unknown]","0x140935050"
"func@0x1403149cb","0","0","0","0","0","0","1","0","0","0","0","0","0","0","0","ntoskrnl.exe","func@0x1403149cb","[Unknown]","0x1403149cb"
"func@0x14003a920","0","0","0","0","0","0","1","0","0","0","0","0","0","0","0","gemma.sys","func@0x14003a920","[Unknown]","0x14003a920"
"ORD_7","0","268800","0","","0","0","1","0","0","0","0","0","0","0","","ntoskrnl.exe","ORD_7","[Unknown]","0x140232540"
"func@0x14030828c","0","0","0","0","0","0","1","0","0","0","0","0","0","0","0","ntoskrnl.exe","func@0x14030828c","[Unknown]","0x14030828c"
"ReadFile","0","0","537600","0","0","0","1","0","0","0","0","0","0","0","0","kernelbase.dll","ReadFile","[Unknown]","0x180022d10"
"func@0x1403ce568","0","268800","0","","0","0","1","0","0","0","0","0","0","0","","ntoskrnl.exe","func@0x1403ce568","[Unknown]","0x1403ce568"
"[dxgmms2.sys]","0","0","0","0","0","0","1","0","0","0","0","0","0","0","0","dxgmms2.sys","[dxgmms2.sys]","[Unknown]","0"
"func@0x1408c008e","0","0","0","0","0","0","1","0","0","0","0","0","0","0","0","ntoskrnl.exe","func@0x1408c008e","[Unknown]","0x1408c008e"
"func@0x14040f700","0","537600","537600","1","0","0","1","0","0","0","0","0","0","0","","ntoskrnl.exe","func@0x14040f700","[Unknown]","0x14040f700"
"func@0x14020944f","0","268800","537600","0.5","0","0","1","0","0","0","0","0","0","0","","ntoskrnl.exe","func@0x14020944f","[Unknown]","0x14020944f"
"func@0x1409d7e10","0","268800","0","","0","0","1","0","0","0","0","0","0","0","","ntoskrnl.exe","func@0x1409d7e10","[Unknown]","0x1409d7e10"
"func@0x14034b014","0","0","0","0","0","0","1","0","0","0","0","0","0","0","0","ntoskrnl.exe","func@0x14034b014","[Unknown]","0x14034b014"
"func@0x1800170b4","0","268800","0","","0","0","1","0","0","0","0","0","0","0","","apphelp.dll","func@0x1800170b4","[Unknown]","0x1800170b4"
"ExAcquireSpinLockExclusive","0","0","0","0","0","","","0","0","0","0","0","0","0","0","ntoskrnl.exe","ExAcquireSpinLockExclusive","[Unknown]","0x1402947b0"
"func@0x14004efb0","0","0","0","0","0","0","1","0","0","0","0","0","0","0","0","storport.sys","func@0x14004efb0","[Unknown]","0x14004efb0"
"ExAllocateFromLookasideListEx","0","0","0","0","0","","","0","0","0","0","0","0","0","0","ntoskrnl.exe","ExAllocateFromLookasideListEx","[Unknown]","0x1403c4790"
"func@0x18001a2cc","0","0","537600","0","0","0","1","0","0","0","0","0","0","0","0","kernelbase.dll","func@0x18001a2cc","[Unknown]","0x18001a2cc"
"func@0x1800082b0","0","0","0","0","0","0","1","0","0","0","0","0","0","0","0","apphelp.dll","func@0x1800082b0","[Unknown]","0x1800082b0"
"func@0x1402f7bef","0","0","537600","0","0","","","0","0","0","0","0","0","0","0","ntoskrnl.exe","func@0x1402f7bef","[Unknown]","0x1402f7bef"
"FsRtlLookupPerFileObjectContext","0","0","0","0","","0","","0","0","0","0","0","0","0","0","ntoskrnl.exe","FsRtlLookupPerFileObjectContext","[Unknown]","0x1402847b0"
"func@0x140276760","0","0","0","0","0","0","1","0","0","0","0","0","0","0","0","ntoskrnl.exe","func@0x140276760","[Unknown]","0x140276760"
"func@0x1408c1c00","0","268800","0","","0","0","1","0","0","0","0","0","0","0","","ntoskrnl.exe","func@0x1408c1c00","[Unknown]","0x1408c1c00"
"func@0x140269360","0","0","0","0","0","","","0","0","0","0","0","0","0","0","ntoskrnl.exe","func@0x140269360","[Unknown]","0x140269360"
"func@0x140216b44","0","0","0","0","0","0","1","0","0","0","0","0","0","0","0","ntoskrnl.exe","func@0x140216b44","[Unknown]","0x140216b44"
"SdbGetNextChild","0","0","0","0","0","0","1","0","0","0","0","0","0","0","0","apphelp.dll","SdbGetNextChild","[Unknown]","0x180006bd0"
"func@0x1402a7c20","0","0","0","0","0","0","1","0","0","0","0","0","0","0","0","ntoskrnl.exe","func@0x1402a7c20","[Unknown]","0x1402a7c20"
"func@0x1800106d3","0","0","0","0","0","0","1","0","0","0","0","0","0","0","0","apphelp.dll","func@0x1800106d3","[Unknown]","0x1800106d3"
"func@0x14000dc30","0","0","0","0","0","0","1","0","0","0","0","0","0","0","0","dxgmms2.sys","func@0x14000dc30","[Unknown]","0x14000dc30"
"func@0x14093c378","0","0","0","0","0","0","1","0","0","0","0","0","0","0","0","ntoskrnl.exe","func@0x14093c378","[Unknown]","0x14093c378"
"func@0x140435020","0","0","537600","0","0","0","1","0","0","0","0","0","0","0","0","ntoskrnl.exe","func@0x140435020","[Unknown]","0x140435020"
"FsRtlReleaseHeaderMutex","0","268800","0","","0","0","1","0","0","0","0","0","0","0","","ntoskrnl.exe","FsRtlReleaseHeaderMutex","[Unknown]","0x1402bc4d0"
"func@0x14002b0d8","0","0","0","0","0","","","0","0","0","0","0","0","0","0","dxgmms2.sys","func@0x14002b0d8","[Unknown]","0x14002b0d8"
"func@0x140238800","0","268800","0","","0","0","1","0","0","0","0","0","0","0","","ntoskrnl.exe","func@0x140238800","[Unknown]","0x140238800"
"func@0x1403db3f0","0","268800","1075200","0.25","0","0","1","0","0","0","0","0","0","0","","ntoskrnl.exe","func@0x1403db3f0","[Unknown]","0x1403db3f0"
"func@0x14032ae30","0","0","537600","0","0","0","1","0","0","0","0","0","0","0","0","ntoskrnl.exe","func@0x14032ae30","[Unknown]","0x14032ae30"
"func@0x180014d50","0","268800","0","","0","0","1","0","0","0","0","0","0","0","","apphelp.dll","func@0x180014d50","[Unknown]","0x180014d50"
"func@0x140227476","0","268800","0","","0","0","1","0","0","0","0","0","0","0","","ntoskrnl.exe","func@0x140227476","[Unknown]","0x140227476"
"func@0x140955d80","0","268800","0","","0","0","1","0","0","0","0","0","0","0","","ntoskrnl.exe","func@0x140955d80","[Unknown]","0x140955d80"
"func@0x14000bf80","0","0","0","0","0","0","1","0","0","0","0","0","0","0","0","ndis.sys","func@0x14000bf80","[Unknown]","0x14000bf80"
"func@0x140205f6b","0","537600","0","","","0","","0","0","0","0","0","0","0","","ntoskrnl.exe","func@0x140205f6b","[Unknown]","0x140205f6b"
"func@0x14020ad30","0","0","0","0","0","0","1","0","0","0","0","0","0","0","0","ntoskrnl.exe","func@0x14020ad30","[Unknown]","0x14020ad30"
"func@0x1403b4a8f","0","0","0","0","0","0","1","0","0","0","0","0","0","0","0","ntoskrnl.exe","func@0x1403b4a8f","[Unknown]","0x1403b4a8f"
"func@0x140237200","0","268800","537600","0.5","0","0","1","0","0","0","0","0","0","0","","ntoskrnl.exe","func@0x140237200","[Unknown]","0x140237200"
"func@0x1403eeca0","0","268800","0","","0","0","1","0","0","0","0","0","0","0","","ntoskrnl.exe","func@0x1403eeca0","[Unknown]","0x1403eeca0"
"func@0x14020bcc0","0","268800","0","","0","0","1","0","0","0","0","0","0","0","","ntoskrnl.exe","func@0x14020bcc0","[Unknown]","0x14020bcc0"
"func@0x14001a0e0","0","0","0","0","0","0","1","0","0","0","0","0","0","0","0","ndis.sys","func@0x14001a0e0","[Unknown]","0x14001a0e0"
"func@0x140326acc","0","268800","0","","0","0","1","0","0","0","0","0","0","0","","ntoskrnl.exe","func@0x140326acc","[Unknown]","0x140326acc"
"func@0x1402374d0","0","268800","0","","0","0","1","0","0","0","0","0","0","0","","ntoskrnl.exe","func@0x1402374d0","[Unknown]","0x1402374d0"
"func@0x140343c70","0","0","1075200","0","0","0","1","0","0","0","0","0","0","0","0","ntoskrnl.exe","func@0x140343c70","[Unknown]","0x140343c70"
"ExReleaseSpinLockExclusive","0","268800","0","","0","0","1","0","0","0","0","0","0","0","","ntoskrnl.exe","ExReleaseSpinLockExclusive","[Unknown]","0x1402dc610"
"func@0x180005d60","0","0","537600","0","0","0","1","0","0","0","0","0","0","0","0","bdhkm64.dll","func@0x180005d60","[Unknown]","0x180005d60"
"func@0x1400dfe2b","0","0","0","0","0","0","1","0","0","0","0","0","0","0","0","win32kfull.sys","func@0x1400dfe2b","[Unknown]","0x1400dfe2b"
"DeleteProcThreadAttributeList","0","268800","0","","0","0","1","0","0","0","0","0","0","0","","kernelbase.dll","DeleteProcThreadAttributeList","[Unknown]","0x18011fb60"
"func@0x14045a530","0","806400","0","","0","0","1","0","0","0","0","0","0","0","","ntoskrnl.exe","func@0x14045a530","[Unknown]","0x14045a530"
"func@0x140227ad0","0","0","0","0","0","0","1","0","0","0","0","0","0","0","0","ntoskrnl.exe","func@0x140227ad0","[Unknown]","0x140227ad0"
"func@0x14027bb79","0","0","0","0","0","0","1","0","0","0","0","0","0","0","0","ntoskrnl.exe","func@0x14027bb79","[Unknown]","0x14027bb79"
"func@0x1402a83fe","0","268800","0","","0","0","1","0","0","0","0","0","0","0","","ntoskrnl.exe","func@0x1402a83fe","[Unknown]","0x1402a83fe"
"func@0x14046bb30","0","268800","0","","0","0","1","0","0","0","0","0","0","0","","ntoskrnl.exe","func@0x14046bb30","[Unknown]","0x14046bb30"
"func@0x18000463c","0","0","0","0","0","0","1","0","0","0","0","0","0","0","0","kernelbase.dll","func@0x18000463c","[Unknown]","0x18000463c"
"func@0x1402a214c","0","0","537600","0","0","0","1","0","0","0","0","0","0","0","0","ntoskrnl.exe","func@0x1402a214c","[Unknown]","0x1402a214c"
"func@0x14032f151","0","0","0","0","0","0","1","0","0","0","0","0","0","0","0","ntoskrnl.exe","func@0x14032f151","[Unknown]","0x14032f151"
"func@0x1402a0de0","0","268800","0","","0","0","1","0","0","0","0","0","0","0","","ntoskrnl.exe","func@0x1402a0de0","[Unknown]","0x1402a0de0"
"func@0x14030bfe0","0","268800","0","","0","0","1","0","0","0","0","0","0","0","","ntoskrnl.exe","func@0x14030bfe0","[Unknown]","0x14030bfe0"
"func@0x1405de9ec","0","0","0","0","0","","","0","0","0","0","0","0","0","0","ntoskrnl.exe","func@0x1405de9ec","[Unknown]","0x1405de9ec"
"func@0x14045e38c","0","0","0","0","0","0","1","0","0","0","0","0","0","0","0","ntoskrnl.exe","func@0x14045e38c","[Unknown]","0x14045e38c"
"func@0x1400850db","0","268800","537600","0.5","0","0","1","0","0","0","0","0","0","0","","gemma.sys","func@0x1400850db","[Unknown]","0x1400850db"
"func@0x1405d0190","0","268800","0","","0","0","1","0","0","0","0","0","0","0","","ntoskrnl.exe","func@0x1405d0190","[Unknown]","0x1405d0190"
"func@0x14001aed0","0","268800","0","","0","0","1","0","0","0","0","0","0","0","","storport.sys","func@0x14001aed0","[Unknown]","0x14001aed0"
"func@0x140421870","0","268800","0","","0","0","1","0","0","0","0","0","0","0","","ntoskrnl.exe","func@0x140421870","[Unknown]","0x140421870"
"func@0x1402d6620","0","0","0","0","0","","","0","0","0","0","0","0","0","0","ntoskrnl.exe","func@0x1402d6620","[Unknown]","0x1402d6620"
"func@0x18002d060","0","0","0","0","0","0","1","0","0","0","0","0","0","0","0","bdhkm64.dll","func@0x18002d060","[Unknown]","0x18002d060"
"func@0x1402a6aa4","0","0","0","0","0","0","1","0","0","0","0","0","0","0","0","ntoskrnl.exe","func@0x1402a6aa4","[Unknown]","0x1402a6aa4"
"func@0x1402a2230","0","268800","0","","0","0","1","0","0","0","0","0","0","0","","ntoskrnl.exe","func@0x1402a2230","[Unknown]","0x1402a2230"
"func@0x1402a6cb8","0","268800","0","","0","0","1","0","0","0","0","0","0","0","","ntoskrnl.exe","func@0x1402a6cb8","[Unknown]","0x1402a6cb8"
"func@0x14029df60","0","268800","0","","0","0","1","0","0","0","0","0","0","0","","ntoskrnl.exe","func@0x14029df60","[Unknown]","0x14029df60"
"func@0x1404e01d0","0","537600","0","","0","0","1","0","0","0","0","0","0","0","","ntoskrnl.exe","func@0x1404e01d0","[Unknown]","0x1404e01d0"
"KeReleaseInStackQueuedSpinLockFromDpcLevel","0","268800","0","","0","","","0","0","0","0","0","0","0","","ntoskrnl.exe","KeReleaseInStackQueuedSpinLockFromDpcLevel","[Unknown]","0x1402bf6c0"
"func@0x14027aaf0","0","268800","0","","0","0","1","0","0","0","0","0","0","0","","ntoskrnl.exe","func@0x14027aaf0","[Unknown]","0x14027aaf0"
"func@0x1403adcc0","0","0","0","0","0","0","1","0","0","0","0","0","0","0","0","ntoskrnl.exe","func@0x1403adcc0","[Unknown]","0x1403adcc0"
"func@0x140464ca8","0","268800","0","","0","0","1","0","0","0","0","0","0","0","","ntoskrnl.exe","func@0x140464ca8","[Unknown]","0x140464ca8"
"KeOrAffinityEx2","0","0","537600","0","0","0","1","0","0","0","0","0","0","0","0","ntoskrnl.exe","KeOrAffinityEx2","[Unknown]","0x1403235d0"
"func@0x1406b4330","0","537600","0","","0","0","1","0","0","0","0","0","0","0","","ntoskrnl.exe","func@0x1406b4330","[Unknown]","0x1406b4330"
"func@0x180005200","0","0","537600","0","0","0","1","0","0","0","0","0","0","0","0","bdhkm64.dll","func@0x180005200","[Unknown]","0x180005200"
"func@0x1402a7d00","0","0","1075200","0","0","0","1","0","0","0","0","0","0","0","0","ntoskrnl.exe","func@0x1402a7d00","[Unknown]","0x1402a7d00"
"func@0x14029ae40","0","0","0","0","0","0","1","0","0","0","0","0","0","0","0","ntoskrnl.exe","func@0x14029ae40","[Unknown]","0x14029ae40"
"func@0x1402a36b0","0","0","1075200","0","0","0","1","0","0","0","0","0","0","0","0","ntoskrnl.exe","func@0x1402a36b0","[Unknown]","0x1402a36b0"
"func@0x1402a6154","0","268800","0","","0","0","1","0","0","0","0","0","0","0","","ntoskrnl.exe","func@0x1402a6154","[Unknown]","0x1402a6154"
"func@0x140099dbc","0","0","0","0","0","0","1","0","0","0","0","0","0","0","0","gemma.sys","func@0x140099dbc","[Unknown]","0x140099dbc"
"func@0x14042dc50","0","537600","537600","1","0","","","0","0","0","0","0","0","0","","ntoskrnl.exe","func@0x14042dc50","[Unknown]","0x14042dc50"
"KeSubtractAffinityEx2","0","268800","0","","0","0","1","0","0","0","0","0","0","0","","ntoskrnl.exe","KeSubtractAffinityEx2","[Unknown]","0x1402a8450"
"MmMapLockedPagesSpecifyCache","0","0","537600","0","0","0","1","0","0","0","0","0","0","0","0","ntoskrnl.exe","MmMapLockedPagesSpecifyCache","[Unknown]","0x140294e30"
"func@0x180031020","0","0","0","0","0","0","1","0","0","0","0","0","0","0","0","bdhkm64.dll","func@0x180031020","[Unknown]","0x180031020"
"func@0x140252570","0","268800","0","","0","0","1","0","0","0","0","0","0","0","","ntoskrnl.exe","func@0x140252570","[Unknown]","0x140252570"
"func@0x14038b998","0","0","0","0","0","0","1","0","0","0","0","0","0","0","0","ntoskrnl.exe","func@0x14038b998","[Unknown]","0x14038b998"
"func@0x18005a636","0","268800","0","","0","0","1","0","0","0","0","0","0","0","","kernelbase.dll","func@0x18005a636","[Unknown]","0x18005a636"
"func@0x1403da9f0","0","0","537600","0","0","0","1","0","0","0","0","0","0","0","0","ntoskrnl.exe","func@0x1403da9f0","[Unknown]","0x1403da9f0"
"KeAddProcessorAffinityEx","0","268800","0","","0","0","1","0","0","0","0","0","0","0","","ntoskrnl.exe","KeAddProcessorAffinityEx","[Unknown]","0x14027ced0"
"func@0x140ae52b0","0","268800","0","","0","0","1","0","0","0","0","0","0","0","","ntoskrnl.exe","func@0x140ae52b0","[Unknown]","0x140ae52b0"
"func@0x1406b6800","0","0","537600","0","0","0","1","0","0","0","0","0","0","0","0","ntoskrnl.exe","func@0x1406b6800","[Unknown]","0x1406b6800"
"func@0x14033a820","0","268800","0","","0","0","1","0","0","0","0","0","0","0","","ntoskrnl.exe","func@0x14033a820","[Unknown]","0x14033a820"
"func@0x14025fdb0","0","537600","0","","0","0","1","0","0","0","0","0","0","0","","ntoskrnl.exe","func@0x14025fdb0","[Unknown]","0x14025fdb0"
"[Outside any known module]","0","537600","0","","0","","","0","0","0","0","0","0","0","","[Unknown]","[Outside any known module]","[Unknown]","0"
"func@0x140301900","0","537600","0","","0","0","1","0","0","0","0","0","0","0","","ntoskrnl.exe","func@0x140301900","[Unknown]","0x140301900"
"func@0x1404e5cd0","0","268800","0","","0","0","1","0","0","0","0","0","0","0","","ntoskrnl.exe","func@0x1404e5cd0","[Unknown]","0x1404e5cd0"
"ObGetObjectType","0","268800","0","","0","0","1","0","0","0","0","0","0","0","","ntoskrnl.exe","ObGetObjectType","[Unknown]","0x1409a96a0"
"func@0x14023ffc4","0","268800","0","","0","0","1","0","0","0","0","0","0","0","","ntoskrnl.exe","func@0x14023ffc4","[Unknown]","0x14023ffc4"
"func@0x140009450","0","268800","0","","0","0","1","0","0","0","0","0","0","0","","applockerfltr.sys","func@0x140009450","[Unknown]","0x140009450"
"func@0x1403446ba","0","268800","0","","0","0","1","0","0","0","0","0","0","0","","ntoskrnl.exe","func@0x1403446ba","[Unknown]","0x1403446ba"
"func@0x14035c120","0","0","537600","0","0","0","1","0","0","0","0","0","0","0","0","ntoskrnl.exe","func@0x14035c120","[Unknown]","0x14035c120"
"RtlNumberOfSetBitsEx","0","268800","0","","0","0","1","0","0","0","0","0","0","0","","ntoskrnl.exe","RtlNumberOfSetBitsEx","[Unknown]","0x14040ad60"
"KeLeaveCriticalRegion","0","0","537600","0","0","0","1","0","0","0","0","0","0","0","0","ntoskrnl.exe","KeLeaveCriticalRegion","[Unknown]","0x14027dbe0"
"func@0x140299030","0","268800","0","","0","0","1","0","0","0","0","0","0","0","","ntoskrnl.exe","func@0x140299030","[Unknown]","0x140299030"
"func@0x140427806","0","268800","0","","0","0","1","0","0","0","0","0","0","0","","ntoskrnl.exe","func@0x140427806","[Unknown]","0x140427806"
"func@0x140839c90","0","0","0","0","0","0","1","0","0","0","0","0","0","0","0","ntoskrnl.exe","func@0x140839c90","[Unknown]","0x140839c90"
"StorPortNotification","0","268800","0","","0","0","1","0","0","0","0","0","0","0","","storport.sys","StorPortNotification","[Unknown]","0x140049d40"
"SeShouldCheckForAccessRightsFromParent","0","0","0","0","0","0","1","0","0","0","0","0","0","0","0","ntoskrnl.exe","SeShouldCheckForAccessRightsFromParent","[Unknown]","0x14099a4b0"
"func@0x1402ff8ac","0","0","0","0","0","0","1","0","0","0","0","0","0","0","0","ntoskrnl.exe","func@0x1402ff8ac","[Unknown]","0x1402ff8ac"
"func@0x1402783ef","0","806400","0","","0","","","0","0","0","0","0","0","0","","ntoskrnl.exe","func@0x1402783ef","[Unknown]","0x1402783ef"
"func@0x140235c30","0","268800","537600","0.5","0","0","1","0","0","0","0","0","0","0","","ntoskrnl.exe","func@0x140235c30","[Unknown]","0x140235c30"
"func@0x14034b1c0","0","268800","0","","0","0","1","0","0","0","0","0","0","0","","ntoskrnl.exe","func@0x14034b1c0","[Unknown]","0x14034b1c0"
"SeQueryInformationToken","0","268800","0","","0","0","1","0","0","0","0","0","0","0","","ntoskrnl.exe","SeQueryInformationToken","[Unknown]","0x1408e5c10"
"func@0x140204780","0","0","537600","0","0","0","1","0","0","0","0","0","0","0","0","ntoskrnl.exe","func@0x140204780","[Unknown]","0x140204780"
"func@0x140257ac0","0","0","537600","0","0","0","1","0","0","0","0","0","0","0","0","ntoskrnl.exe","func@0x140257ac0","[Unknown]","0x140257ac0"
"func@0x1402c2c50","0","0","0","0","0","0","1","0","0","0","0","0","0","0","0","ntoskrnl.exe","func@0x1402c2c50","[Unknown]","0x1402c2c50"
"FlsGetValue","0","0","0","0","0","0","1","0","0","0","0","0","0","0","0","kernel32.dll","FlsGetValue","[Unknown]","0x180012a00"
"func@0x14083f270","0","0","0","0","0","0","1","0","0","0","0","0","0","0","0","ntoskrnl.exe","func@0x14083f270","[Unknown]","0x14083f270"
"func@0x180002800","0","0","0","0","0","0","1","0","0","0","0","0","0","0","0","bdhkm64.dll","func@0x180002800","[Unknown]","0x180002800"
"func@0x1404d66f0","0","0","0","0","0","0","1","0","0","0","0","0","0","0","0","ntoskrnl.exe","func@0x1404d66f0","[Unknown]","0x1404d66f0"
"func@0x1402a3678","0","268800","0","","0","0","1","0","0","0","0","0","0","0","","ntoskrnl.exe","func@0x1402a3678","[Unknown]","0x1402a3678"
"func@0x1c00037e0","0","0","0","0","0","0","1","0","0","0","0","0","0","0","0","fileinfo.sys","func@0x1c00037e0","[Unknown]","0x1c00037e0"
"func@0x1403adab0","0","268800","0","","0","0","1","0","0","0","0","0","0","0","","ntoskrnl.exe","func@0x1403adab0","[Unknown]","0x1403adab0"
"func@0x140320455","0","268800","0","","0","","","0","0","0","0","0","0","0","","ntoskrnl.exe","func@0x140320455","[Unknown]","0x140320455"
"func@0x1404e0250","0","268800","0","","0","0","1","0","0","0","0","0","0","0","","ntoskrnl.exe","func@0x1404e0250","[Unknown]","0x1404e0250"
"func@0x1400019b0","0","0","0","0","0","","","0","0","0","0","0","0","0","0","luafv.sys","func@0x1400019b0","[Unknown]","0x1400019b0"
"CcSetDirtyPinnedData","0","0","0","0","0","0","1","0","0","0","0","0","0","0","0","ntoskrnl.exe","CcSetDirtyPinnedData","[Unknown]","0x14026c170"
"func@0x14032ffb0","0","268800","0","","0","0","1","0","0","0","0","0","0","0","","ntoskrnl.exe","func@0x14032ffb0","[Unknown]","0x14032ffb0"
"func@0x1402f6ad0","0","0","0","0","0","0","1","0","0","0","0","0","0","0","0","ntoskrnl.exe","func@0x1402f6ad0","[Unknown]","0x1402f6ad0"
"func@0x18001db80","0","0","0","0","0","0","1","0","0","0","0","0","0","0","0","bdhkm64.dll","func@0x18001db80","[Unknown]","0x18001db80"
"func@0x1402c2fa0","0","0","0","0","0","0","1","0","0","0","0","0","0","0","0","ntoskrnl.exe","func@0x1402c2fa0","[Unknown]","0x1402c2fa0"
"func@0x1403afd50","0","537600","0","","0","0","1","0","0","0","0","0","0","0","","ntoskrnl.exe","func@0x1403afd50","[Unknown]","0x1403afd50"
"func@0x14020aff0","0","268800","0","","0","0","1","0","0","0","0","0","0","0","","ntoskrnl.exe","func@0x14020aff0","[Unknown]","0x14020aff0"
"func@0x1402985d0","0","268800","0","","0","0","1","0","0","0","0","0","0","0","","ntoskrnl.exe","func@0x1402985d0","[Unknown]","0x1402985d0"
"func@0x180006d80","0","268800","0","","0","0","1","0","0","0","0","0","0","0","","bdhkm64.dll","func@0x180006d80","[Unknown]","0x180006d80"
"func@0x180033f00","0","268800","0","","0","0","1","0","0","0","0","0","0","0","","bdhkm64.dll","func@0x180033f00","[Unknown]","0x180033f00"
"func@0x1c0013500","0","268800","0","","0","0","1","0","0","0","0","0","0","0","","fileinfo.sys","func@0x1c0013500","[Unknown]","0x1c0013500"
"func@0x14022ac00","0","268800","0","","0","0","1","0","0","0","0","0","0","0","","ntoskrnl.exe","func@0x14022ac00","[Unknown]","0x14022ac00"
"func@0x140333163","0","537600","1075200","0.5","0","0","","","0","0","0","0","0","0","","ntoskrnl.exe","func@0x140333163","[Unknown]","0x140333163"
"func@0x14045b0c0","0","0","0","0","0","0","1","0","0","0","0","0","0","0","0","ntoskrnl.exe","func@0x14045b0c0","[Unknown]","0x14045b0c0"
"[fileinfo.sys]","0","0","537600","0","0","0","1","0","0","0","0","0","0","0","0","fileinfo.sys","[fileinfo.sys]","[Unknown]","0"
"func@0x140023f20","0","268800","0","","0","0","1","0","0","0","0","0","0","0","","storport.sys","func@0x140023f20","[Unknown]","0x140023f20"
"func@0x1c0001dc0","0","0","537600","0","0","0","1","0","0","0","0","0","0","0","0","fileinfo.sys","func@0x1c0001dc0","[Unknown]","0x1c0001dc0"
"FsRtlGetIoAtEof","0","268800","0","","0","0","1","0","0","0","0","0","0","0","","ntoskrnl.exe","FsRtlGetIoAtEof","[Unknown]","0x140430880"
"func@0x1402961b4","0","268800","0","","0","0","1","0","0","0","0","0","0","0","","ntoskrnl.exe","func@0x1402961b4","[Unknown]","0x1402961b4"
"func@0x1402109b4","0","268800","0","","0","0","1","0","0","0","0","0","0","0","","ntoskrnl.exe","func@0x1402109b4","[Unknown]","0x1402109b4"
"func@0x1c0001000","0","0","0","0","0","0","1","0","0","0","0","0","0","0","0","fileinfo.sys","func@0x1c0001000","[Unknown]","0x1c0001000"
"func@0x140448554","0","0","0","0","0","0","1","0","0","0","0","0","0","0","0","ntoskrnl.exe","func@0x140448554","[Unknown]","0x140448554"
"func@0x1409f43c0","0","268800","0","","0","0","1","0","0","0","0","0","0","0","","ntoskrnl.exe","func@0x1409f43c0","[Unknown]","0x1409f43c0"
"func@0x140342910","0","268800","0","","0","0","1","0","0","0","0","0","0","0","","ntoskrnl.exe","func@0x140342910","[Unknown]","0x140342910"
"func@0x1402d079c","0","0","537600","0","0","0","1","0","0","0","0","0","0","0","0","ntoskrnl.exe","func@0x1402d079c","[Unknown]","0x1402d079c"
"func@0x14020b0ec","0","268800","0","","0","0","1","0","0","0","0","0","0","0","","ntoskrnl.exe","func@0x14020b0ec","[Unknown]","0x14020b0ec"
"func@0x18000f6c0","0","0","0","0","0","0","1","0","0","0","0","0","0","0","0","bdhkm64.dll","func@0x18000f6c0","[Unknown]","0x18000f6c0"
"func@0x18002f0e0","0","0","0","0","0","0","1","0","0","0","0","0","0","0","0","bdhkm64.dll","func@0x18002f0e0","[Unknown]","0x18002f0e0"
"func@0x1408bfafa","0","537600","0","","0","","","0","0","0","0","0","0","0","","ntoskrnl.exe","func@0x1408bfafa","[Unknown]","0x1408bfafa"
"func@0x1402a482c","0","268800","0","","0","0","1","0","0","0","0","0","0","0","","ntoskrnl.exe","func@0x1402a482c","[Unknown]","0x1402a482c"
"func@0x1403caaf0","0","268800","0","","0","0","1","0","0","0","0","0","0","0","","ntoskrnl.exe","func@0x1403caaf0","[Unknown]","0x1403caaf0"
"func@0x1408dbc46","0","268800","0","","0","0","1","0","0","0","0","0","0","0","","ntoskrnl.exe","func@0x1408dbc46","[Unknown]","0x1408dbc46"
"func@0x140392dab","0","268800","0","","0","0","1","0","0","0","0","0","0","0","","ntoskrnl.exe","func@0x140392dab","[Unknown]","0x140392dab"
"func@0x14044e4a0","0","268800","0","","0","0","1","0","0","0","0","0","0","0","","ntoskrnl.exe","func@0x14044e4a0","[Unknown]","0x14044e4a0"
"func@0x14046e2a0","0","268800","0","","0","0","1","0","0","0","0","0","0","0","","ntoskrnl.exe","func@0x14046e2a0","[Unknown]","0x14046e2a0"
"func@0x18001a400","0","268800","0","","","","","0","0","0","0","0","0","0","","bdhkm64.dll","func@0x18001a400","[Unknown]","0x18001a400"
"func@0x1400418c4","0","268800","0","","0","0","1","0","0","0","0","0","0","0","","ahcache.sys","func@0x1400418c4","[Unknown]","0x1400418c4"
"func@0x1408c0c2f","0","268800","0","","0","0","1","0","0","0","0","0","0","0","","ntoskrnl.exe","func@0x1408c0c2f","[Unknown]","0x1408c0c2f"
"func@0x1409230c0","0","0","0","0","0","0","1","0","0","0","0","0","0","0","0","ntoskrnl.exe","func@0x1409230c0","[Unknown]","0x1409230c0"
"FsRtlAddBaseMcbEntryEx","0","268800","0","","0","","","0","0","0","0","0","0","0","","ntoskrnl.exe","FsRtlAddBaseMcbEntryEx","[Unknown]","0x1403b48c0"
"func@0x1408731dd","0","0","537600","0","0","0","1","0","0","0","0","0","0","0","0","ntoskrnl.exe","func@0x1408731dd","[Unknown]","0x1408731dd"
"func@0x140222c10","0","0","537600","0","0","0","1","0","0","0","0","0","0","0","0","ntoskrnl.exe","func@0x140222c10","[Unknown]","0x140222c10"
"func@0x1402574d0","0","268800","0","","0","0","1","0","0","0","0","0","0","0","","ntoskrnl.exe","func@0x1402574d0","[Unknown]","0x1402574d0"
"func@0x14024caf0","0","268800","537600","0.5","0","","","0","0","0","0","0","0","0","","ntoskrnl.exe","func@0x14024caf0","[Unknown]","0x14024caf0"
"func@0x140279a00","0","268800","0","","0","0","1","0","0","0","0","0","0","0","","ntoskrnl.exe","func@0x140279a00","[Unknown]","0x140279a00"
"func@0x14012b360","0","0","537600","0","0","0","1","0","0","0","0","0","0","0","0","iastorvd.sys","func@0x14012b360","[Unknown]","0x14012b360"
"func@0x140abcd45","0","268800","0","","0","","","0","0","0","0","0","0","0","","ntoskrnl.exe","func@0x140abcd45","[Unknown]","0x140abcd45"
"func@0x140abd212","0","0","537600","0","0","0","1","0","0","0","0","0","0","0","0","ntoskrnl.exe","func@0x140abd212","[Unknown]","0x140abd212"
"func@0x14027dbc0","0","806400","1612800","0.5","","0","","0","0","0","0","0","0","0","","ntoskrnl.exe","func@0x14027dbc0","[Unknown]","0x14027dbc0"
"CcCopyWriteEx","0","268800","0","","0","0","1","0","0","0","0","0","0","0","","ntoskrnl.exe","CcCopyWriteEx","[Unknown]","0x14049d140"
"func@0x14029a460","0","268800","0","","0","0","1","0","0","0","0","0","0","0","","ntoskrnl.exe","func@0x14029a460","[Unknown]","0x14029a460"
"func@0x1402f7cb2","0","0","0","0","0","0","1","0","0","0","0","0","0","0","0","ntoskrnl.exe","func@0x1402f7cb2","[Unknown]","0x1402f7cb2"
"ExAcquireFastMutexUnsafe","0","0","0","0","0","","","0","0","0","0","0","0","0","0","ntoskrnl.exe","ExAcquireFastMutexUnsafe","[Unknown]","0x1403c8f20"
"func@0x140365810","0","0","537600","0","0","0","1","0","0","0","0","0","0","0","0","ntoskrnl.exe","func@0x140365810","[Unknown]","0x140365810"
"func@0x1403089ac","0","1075200","0","","0","0","1","0","0","0","0","0","0","0","","ntoskrnl.exe","func@0x1403089ac","[Unknown]","0x1403089ac"
"func@0x140038850","0","0","0","0","0","0","1","0","0","0","0","0","0","0","0","ahcache.sys","func@0x140038850","[Unknown]","0x140038850"
"func@0x140001ea0","0","0","0","0","0","0","1","0","0","0","0","0","0","0","0","intelppm.sys","func@0x140001ea0","[Unknown]","0x140001ea0"
"KeAcquireQueuedSpinLock","0","0","0","0","0","0","1","0","0","0","0","0","0","0","0","ntoskrnl.exe","KeAcquireQueuedSpinLock","[Unknown]","0x14034d570"
"func@0x1408a937f","0","268800","0","","0","0","1","0","0","0","0","0","0","0","","ntoskrnl.exe","func@0x1408a937f","[Unknown]","0x1408a937f"
"func@0x1408dc6bc","0","0","0","0","0","0","1","0","0","0","0","0","0","0","0","ntoskrnl.exe","func@0x1408dc6bc","[Unknown]","0x1408dc6bc"
"func@0x1402495e0","0","0","0","0","0","0","1","0","0","0","0","0","0","0","0","ntoskrnl.exe","func@0x1402495e0","[Unknown]","0x1402495e0"
"func@0x14029d750","0","0","0","0","0","","","0","0","0","0","0","0","0","0","ntoskrnl.exe","func@0x14029d750","[Unknown]","0x14029d750"
"func@0x140364d20","0","268800","0","","0","0","1","0","0","0","0","0","0","0","","ntoskrnl.exe","func@0x140364d20","[Unknown]","0x140364d20"
"func@0x1408d9930","0","0","0","0","0","","","0","0","0","0","0","0","0","0","ntoskrnl.exe","func@0x1408d9930","[Unknown]","0x1408d9930"
"func@0x180082140","0","268800","0","","0","0","1","0","0","0","0","0","0","0","","atcuf64.dll","func@0x180082140","[Unknown]","0x180082140"
"func@0x140219700","0","268800","0","","0","0","1","0","0","0","0","0","0","0","","ntoskrnl.exe","func@0x140219700","[Unknown]","0x140219700"
"func@0x1400112e0","0","268800","0","","0","0","1","0","0","0","0","0","0","0","","tcpip.sys","func@0x1400112e0","[Unknown]","0x1400112e0"
"func@0x1402a3950","0","268800","0","","0","0","1","0","0","0","0","0","0","0","","ntoskrnl.exe","func@0x1402a3950","[Unknown]","0x1402a3950"
"func@0x140279f60","0","268800","0","","0","0","1","0","0","0","0","0","0","0","","ntoskrnl.exe","func@0x140279f60","[Unknown]","0x140279f60"
"func@0x14044f401","0","537600","0","","0","0","1","0","0","0","0","0","0","0","","ntoskrnl.exe","func@0x14044f401","[Unknown]","0x14044f401"
"func@0x1800181a0","0","268800","537600","0.5","","0","","0","0","0","0","0","0","0","","bdhkm64.dll","func@0x1800181a0","[Unknown]","0x1800181a0"
"func@0x1403cf984","0","268800","0","","0","0","1","0","0","0","0","0","0","0","","ntoskrnl.exe","func@0x1403cf984","[Unknown]","0x1403cf984"
"func@0x140331eac","0","0","537600","0","0","","","0","0","0","0","0","0","0","0","ntoskrnl.exe","func@0x140331eac","[Unknown]","0x140331eac"
"func@0x1402397c0","0","0","0","0","0","0","1","0","0","0","0","0","0","0","0","ntoskrnl.exe","func@0x1402397c0","[Unknown]","0x1402397c0"
"func@0x1401060f0","0","0","0","0","0","0","1","0","0","0","0","0","0","0","0","iastorvd.sys","func@0x1401060f0","[Unknown]","0x1401060f0"
"func@0x14040f380","0","0","0","0","0","0","1","0","0","0","0","0","0","0","0","ntoskrnl.exe","func@0x14040f380","[Unknown]","0x14040f380"
"func@0x140404580","0","268800","0","","0","0","1","0","0","0","0","0","0","0","","ntoskrnl.exe","func@0x140404580","[Unknown]","0x140404580"
"func@0x1400080b0","0","806400","537600","1.5","0","0.1","0.9","0","0","0","0","0","0","0","","dxgmms2.sys","func@0x1400080b0","[Unknown]","0x1400080b0"
"func@0x14032214d","0","0","0","0","0","0","1","0","0","0","0","0","0","0","0","ntoskrnl.exe","func@0x14032214d","[Unknown]","0x14032214d"
"func@0x180010740","0","0","0","0","0","0","1","0","0","0","0","0","0","0","0","bdhkm64.dll","func@0x180010740","[Unknown]","0x180010740"
"func@0x140041400","0","268800","0","","0","0","1","0","0","0","0","0","0","0","","wdf01000.sys","func@0x140041400","[Unknown]","0x140041400"
"func@0x140315130","0","0","0","0","0","0","1","0","0","0","0","0","0","0","0","ntoskrnl.exe","func@0x140315130","[Unknown]","0x140315130"
"MmUnlockPages","0","268800","0","","0","0","1","0","0","0","0","0","0","0","","ntoskrnl.exe","MmUnlockPages","[Unknown]","0x14025ed20"
"func@0x140300a75","0","268800","0","","0","0","1","0","0","0","0","0","0","0","","ntoskrnl.exe","func@0x140300a75","[Unknown]","0x140300a75"
"func@0x1400f7610","0","268800","0","","0","0","1","0","0","0","0","0","0","0","","iastorvd.sys","func@0x1400f7610","[Unknown]","0x1400f7610"
"func@0x140016fe0","0","268800","0","","0","0","1","0","0","0","0","0","0","0","","iastorvd.sys","func@0x140016fe0","[Unknown]","0x140016fe0"
"KeEnterGuardedRegion","0","0","1075200","0","0","0","1","0","0","0","0","0","0","0","0","ntoskrnl.exe","KeEnterGuardedRegion","[Unknown]","0x140415420"
"func@0x1402ff970","0","268800","0","","0","0","1","0","0","0","0","0","0","0","","ntoskrnl.exe","func@0x1402ff970","[Unknown]","0x1402ff970"
"func@0x1402c6d0d","0","0","0","0","0","0","1","0","0","0","0","0","0","0","0","ntoskrnl.exe","func@0x1402c6d0d","[Unknown]","0x1402c6d0d"
"func@0x18009cf20","0","268800","0","","0","0","1","0","0","0","0","0","0","0","","atcuf64.dll","func@0x18009cf20","[Unknown]","0x18009cf20"
"func@0x14039e690","0","268800","0","","0","0","1","0","0","0","0","0","0","0","","ntoskrnl.exe","func@0x14039e690","[Unknown]","0x14039e690"
"RtlGetNextExpiredTimerWheelEntry","0","268800","0","","0","0","1","0","0","0","0","0","0","0","","netio.sys","RtlGetNextExpiredTimerWheelEntry","[Unknown]","0x140033d50"
"func@0x1400073b0","0","0","0","0","0","0","1","0","0","0","0","0","0","0","0","bindflt.sys","func@0x1400073b0","[Unknown]","0x1400073b0"
"func@0x18001c080","0","0","0","0","0","0","1","0","0","0","0","0","0","0","0","atcuf64.dll","func@0x18001c080","[Unknown]","0x18001c080"
"func@0x140012610","0","0","0","0","0","0","1","0","0","0","0","0","0","0","0","dxgmms2.sys","func@0x140012610","[Unknown]","0x140012610"
"func@0x140007010","0","0","537600","0","0","0","1","0","0","0","0","0","0","0","0","bindflt.sys","func@0x140007010","[Unknown]","0x140007010"
"func@0x140033e58","0","0","537600","0","0","0","1","0","0","0","0","0","0","0","0","netio.sys","func@0x140033e58","[Unknown]","0x140033e58"
"func@0x140251360","0","0","0","0","0","0","1","0","0","0","0","0","0","0","0","ntoskrnl.exe","func@0x140251360","[Unknown]","0x140251360"
"func@0x1800874e0","0","268800","0","","0","0","1","0","0","0","0","0","0","0","","atcuf64.dll","func@0x1800874e0","[Unknown]","0x1800874e0"
"func@0x140919ef0","0","268800","0","","0","0","1","0","0","0","0","0","0","0","","ntoskrnl.exe","func@0x140919ef0","[Unknown]","0x140919ef0"
"func@0x1403448d4","0","0","0","0","0","0","1","0","0","0","0","0","0","0","0","ntoskrnl.exe","func@0x1403448d4","[Unknown]","0x1403448d4"
"func@0x140952140","0","268800","0","","0","0","1","0","0","0","0","0","0","0","","ntoskrnl.exe","func@0x140952140","[Unknown]","0x140952140"
"func@0x1403ab5b2","0","268800","0","","0","0","1","0","0","0","0","0","0","0","","ntoskrnl.exe","func@0x1403ab5b2","[Unknown]","0x1403ab5b2"
"func@0x1403d8630","0","0","0","0","0","0","1","0","0","0","0","0","0","0","0","ntoskrnl.exe","func@0x1403d8630","[Unknown]","0x1403d8630"
"func@0x140013d56","0","0","537600","0","0","0","1","0","0","0","0","0","0","0","0","storport.sys","func@0x140013d56","[Unknown]","0x140013d56"
"func@0x1402989c0","0","268800","0","","0","0","1","0","0","0","0","0","0","0","","ntoskrnl.exe","func@0x1402989c0","[Unknown]","0x1402989c0"
"func@0x1402a1518","0","537600","0","","0","0","1","0","0","0","0","0","0","0","","ntoskrnl.exe","func@0x1402a1518","[Unknown]","0x1402a1518"
"func@0x1402a6220","0","0","537600","0","0","0","1","0","0","0","0","0","0","0","0","ntoskrnl.exe","func@0x1402a6220","[Unknown]","0x1402a6220"
"func@0x1402ca9c0","0","537600","0","","0","0","1","0","0","0","0","0","0","0","","ntoskrnl.exe","func@0x1402ca9c0","[Unknown]","0x1402ca9c0"
"EtwWriteEx","0","268800","0","","0","0","1","0","0","0","0","0","0","0","","ntoskrnl.exe","EtwWriteEx","[Unknown]","0x14027f420"
"func@0x1402fbb50","0","0","537600","0","0","0","1","0","0","0","0","0","0","0","0","ntoskrnl.exe","func@0x1402fbb50","[Unknown]","0x1402fbb50"
"func@0x1402bcaa0","0","0","0","0","0","0","1","0","0","0","0","0","0","0","0","ntoskrnl.exe","func@0x1402bcaa0","[Unknown]","0x1402bcaa0"
"func@0x1405e1000","0","537600","0","","0","0","1","0","0","0","0","0","0","0","","ntoskrnl.exe","func@0x1405e1000","[Unknown]","0x1405e1000"
"func@0x14023ff60","0","0","0","0","0","0","1","0","0","0","0","0","0","0","0","ntoskrnl.exe","func@0x14023ff60","[Unknown]","0x14023ff60"
"func@0x140951765","0","0","537600","0","0","0","1","0","0","0","0","0","0","0","0","ntoskrnl.exe","func@0x140951765","[Unknown]","0x140951765"
"KeAcquireInStackQueuedSpinLockAtDpcLevel","0","268800","0","","0","0","1","0","0","0","0","0","0","0","","ntoskrnl.exe","KeAcquireInStackQueuedSpinLockAtDpcLevel","[Unknown]","0x14034ef60"
"func@0x180081700","0","0","0","0","0","0","1","0","0","0","0","0","0","0","0","atcuf64.dll","func@0x180081700","[Unknown]","0x180081700"
"func@0x1404085d1","0","268800","1075200","0.25","0","","","0","0","0","0","0","0","0","","ntoskrnl.exe","func@0x1404085d1","[Unknown]","0x1404085d1"
"ExReleaseAutoExpandPushLockExclusive","0","0","0","0","0","0","1","0","0","0","0","0","0","0","0","ntoskrnl.exe","ExReleaseAutoExpandPushLockExclusive","[Unknown]","0x140285130"
"func@0x18001ae00","0","0","537600","0","0","0","1","0","0","0","0","0","0","0","0","atcuf64.dll","func@0x18001ae00","[Unknown]","0x18001ae00"
"func@0x14029229c","0","0","537600","0","0","0","1","0","0","0","0","0","0","0","0","ntoskrnl.exe","func@0x14029229c","[Unknown]","0x14029229c"
"func@0x140216af0","0","0","537600","0","0","0","1","0","0","0","0","0","0","0","0","ntoskrnl.exe","func@0x140216af0","[Unknown]","0x140216af0"
"func@0x18002f1c0","0","537600","537600","1","0","0","1","0","0","0","0","0","0","0","","atcuf64.dll","func@0x18002f1c0","[Unknown]","0x18002f1c0"
"func@0x1405e0b90","0","268800","537600","0.5","0","0","1","0","0","0","0","0","0","0","","ntoskrnl.exe","func@0x1405e0b90","[Unknown]","0x1405e0b90"
"func@0x1800a2a12","0","268800","0","","0","0","1","0","0","0","0","0","0","0","","atcuf64.dll","func@0x1800a2a12","[Unknown]","0x1800a2a12"
"func@0x140238ce0","0","0","537600","0","0","0","1","0","0","0","0","0","0","0","0","ntoskrnl.exe","func@0x140238ce0","[Unknown]","0x140238ce0"
"func@0x1406b75c0","0","0","537600","0","","0","","0","0","0","0","0","0","0","0","ntoskrnl.exe","func@0x1406b75c0","[Unknown]","0x1406b75c0"
"func@0x180020ac0","0","268800","0","","0","0","1","0","0","0","0","0","0","0","","atcuf64.dll","func@0x180020ac0","[Unknown]","0x180020ac0"
"KeInsertQueueApc","0","0","0","0","0","0","1","0","0","0","0","0","0","0","0","ntoskrnl.exe","KeInsertQueueApc","[Unknown]","0x1402d4b30"
"func@0x180019da0","0","268800","0","","0","0","1","0","0","0","0","0","0","0","","atcuf64.dll","func@0x180019da0","[Unknown]","0x180019da0"
"func@0x180024690","0","0","0","0","0","0","1","0","0","0","0","0","0","0","0","atcuf64.dll","func@0x180024690","[Unknown]","0x180024690"
"func@0x14013cb80","0","537600","537600","1","","0","","0","0","0","0","0","0","0","","ntfs.sys","func@0x14013cb80","[Unknown]","0x14013cb80"
"func@0x180001500","0","268800","0","","0","0","1","0","0","0","0","0","0","0","","symcryptk.dll","func@0x180001500","[Unknown]","0x180001500"
"func@0x140436978","0","0","0","0","0","0","1","0","0","0","0","0","0","0","0","ntoskrnl.exe","func@0x140436978","[Unknown]","0x140436978"
"func@0x14032e960","0","268800","0","","0","0","1","0","0","0","0","0","0","0","","ntoskrnl.exe","func@0x14032e960","[Unknown]","0x14032e960"
"func@0x14000aee4","0","0","0","0","0","0","1","0","0","0","0","0","0","0","0","dxgmms2.sys","func@0x14000aee4","[Unknown]","0x14000aee4"
"func@0x140292030","0","0","537600","0","","0","","0","0","0","0","0","0","0","0","ntoskrnl.exe","func@0x140292030","[Unknown]","0x140292030"
"func@0x140212050","0","0","537600","0","0","0","1","0","0","0","0","0","0","0","0","ntoskrnl.exe","func@0x140212050","[Unknown]","0x140212050"
"func@0x180001c20","0","268800","0","","0","0","1","0","0","0","0","0","0","0","","symcryptk.dll","func@0x180001c20","[Unknown]","0x180001c20"
"func@0x1404365f0","0","268800","0","","0","0","1","0","0","0","0","0","0","0","","ntoskrnl.exe","func@0x1404365f0","[Unknown]","0x1404365f0"
"func@0x1402f6fe8","0","0","0","0","0","0","1","0","0","0","0","0","0","0","0","ntoskrnl.exe","func@0x1402f6fe8","[Unknown]","0x1402f6fe8"
"RtlRbRemoveNode","0","268800","0","","0","0","1","0","0","0","0","0","0","0","","ntoskrnl.exe","RtlRbRemoveNode","[Unknown]","0x14035b090"
"func@0x14022ac60","0","0","537600","0","0","0","1","0","0","0","0","0","0","0","0","ntoskrnl.exe","func@0x14022ac60","[Unknown]","0x14022ac60"
"func@0x140233dd0","0","268800","0","","0","0","1","0","0","0","0","0","0","0","","ntoskrnl.exe","func@0x140233dd0","[Unknown]","0x140233dd0"
"func@0x140329620","0","0","0","0","0","0","1","0","0","0","0","0","0","0","0","ntoskrnl.exe","func@0x140329620","[Unknown]","0x140329620"
"func@0x1402d0460","0","268800","0","","0","0","1","0","0","0","0","0","0","0","","ntoskrnl.exe","func@0x1402d0460","[Unknown]","0x1402d0460"
"ObReferenceObjectByPointerWithTag","0","268800","0","","0","0","1","0","0","0","0","0","0","0","","ntoskrnl.exe","ObReferenceObjectByPointerWithTag","[Unknown]","0x14040b2a0"
"func@0x1405b2418","0","0","0","0","0","0","1","0","0","0","0","0","0","0","0","ntoskrnl.exe","func@0x1405b2418","[Unknown]","0x1405b2418"
"func@0x14044fa54","0","268800","0","","0","0","1","0","0","0","0","0","0","0","","ntoskrnl.exe","func@0x14044fa54","[Unknown]","0x14044fa54"
"func@0x14032b9b0","0","268800","0","","0","","","0","0","0","0","0","0","0","","ntoskrnl.exe","func@0x14032b9b0","[Unknown]","0x14032b9b0"
"KeCountSetBitsAffinityEx","0","537600","0","","0","0","1","0","0","0","0","0","0","0","","ntoskrnl.exe","KeCountSetBitsAffinityEx","[Unknown]","0x1403ab190"
"func@0x14014751f","0","0","0","0","0","0","1","0","0","0","0","0","0","0","0","vlflt.sys","func@0x14014751f","[Unknown]","0x14014751f"
"func@0x140392c20","0","0","0","0","0","0","1","0","0","0","0","0","0","0","0","ntoskrnl.exe","func@0x140392c20","[Unknown]","0x140392c20"
"func@0x14041b940","0","268800","537600","0.5","0","0","1","0","0","0","0","0","0","0","","ntoskrnl.exe","func@0x14041b940","[Unknown]","0x14041b940"
"func@0x140314cd0","0","0","0","0","0","0","1","0","0","0","0","0","0","0","0","ntoskrnl.exe","func@0x140314cd0","[Unknown]","0x140314cd0"
"KeLowerIrql","0","0","0","0","","0","","0","0","0","0","0","0","0","0","ntoskrnl.exe","KeLowerIrql","[Unknown]","0x1403f1c10"
"func@0x1800f52b8","0","268800","0","","0","0","1","0","0","0","0","0","0","0","","ucrtbase.dll","func@0x1800f52b8","[Unknown]","0x1800f52b8"
"func@0x140235d5a","0","0","0","0","0","","","0","0","0","0","0","0","0","0","ntoskrnl.exe","func@0x140235d5a","[Unknown]","0x140235d5a"
"func@0x140851550","0","0","0","0","0","0","1","0","0","0","0","0","0","0","0","ntoskrnl.exe","func@0x140851550","[Unknown]","0x140851550"
"func@0x1408a8730","0","268800","0","","0","0","1","0","0","0","0","0","0","0","","ntoskrnl.exe","func@0x1408a8730","[Unknown]","0x1408a8730"
"func@0x140437850","0","0","0","0","0","","","0","0","0","0","0","0","0","0","ntoskrnl.exe","func@0x140437850","[Unknown]","0x140437850"
"func@0x1402bb880","0","268800","537600","0.5","0","0","1","0","0","0","0","0","0","0","","ntoskrnl.exe","func@0x1402bb880","[Unknown]","0x1402bb880"
"func@0x1800081d0","0","268800","537600","0.5","0","0","1","0","0","0","0","0","0","0","","ucrtbase.dll","func@0x1800081d0","[Unknown]","0x1800081d0"
"func@0x18007fd70","0","0","537600","0","0","0","1","0","0","0","0","0","0","0","0","ucrtbase.dll","func@0x18007fd70","[Unknown]","0x18007fd70"
"func@0x140387fb8","0","0","0","0","0","0","1","0","0","0","0","0","0","0","0","ntoskrnl.exe","func@0x140387fb8","[Unknown]","0x140387fb8"
"func@0x140176e60","0","0","0","0","0","0","1","0","0","0","0","0","0","0","0","ntfs.sys","func@0x140176e60","[Unknown]","0x140176e60"
"func@0x18000df50","0","268800","0","","0","0","1","0","0","0","0","0","0","0","","ucrtbase.dll","func@0x18000df50","[Unknown]","0x18000df50"
"func@0x140047a60","0","0","0","0","0","","","0","0","0","0","0","0","0","0","vlflt.sys","func@0x140047a60","[Unknown]","0x140047a60"
"func@0x14002e030","0","268800","0","","0","0","1","0","0","0","0","0","0","0","","vlflt.sys","func@0x14002e030","[Unknown]","0x14002e030"
"func@0x14032ba54","0","0","537600","0","0","0","1","0","0","0","0","0","0","0","0","ntoskrnl.exe","func@0x14032ba54","[Unknown]","0x14032ba54"
"func@0x140144950","0","268800","0","","0","0","1","0","0","0","0","0","0","0","","vlflt.sys","func@0x140144950","[Unknown]","0x140144950"
"func@0x1400178bc","0","268800","0","","0","0","1","0","0","0","0","0","0","0","","dxgmms2.sys","func@0x1400178bc","[Unknown]","0x1400178bc"
"read","0","268800","0","","0","0","1","0","0","0","0","0","0","0","","ucrtbase.dll","read","[Unknown]","0x180007b70"
"FsRtlAcquireHeaderMutex","0","537600","0","","0","0","1","0","0","0","0","0","0","0","","ntoskrnl.exe","FsRtlAcquireHeaderMutex","[Unknown]","0x140312fd0"
"func@0x1400225b8","0","0","0","0","0","0","1","0","0","0","0","0","0","0","0","dxgmms2.sys","func@0x1400225b8","[Unknown]","0x1400225b8"
"func@0x140308610","0","0","1075200","0","0","0","1","0","0","0","0","0","0","0","0","ntoskrnl.exe","func@0x140308610","[Unknown]","0x140308610"
"func@0x14034bf90","0","268800","0","","0","0","1","0","0","0","0","0","0","0","","ntoskrnl.exe","func@0x14034bf90","[Unknown]","0x14034bf90"
"func@0x14043b578","0","0","0","0","0","0","1","0","0","0","0","0","0","0","0","ntoskrnl.exe","func@0x14043b578","[Unknown]","0x14043b578"
"func@0x1403cebba","0","0","0","0","0.2","0","0.8","0","0","0","0","0","0","0","0","ntoskrnl.exe","func@0x1403cebba","[Unknown]","0x1403cebba"
"func@0x140283ead","0","1612800","1612800","1","0","","","0","0","0","0","0","0","0","","ntoskrnl.exe","func@0x140283ead","[Unknown]","0x140283ead"
"SdbGetTagDataSize","0","0","537600","0","0","0","1","0","0","0","0","0","0","0","0","apphelp.dll","SdbGetTagDataSize","[Unknown]","0x180007f30"
"func@0x140364b02","0","0","537600","0","0","","","0","0","0","0","0","0","0","0","ntoskrnl.exe","func@0x140364b02","[Unknown]","0x140364b02"
"func@0x140016010","0","0","0","0","0","0","1","0","0","0","0","0","0","0","0","vlflt.sys","func@0x140016010","[Unknown]","0x140016010"
"func@0x18001bea0","0","0","0","0","0","0","1","0","0","0","0","0","0","0","0","ucrtbase.dll","func@0x18001bea0","[Unknown]","0x18001bea0"
"func@0x1402416e0","0","268800","0","","0","0","1","0","0","0","0","0","0","0","","ntoskrnl.exe","func@0x1402416e0","[Unknown]","0x1402416e0"
"func@0x140026aff","0","268800","0","","0","0","1","0","0","0","0","0","0","0","","vlflt.sys","func@0x140026aff","[Unknown]","0x140026aff"
"func@0x1408a67f0","0","806400","0","","0","0","1","0","0","0","0","0","0","0","","ntoskrnl.exe","func@0x1408a67f0","[Unknown]","0x1408a67f0"
"func@0x1402a2010","0","0","0","0","0","0","1","0","0","0","0","0","0","0","0","ntoskrnl.exe","func@0x1402a2010","[Unknown]","0x1402a2010"
"func@0x1402068e0","0","537600","1612800","0.333333","0","0","1","0","0","0","0","0","0","0","","ntoskrnl.exe","func@0x1402068e0","[Unknown]","0x1402068e0"
"func@0x18001d450","0","0","0","0","0","0","1","0","0","0","0","0","0","0","0","ucrtbase.dll","func@0x18001d450","[Unknown]","0x18001d450"
"KeGetCurrentIrql","0","0","0","0","0","0","1","0","0","0","0","0","0","0","0","ntoskrnl.exe","KeGetCurrentIrql","[Unknown]","0x140416cd0"
"func@0x1402843ce","0","268800","0","","0","0","1","0","0","0","0","0","0","0","","ntoskrnl.exe","func@0x1402843ce","[Unknown]","0x1402843ce"
"func@0x14013d0ea","0","537600","0","","0","0","1","0","0","0","0","0","0","0","","ntfs.sys","func@0x14013d0ea","[Unknown]","0x14013d0ea"
"func@0x140845a9d","0","0","0","0","0","0","1","0","0","0","0","0","0","0","0","ntoskrnl.exe","func@0x140845a9d","[Unknown]","0x140845a9d"
"func@0x140844f10","0","0","0","0","0","0","1","0","0","0","0","0","0","0","0","ntoskrnl.exe","func@0x140844f10","[Unknown]","0x140844f10"
"func@0x18001d990","0","0","0","0","0","0","1","0","0","0","0","0","0","0","0","ucrtbase.dll","func@0x18001d990","[Unknown]","0x18001d990"
"func@0x14041b490","0","268800","0","","0","","","0","0","0","0","0","0","0","","ntoskrnl.exe","func@0x14041b490","[Unknown]","0x14041b490"
"func@0x140873a20","0","0","537600","0","0","0","1","0","0","0","0","0","0","0","0","ntoskrnl.exe","func@0x140873a20","[Unknown]","0x140873a20"
"func@0x1403ce8ef","0","806400","0","","0","0","1","0","0","0","0","0","0","0","","ntoskrnl.exe","func@0x1403ce8ef","[Unknown]","0x1403ce8ef"
"NtReadFile","0","268800","0","","0","","","0","0","0","0","0","0","0","","ntoskrnl.exe","NtReadFile","[Unknown]","0x140847580"
"func@0x140236b14","0","268800","0","","0","0","1","0","0","0","0","0","0","0","","ntoskrnl.exe","func@0x140236b14","[Unknown]","0x140236b14"
"func@0x18001bda0","0","268800","537600","0.5","0","0","1","0","0","0","0","0","0","0","","ucrtbase.dll","func@0x18001bda0","[Unknown]","0x18001bda0"
"func@0x140035790","0","0","537600","0","0","0","1","0","0","0","0","0","0","0","0","vlflt.sys","func@0x140035790","[Unknown]","0x140035790"
"func@0x1403f9057","0","0","0","0","0","0","1","0","0","0","0","0","0","0","0","ntoskrnl.exe","func@0x1403f9057","[Unknown]","0x1403f9057"
"func@0x1403881c8","0","806400","0","","0","","","0","0","0","0","0","0","0","","ntoskrnl.exe","func@0x1403881c8","[Unknown]","0x1403881c8"
"[storqosflt.sys]","0","806400","537600","1.5","0","0","1","0","0","0","0","0","0","0","","storqosflt.sys","[storqosflt.sys]","[Unknown]","0"
"func@0x1403eebf8","0","268800","0","","0","0","1","0","0","0","0","0","0","0","","ntoskrnl.exe","func@0x1403eebf8","[Unknown]","0x1403eebf8"
"func@0x140006ea0","0","268800","0","","0","0","1","0","0","0","0","0","0","0","","volsnap.sys","func@0x140006ea0","[Unknown]","0x140006ea0"
"[dxgkrnl.sys]","0","0","0","0","0","","","0","0","0","0","0","0","0","0","dxgkrnl.sys","[dxgkrnl.sys]","[Unknown]","0"
"func@0x1402fd076","0","0","537600","0","0","0","1","0","0","0","0","0","0","0","0","ntoskrnl.exe","func@0x1402fd076","[Unknown]","0x1402fd076"
"func@0x1402ff500","0","0","537600","0","0","0","1","0","0","0","0","0","0","0","0","ntoskrnl.exe","func@0x1402ff500","[Unknown]","0x1402ff500"
"func@0x140260a34","0","268800","537600","0.5","0","0","1","0","0","0","0","0","0","0","","ntoskrnl.exe","func@0x140260a34","[Unknown]","0x140260a34"
"func@0x14028f5c0","0","0","537600","0","0","0","1","0","0","0","0","0","0","0","0","ntoskrnl.exe","func@0x14028f5c0","[Unknown]","0x14028f5c0"
"func@0x1401a1a60","0","268800","0","","0","0","1","0","0","0","0","0","0","0","","ntfs.sys","func@0x1401a1a60","[Unknown]","0x1401a1a60"
"WdLogSingleEntry3","0","268800","0","","0","0","1","0","0","0","0","0","0","0","","watchdog.sys","WdLogSingleEntry3","[Unknown]","0x1400018b0"
"func@0x1400362a0","0","268800","537600","0.5","0","0","1","0","0","0","0","0","0","0","","dxgkrnl.sys","func@0x1400362a0","[Unknown]","0x1400362a0"
"func@0x140203900","0","268800","0","","0","0","1","0","0","0","0","0","0","0","","ntoskrnl.exe","func@0x140203900","[Unknown]","0x140203900"
"func@0x180024440","0","268800","0","","0","0","1","0","0","0","0","0","0","0","","fltmgr.sys","func@0x180024440","[Unknown]","0x180024440"
"func@0x1403b5b80","0","0","537600","0","0","","","0","0","0","0","0","0","0","0","ntoskrnl.exe","func@0x1403b5b80","[Unknown]","0x1403b5b80"
"DpiGetSchedulerCallbackState","0","0","0","0","0","0","1","0","0","0","0","0","0","0","0","dxgkrnl.sys","DpiGetSchedulerCallbackState","[Unknown]","0x140034790"
"func@0x1402106e0","0","0","0","0","0","0","1","0","0","0","0","0","0","0","0","ntoskrnl.exe","func@0x1402106e0","[Unknown]","0x1402106e0"
"func@0x140011f20","0","268800","0","","0","0","1","0","0","0","0","0","0","0","","dxgkrnl.sys","func@0x140011f20","[Unknown]","0x140011f20"
"func@0x140903460","0","268800","0","","0","0","1","0","0","0","0","0","0","0","","ntoskrnl.exe","func@0x140903460","[Unknown]","0x140903460"
"func@0x1401590e0","0","0","0","0","0","0","1","0","0","0","0","0","0","0","0","vlflt.sys","func@0x1401590e0","[Unknown]","0x1401590e0"
"func@0x1402a78d0","0","268800","1075200","0.25","0","0","1","0","0","0","0","0","0","0","","ntoskrnl.exe","func@0x1402a78d0","[Unknown]","0x1402a78d0"
"func@0x18005ba50","0","0","0","0","0","0","1","0","0","0","0","0","0","0","0","cng.sys","func@0x18005ba50","[Unknown]","0x18005ba50"
"func@0x140298740","0","0","0","0","","0","","0","0","0","0","0","0","0","0","ntoskrnl.exe","func@0x140298740","[Unknown]","0x140298740"
"strlen","0","268800","0","","0","0","1","0","0","0","0","0","0","0","","ucrtbase.dll","strlen","[Unknown]","0x1800ed8f0"
"func@0x14020a640","0","537600","0","","0","0","1","0","0","0","0","0","0","0","","ntoskrnl.exe","func@0x14020a640","[Unknown]","0x14020a640"
"_uncaught_exception","0","0","0","0","0","0","1","0","0","0","0","0","0","0","0","vcruntime140.dll","_uncaught_exception","[Unknown]","0x1800055c0"
"func@0x1403e7f81","0","0","0","0","0","0","1","0","0","0","0","0","0","0","0","ntoskrnl.exe","func@0x1403e7f81","[Unknown]","0x1403e7f81"
"DpiGetDxgAdapter","0","0","0","0","0","0","1","0","0","0","0","0","0","0","0","dxgkrnl.sys","DpiGetDxgAdapter","[Unknown]","0x140007ff0"
"func@0x1404e5b78","0","0","537600","0","0","0","1","0","0","0","0","0","0","0","0","ntoskrnl.exe","func@0x1404e5b78","[Unknown]","0x1404e5b78"
"func@0x18001e580","0","268800","0","","0","0","1","0","0","0","0","0","0","0","","vcruntime140.dll","func@0x18001e580","[Unknown]","0x18001e580"
"func@0x18001c620","0","268800","0","","0","0","1","0","0","0","0","0","0","0","","ucrtbase.dll","func@0x18001c620","[Unknown]","0x18001c620"
"func@0x1800a5b00","0","806400","0","","0","","","0","0","0","0","0","0","0","","cng.sys","func@0x1800a5b00","[Unknown]","0x1800a5b00"
"func@0x140040b90","0","268800","0","","0","0","1","0","0","0","0","0","0","0","","volsnap.sys","func@0x140040b90","[Unknown]","0x140040b90"
"func@0x1402c3855","0","0","0","0","0","0","1","0","0","0","0","0","0","0","0","ntoskrnl.exe","func@0x1402c3855","[Unknown]","0x1402c3855"
"func@0x1402be1fb","0","0","0","0","0","","","0","0","0","0","0","0","0","0","ntoskrnl.exe","func@0x1402be1fb","[Unknown]","0x1402be1fb"
"func@0x140338140","0","268800","0","","0","0","1","0","0","0","0","0","0","0","","ntoskrnl.exe","func@0x140338140","[Unknown]","0x140338140"
"func@0x14002e700","0","0","0","0","0","","","0","0","0","0","0","0","0","0","dxgkrnl.sys","func@0x14002e700","[Unknown]","0x14002e700"
"func@0x140282be2","0","268800","0","","0","0","1","0","0","0","0","0","0","0","","ntoskrnl.exe","func@0x140282be2","[Unknown]","0x140282be2"
"func@0x14023bc24","0","537600","0","","0","","","0","0","0","0","0","0","0","","ntoskrnl.exe","func@0x14023bc24","[Unknown]","0x14023bc24"
"func@0x140355f50","0","268800","0","","0","0","1","0","0","0","0","0","0","0","","ntoskrnl.exe","func@0x140355f50","[Unknown]","0x140355f50"
"func@0x140343048","0","0","0","0","0","0","1","0","0","0","0","0","0","0","0","ntoskrnl.exe","func@0x140343048","[Unknown]","0x140343048"
"func@0x1402a50c0","0","268800","0","","0","0","1","0","0","0","0","0","0","0","","ntoskrnl.exe","func@0x1402a50c0","[Unknown]","0x1402a50c0"
"func@0x14033b770","0","0","0","0","0","","","0","0","0","0","0","0","0","0","ntoskrnl.exe","func@0x14033b770","[Unknown]","0x14033b770"
"func@0x1403091f7","0","268800","0","","0","0","1","0","0","0","0","0","0","0","","ntoskrnl.exe","func@0x1403091f7","[Unknown]","0x1403091f7"
"func@0x1402457c0","0","0","537600","0","0","0","1","0","0","0","0","0","0","0","0","ntoskrnl.exe","func@0x1402457c0","[Unknown]","0x1402457c0"
"func@0x1403cf7a0","0","0","0","0","0","0","1","0","0","0","0","0","0","0","0","ntoskrnl.exe","func@0x1403cf7a0","[Unknown]","0x1403cf7a0"
"func@0x1400129a0","0","0","0","0","0","","","0","0","0","0","0","0","0","0","dxgkrnl.sys","func@0x1400129a0","[Unknown]","0x1400129a0"
"func@0x14001a550","0","268800","0","","0","0","1","0","0","0","0","0","0","0","","trufos.sys","func@0x14001a550","[Unknown]","0x14001a550"
"[ntdll.dll]","0","0","0","0","0","0","1","0","0","0","0","0","0","0","0","ntdll.dll","[ntdll.dll]","[Unknown]","0"
"func@0x140215eb0","0","0","0","0","0","0","1","0","0","0","0","0","0","0","0","ntoskrnl.exe","func@0x140215eb0","[Unknown]","0x140215eb0"
"func@0x140031d80","0","0","0","0","0","","","0","0","0","0","0","0","0","0","dxgkrnl.sys","func@0x140031d80","[Unknown]","0x140031d80"
"func@0x1408964ee","0","268800","0","","0","0","1","0","0","0","0","0","0","0","","ntoskrnl.exe","func@0x1408964ee","[Unknown]","0x1408964ee"
"func@0x18002e680","0","0","0","0","0","0","1","0","0","0","0","0","0","0","0","cng.sys","func@0x18002e680","[Unknown]","0x18002e680"
"func@0x14004da10","0","268800","0","","0","0","1","0","0","0","0","0","0","0","","vlflt.sys","func@0x14004da10","[Unknown]","0x14004da10"
"func@0x1400161c0","0","268800","0","","0","0","1","0","0","0","0","0","0","0","","dxgkrnl.sys","func@0x1400161c0","[Unknown]","0x1400161c0"
"func@0x18003cef0","0","0","0","0","0","0","1","0","0","0","0","0","0","0","0","ntdll.dll","func@0x18003cef0","[Unknown]","0x18003cef0"
"func@0x14046c748","0","268800","0","","0","0","1","0","0","0","0","0","0","0","","ntoskrnl.exe","func@0x14046c748","[Unknown]","0x14046c748"
"std::locale::_Init","0","268800","0","","0","0","1","0","0","0","0","0","0","0","","msvcp140.dll","std::locale::_Init(bool)","[Unknown]","0x180016d20"
"func@0x140342b60","0","268800","0","","0","0","1","0","0","0","0","0","0","0","","ntoskrnl.exe","func@0x140342b60","[Unknown]","0x140342b60"
"func@0x140333eb4","0","0","1075200","0","0","0","1","0","0","0","0","0","0","0","0","ntoskrnl.exe","func@0x140333eb4","[Unknown]","0x140333eb4"
"func@0x140879730","0","0","0","0","0","","","0","0","0","0","0","0","0","0","ntoskrnl.exe","func@0x140879730","[Unknown]","0x140879730"
"func@0x140240b14","0","0","537600","0","0","0","1","0","0","0","0","0","0","0","0","ntoskrnl.exe","func@0x140240b14","[Unknown]","0x140240b14"
"func@0x1402ffdb7","0","0","0","0","0","0","1","0","0","0","0","0","0","0","0","ntoskrnl.exe","func@0x1402ffdb7","[Unknown]","0x1402ffdb7"
"func@0x18000c880","0","268800","0","","0","0","1","0","0","0","0","0","0","0","","ntdll.dll","func@0x18000c880","[Unknown]","0x18000c880"
"func@0x1402b4bd0","0","0","0","0","0","0","1","0","0","0","0","0","0","0","0","ntoskrnl.exe","func@0x1402b4bd0","[Unknown]","0x1402b4bd0"
"func@0x140418672","0","268800","537600","0.5","0","0","1","0","0","0","0","0","0","0","","ntoskrnl.exe","func@0x140418672","[Unknown]","0x140418672"
"KeWaitForMutexObject","0","268800","0","","0","0","1","0","0","0","0","0","0","0","","ntoskrnl.exe","KeWaitForMutexObject","[Unknown]","0x140313640"
"func@0x18000b220","0","268800","0","","0","0","1","0","0","0","0","0","0","0","","fltmgr.sys","func@0x18000b220","[Unknown]","0x18000b220"
"func@0x140b74210","0","268800","0","","0","0","1","0","0","0","0","0","0","0","","ntoskrnl.exe","func@0x140b74210","[Unknown]","0x140b74210"
"func@0x1404465cc","0","268800","0","","0","0","1","0","0","0","0","0","0","0","","ntoskrnl.exe","func@0x1404465cc","[Unknown]","0x1404465cc"
"func@0x1405b23c4","0","0","0","0","0","0","1","0","0","0","0","0","0","0","0","ntoskrnl.exe","func@0x1405b23c4","[Unknown]","0x1405b23c4"
"func@0x1402736f0","0","268800","0","","0","0","1","0","0","0","0","0","0","0","","ntoskrnl.exe","func@0x1402736f0","[Unknown]","0x1402736f0"
"func@0x1800d7287","0","0","0","0","0","0","1","0","0","0","0","0","0","0","0","ntdll.dll","func@0x1800d7287","[Unknown]","0x1800d7287"
"func@0x1403671a2","0","537600","0","","0","0","1","0","0","0","0","0","0","0","","ntoskrnl.exe","func@0x1403671a2","[Unknown]","0x1403671a2"
"func@0x14092c280","0","268800","0","","0","0","1","0","0","0","0","0","0","0","","ntoskrnl.exe","func@0x14092c280","[Unknown]","0x14092c280"
"func@0x140275820","0","268800","0","","0","0","1","0","0","0","0","0","0","0","","ntoskrnl.exe","func@0x140275820","[Unknown]","0x140275820"
"func@0x1403ab300","0","0","0","0","0","0","1","0","0","0","0","0","0","0","0","ntoskrnl.exe","func@0x1403ab300","[Unknown]","0x1403ab300"
"func@0x1800969c0","0","0","0","0","","0","","0","0","0","0","0","0","0","0","ntdll.dll","func@0x1800969c0","[Unknown]","0x1800969c0"
"func@0x18007aa5c","0","268800","0","","0","0","1","0","0","0","0","0","0","0","","msvcrt.dll","func@0x18007aa5c","[Unknown]","0x18007aa5c"
"func@0x1800187b4","0","268800","0","","0","0","1","0","0","0","0","0","0","0","","msvcrt.dll","func@0x1800187b4","[Unknown]","0x1800187b4"
"func@0x14024068d","0","268800","0","","0","0","1","0","0","0","0","0","0","0","","ntoskrnl.exe","func@0x14024068d","[Unknown]","0x14024068d"
"std::_Lockit::~_Lockit","0","0","0","0","0","0","1","0","0","0","0","0","0","0","0","msvcp140.dll","std::_Lockit::~_Lockit(void)","[Unknown]","0x180043550"
"func@0x1402bf3d0","0","0","0","0","0","0","1","0","0","0","0","0","0","0","0","ntoskrnl.exe","func@0x1402bf3d0","[Unknown]","0x1402bf3d0"
"func@0x1402fb450","0","537600","2150400","0.25","0","0","1","0","0","0","0","0","0","0","","ntoskrnl.exe","func@0x1402fb450","[Unknown]","0x1402fb450"
"func@0x1800094a0","0","0","0","0","0","","","0","0","0","0","0","0","0","0","fltmgr.sys","func@0x1800094a0","[Unknown]","0x1800094a0"
"func@0x1405c18d0","0","268800","0","","0","0","1","0","0","0","0","0","0","0","","ntoskrnl.exe","func@0x1405c18d0","[Unknown]","0x1405c18d0"
"func@0x1402c1ef4","0","268800","0","","0","0","1","0","0","0","0","0","0","0","","ntoskrnl.exe","func@0x1402c1ef4","[Unknown]","0x1402c1ef4"
"func@0x14029a128","0","0","537600","0","0","0","1","0","0","0","0","0","0","0","0","ntoskrnl.exe","func@0x14029a128","[Unknown]","0x14029a128"
"func@0x140330d20","0","268800","0","","0","0","1","0","0","0","0","0","0","0","","ntoskrnl.exe","func@0x140330d20","[Unknown]","0x140330d20"
"func@0x1402cb890","0","0","0","0","0","0","1","0","0","0","0","0","0","0","0","ntoskrnl.exe","func@0x1402cb890","[Unknown]","0x1402cb890"
"std::num_put<char,class std::ostreambuf_iterator<char,struct std::char_traits<char> > >::_Iput","0","268800","0","","0","0","1","0","0","0","0","0","0","0","","msvcp140.dll","std::num_put<char,class std::ostreambuf_iterator<char,struct std::char_traits<char> > >::_Iput(class std::ostreambuf_iterator<char,struct std::char_traits<char> >,class std::ios_base & __ptr64,char,char * __ptr64,unsigned __int64)","[Unknown]","0x1800130c0"
"func@0x1800092b0","0","268800","537600","0.5","0","0","1","0","0","0","0","0","0","0","","fltmgr.sys","func@0x1800092b0","[Unknown]","0x1800092b0"
"func@0x14084aca0","0","268800","0","","0","0","1","0","0","0","0","0","0","0","","ntoskrnl.exe","func@0x14084aca0","[Unknown]","0x14084aca0"
"func@0x140952a80","0","268800","0","","0","0","1","0","0","0","0","0","0","0","","ntoskrnl.exe","func@0x140952a80","[Unknown]","0x140952a80"
"func@0x180007960","0","268800","0","","0","0","1","0","0","0","0","0","0","0","","fltmgr.sys","func@0x180007960","[Unknown]","0x180007960"
"func@0x140329e30","0","0","0","0","0","0","1","0","0","0","0","0","0","0","0","ntoskrnl.exe","func@0x140329e30","[Unknown]","0x140329e30"
"func@0x1408bf1d2","0","268800","0","","0","0","1","0","0","0","0","0","0","0","","ntoskrnl.exe","func@0x1408bf1d2","[Unknown]","0x1408bf1d2"
"func@0x1800c6fd8","0","268800","0","","0","0","1","0","0","0","0","0","0","0","","ntdll.dll","func@0x1800c6fd8","[Unknown]","0x1800c6fd8"
"FltGetRequestorProcessIdEx","0","268800","1075200","0.25","","0","","0","0","0","0","0","0","0","","fltmgr.sys","FltGetRequestorProcessIdEx","[Unknown]","0x180012170"
"func@0x1402467b0","0","1344000","1075200","1.25","0","0","1","0","0","0","0","0","0","0","","ntoskrnl.exe","func@0x1402467b0","[Unknown]","0x1402467b0"
"func@0x1408491a0","0","0","0","0","0","0","1","0","0","0","0","0","0","0","0","ntoskrnl.exe","func@0x1408491a0","[Unknown]","0x1408491a0"
"func@0x14027f970","0","1612800","2150400","0.75","0","0","1","0","0","0","0","0","0","0","","ntoskrnl.exe","func@0x14027f970","[Unknown]","0x14027f970"
"func@0x140006d60","0","268800","537600","0.5","0","0","1","0","0","0","0","0","0","0","","ntfs.sys","func@0x140006d60","[Unknown]","0x140006d60"
"func@0x18005edd0","0","268800","0","","0","","","0","0","0","0","0","0","0","","fltmgr.sys","func@0x18005edd0","[Unknown]","0x18005edd0"
"func@0x1402c6b30","0","537600","537600","1","0","","","0","0","0","0","0","0","0","","ntoskrnl.exe","func@0x1402c6b30","[Unknown]","0x1402c6b30"
"RtlDowncaseUnicodeChar","0","268800","0","","0","0","1","0","0","0","0","0","0","0","","ntoskrnl.exe","RtlDowncaseUnicodeChar","[Unknown]","0x1409de190"
"IoGetTransactionParameterBlock","0","537600","0","","0","0","1","0","0","0","0","0","0","0","","ntoskrnl.exe","IoGetTransactionParameterBlock","[Unknown]","0x140409160"
"func@0x1800098b0","0","806400","1075200","0.75","0","0","1","0","0","0","0","0","0","0","","fltmgr.sys","func@0x1800098b0","[Unknown]","0x1800098b0"
"func@0x1402129c8","0","0","537600","0","0","0","1","0","0","0","0","0","0","0","0","ntoskrnl.exe","func@0x1402129c8","[Unknown]","0x1402129c8"
"func@0x1401470d0","0","268800","0","","0","0","1","0","0","0","0","0","0","0","","ntfs.sys","func@0x1401470d0","[Unknown]","0x1401470d0"
"FltGetVolumeInstanceFromName","0","268800","0","","0","0","1","0","0","0","0","0","0","0","","fltmgr.sys","FltGetVolumeInstanceFromName","[Unknown]","0x1800624d0"
"FltSupportsStreamContexts","0","806400","0","","0","0","1","0","0","0","0","0","0","0","","fltmgr.sys","FltSupportsStreamContexts","[Unknown]","0x180014370"
"func@0x14022b530","0","268800","537600","0.5","0","","","0","0","0","0","0","0","0","","ntoskrnl.exe","func@0x14022b530","[Unknown]","0x14022b530"
"func@0x140916440","0","0","0","0","0","0","1","0","0","0","0","0","0","0","0","ntoskrnl.exe","func@0x140916440","[Unknown]","0x140916440"
"func@0x1402a06c0","0","0","1075200","0","0","0","","","0","0","0","0","0","0","0","ntoskrnl.exe","func@0x1402a06c0","[Unknown]","0x1402a06c0"
"func@0x140bbb2c0","0","0","0","0","0","0","1","0","0","0","0","0","0","0","0","ntoskrnl.exe","func@0x140bbb2c0","[Unknown]","0x140bbb2c0"
"func@0x14030cb00","0","1075200","0","","0","0","1","0","0","0","0","0","0","0","","ntoskrnl.exe","func@0x14030cb00","[Unknown]","0x14030cb00"
"SeAccessCheckWithHint","0","268800","0","","0","0","1","0","0","0","0","0","0","0","","ntoskrnl.exe","SeAccessCheckWithHint","[Unknown]","0x1403995b0"
"func@0x1400103a0","0","0","0","0","0","0","1","0","0","0","0","0","0","0","0","ntfs.sys","func@0x1400103a0","[Unknown]","0x1400103a0"
"func@0x140221a80","0","268800","0","","0","0","1","0","0","0","0","0","0","0","","ntoskrnl.exe","func@0x140221a80","[Unknown]","0x140221a80"
"RtlImageNtHeaderEx","0","0","537600","0","0","0","1","0","0","0","0","0","0","0","0","ntdll.dll","RtlImageNtHeaderEx","[Unknown]","0x18006ecd0"
"func@0x1403d3290","0","0","0","0","0","0","1","0","0","0","0","0","0","0","0","ntoskrnl.exe","func@0x1403d3290","[Unknown]","0x1403d3290"
"func@0x14024a552","0","0","0","0","0","0","1","0","0","0","0","0","0","0","0","ntoskrnl.exe","func@0x14024a552","[Unknown]","0x14024a552"
"func@0x140182840","0","268800","0","","0","0","1","0","0","0","0","0","0","0","","ntfs.sys","func@0x140182840","[Unknown]","0x140182840"
"func@0x180003f56","0","268800","0","","0","0","1","0","0","0","0","0","0","0","","fltmgr.sys","func@0x180003f56","[Unknown]","0x180003f56"
"func@0x1403635c0","0","806400","0","","0","0","1","0","0","0","0","0","0","0","","ntoskrnl.exe","func@0x1403635c0","[Unknown]","0x1403635c0"
"func@0x1401564d9","0","268800","0","","0","0","1","0","0","0","0","0","0","0","","ntfs.sys","func@0x1401564d9","[Unknown]","0x1401564d9"
"func@0x1400127c0","0","268800","0","","0","0","1","0","0","0","0","0","0","0","","ntfs.sys","func@0x1400127c0","[Unknown]","0x1400127c0"
"func@0x140343da0","0","0","0","0","0","0","1","0","0","0","0","0","0","0","0","ntoskrnl.exe","func@0x140343da0","[Unknown]","0x140343da0"
"func@0x1402a6250","0","1075200","1075200","1","0","0","1","0","0","0","0","0","0","0","","ntoskrnl.exe","func@0x1402a6250","[Unknown]","0x1402a6250"
"func@0x1403c8300","0","268800","0","","0","0","1","0","0","0","0","0","0","0","","ntoskrnl.exe","func@0x1403c8300","[Unknown]","0x1403c8300"
"KeFindFirstSetRightAffinityEx","0","0","537600","0","0","0","1","0","0","0","0","0","0","0","0","ntoskrnl.exe","KeFindFirstSetRightAffinityEx","[Unknown]","0x1403205f0"
"func@0x1800104a0","0","268800","0","","0","0","1","0","0","0","0","0","0","0","","fltmgr.sys","func@0x1800104a0","[Unknown]","0x1800104a0"
"func@0x14043f70c","0","0","2688000","0","0","0","1","0","0","0","0","0","0","0","0","ntoskrnl.exe","func@0x14043f70c","[Unknown]","0x14043f70c"
"func@0x180065c00","0","0","0","0","0","0","1","0","0","0","0","0","0","0","0","fltmgr.sys","func@0x180065c00","[Unknown]","0x180065c00"
"func@0x140418650","0","268800","0","","0","0","1","0","0","0","0","0","0","0","","ntoskrnl.exe","func@0x140418650","[Unknown]","0x140418650"
"func@0x1400163c0","0","0","0","0","0","0","1","0","0","0","0","0","0","0","0","ntfs.sys","func@0x1400163c0","[Unknown]","0x1400163c0"
"func@0x140133510","0","268800","0","","0","0","1","0","0","0","0","0","0","0","","ntfs.sys","func@0x140133510","[Unknown]","0x140133510"
"func@0x1405df2d4","0","0","1612800","0","0","0","1","0","0","0","0","0","0","0","0","ntoskrnl.exe","func@0x1405df2d4","[Unknown]","0x1405df2d4"
"func@0x1400100a0","0","268800","0","","0","0","1","0","0","0","0","0","0","0","","ntfs.sys","func@0x1400100a0","[Unknown]","0x1400100a0"
"func@0x180009890","0","0","0","0","0","0","1","0","0","0","0","0","0","0","0","fltmgr.sys","func@0x180009890","[Unknown]","0x180009890"
"func@0x18001735a","0","268800","0","","0","0","1","0","0","0","0","0","0","0","","fltmgr.sys","func@0x18001735a","[Unknown]","0x18001735a"
"func@0x180058450","0","268800","0","","0","0","1","0","0","0","0","0","0","0","","fltmgr.sys","func@0x180058450","[Unknown]","0x180058450"
"func@0x1401c48fa","0","268800","0","","0","0","1","0","0","0","0","0","0","0","","ntfs.sys","func@0x1401c48fa","[Unknown]","0x1401c48fa"
"func@0x14020cf20","0","268800","537600","0.5","0","0","1","0","0","0","0","0","0","0","","ntoskrnl.exe","func@0x14020cf20","[Unknown]","0x14020cf20"
"func@0x18001bd40","0","268800","0","","0","0","1","0","0","0","0","0","0","0","","fltmgr.sys","func@0x18001bd40","[Unknown]","0x18001bd40"
"func@0x1405db840","0","268800","537600","0.5","0","0","1","0","0","0","0","0","0","0","","ntoskrnl.exe","func@0x1405db840","[Unknown]","0x1405db840"
"func@0x1402fdfc0","0","1344000","0","","0","","","0","0","0","0","0","0","0","","ntoskrnl.exe","func@0x1402fdfc0","[Unknown]","0x1402fdfc0"
"func@0x14013cc70","0","268800","0","","0","","","0","0","0","0","0","0","0","","igdkmdn64.sys","func@0x14013cc70","[Unknown]","0x14013cc70"
"func@0x140021a60","0","537600","0","","0","0","1","0","0","0","0","0","0","0","","igdkmdn64.sys","func@0x140021a60","[Unknown]","0x140021a60"
"func@0x14016b3b0","0","0","0","0","0","0","1","0","0","0","0","0","0","0","0","igdkmdn64.sys","func@0x14016b3b0","[Unknown]","0x14016b3b0"
"func@0x140317ba0","0","0","0","0","0","0","1","0","0","0","0","0","0","0","0","igdkmdn64.sys","func@0x140317ba0","[Unknown]","0x140317ba0"
"FltLockUserBuffer","0","0","0","0","0","","","0","0","0","0","0","0","0","0","fltmgr.sys","FltLockUserBuffer","[Unknown]","0x180017210"
"func@0x140216480","0","268800","0","","0","0","1","0","0","0","0","0","0","0","","igdkmdn64.sys","func@0x140216480","[Unknown]","0x140216480"
"func@0x1403e12ab","0","0","0","0","0","0","1","0","0","0","0","0","0","0","0","ntoskrnl.exe","func@0x1403e12ab","[Unknown]","0x1403e12ab"
"ExAcquirePushLockExclusiveEx","0","1344000","537600","2.5","0","0","1","0","0","0","0","0","0","0","","ntoskrnl.exe","ExAcquirePushLockExclusiveEx","[Unknown]","0x140314960"
"func@0x180009500","0","537600","0","","0","0","1","0","0","0","0","0","0","0","","fltmgr.sys","func@0x180009500","[Unknown]","0x180009500"
"FltReferenceContext","0","0","537600","0","0","0","1","0","0","0","0","0","0","0","0","fltmgr.sys","FltReferenceContext","[Unknown]","0x180016330"
"func@0x140021527","0","268800","0","","0","0","1","0","0","0","0","0","0","0","","igdkmdn64.sys","func@0x140021527","[Unknown]","0x140021527"
"func@0x14041bab0","0","268800","3763200","0.0714286","0","0","1","0","0","0","0","0","0","0","","ntoskrnl.exe","func@0x14041bab0","[Unknown]","0x14041bab0"
"func@0x180005e50","0","268800","0","","0","0","1","0","0","0","0","0","0","0","","fltmgr.sys","func@0x180005e50","[Unknown]","0x180005e50"
"func@0x14016b410","0","0","0","0","0","","","0","0","0","0","0","0","0","0","igdkmdn64.sys","func@0x14016b410","[Unknown]","0x14016b410"
"func@0x140318a40","0","0","0","0","0","","","0","0","0","0","0","0","0","0","igdkmdn64.sys","func@0x140318a40","[Unknown]","0x140318a40"
"func@0x1402b5bd0","0","0","0","0","0","0","1","0","0","0","0","0","0","0","0","igdkmdn64.sys","func@0x1402b5bd0","[Unknown]","0x1402b5bd0"
"CcCopyReadEx","0","0","537600","0","0","0","1","0","0","0","0","0","0","0","0","ntoskrnl.exe","CcCopyReadEx","[Unknown]","0x1404d5420"
"func@0x140045270","0","268800","0","","0","0","1","0","0","0","0","0","0","0","","igdkmdn64.sys","func@0x140045270","[Unknown]","0x140045270"
"func@0x1402b7ed0","0","0","0","0","0","0","1","0","0","0","0","0","0","0","0","igdkmdn64.sys","func@0x1402b7ed0","[Unknown]","0x1402b7ed0"
"func@0x180025e48","0","0","0","0","0","0","1","0","0","0","0","0","0","0","0","fltmgr.sys","func@0x180025e48","[Unknown]","0x180025e48"
"func@0x18000ebc9","0","268800","0","","0","","","0","0","0","0","0","0","0","","fltmgr.sys","func@0x18000ebc9","[Unknown]","0x18000ebc9"
"func@0x1402174b0","0","0","0","0","0","0","1","0","0","0","0","0","0","0","0","igdkmdn64.sys","func@0x1402174b0","[Unknown]","0x1402174b0"
"func@0x140037ed0","0","537600","0","","0","0","1","0","0","0","0","0","0","0","","igdkmdn64.sys","func@0x140037ed0","[Unknown]","0x140037ed0"
"func@0x180016b50","0","268800","0","","0","0","1","0","0","0","0","0","0","0","","fltmgr.sys","func@0x180016b50","[Unknown]","0x180016b50"
"func@0x18000f48e","0","268800","0","","0","0","1","0","0","0","0","0","0","0","","fltmgr.sys","func@0x18000f48e","[Unknown]","0x18000f48e"
"func@0x1400563b0","0","0","0","0","0","0","1","0","0","0","0","0","0","0","0","igdkmdn64.sys","func@0x1400563b0","[Unknown]","0x1400563b0"
"func@0x180091dd0","0","0","0","0","","0","","0","0","0","0","0","0","0","0","ntdll.dll","func@0x180091dd0","[Unknown]","0x180091dd0"
"func@0x18000e0b2","0","268800","0","","0","0","1","0","0","0","0","0","0","0","","ntdll.dll","func@0x18000e0b2","[Unknown]","0x18000e0b2"
"func@0x14021ca20","0","0","0","0","0","","","0","0","0","0","0","0","0","0","igdkmdn64.sys","func@0x14021ca20","[Unknown]","0x14021ca20"
"func@0x140037450","0","268800","0","","0","0","1","0","0","0","0","0","0","0","","igdkmdn64.sys","func@0x140037450","[Unknown]","0x140037450"
"func@0x14000be40","0","268800","0","","0","0","1","0","0","0","0","0","0","0","","ntfs.sys","func@0x14000be40","[Unknown]","0x14000be40"
"func@0x140055140","0","0","0","0","0","0","1","0","0","0","0","0","0","0","0","igdkmdn64.sys","func@0x140055140","[Unknown]","0x140055140"
"func@0x14028621c","0","0","0","0","0","0","1","0","0","0","0","0","0","0","0","ntoskrnl.exe","func@0x14028621c","[Unknown]","0x14028621c"
"func@0x14030b490","0","268800","0","","0","0","1","0","0","0","0","0","0","0","","ntoskrnl.exe","func@0x14030b490","[Unknown]","0x14030b490"
"func@0x140140cf6","0","0","0","0","0","0","1","0","0","0","0","0","0","0","0","ntfs.sys","func@0x140140cf6","[Unknown]","0x140140cf6"
"func@0x14001f52b","0","268800","0","","0","","","0","0","0","0","0","0","0","","igdkmdn64.sys","func@0x14001f52b","[Unknown]","0x14001f52b"
"func@0x14035b49c","0","0","0","0","0","","","0","0","0","0","0","0","0","0","ntoskrnl.exe","func@0x14035b49c","[Unknown]","0x14035b49c"
"func@0x1800554a0","0","806400","1075200","0.75","0","0","1","0","0","0","0","0","0","0","","ntdll.dll","func@0x1800554a0","[Unknown]","0x1800554a0"
"func@0x14004ad80","0","0","537600","0","0","0","1","0","0","0","0","0","0","0","0","igdkmdn64.sys","func@0x14004ad80","[Unknown]","0x14004ad80"
"func@0x1800cdd80","0","0","0","0","0","0","1","0","0","0","0","0","0","0","0","ntdll.dll","func@0x1800cdd80","[Unknown]","0x1800cdd80"
"func@0x140223e40","0","0","0","0","0","0","1","0","0","0","0","0","0","0","0","igdkmdn64.sys","func@0x140223e40","[Unknown]","0x140223e40"
"func@0x14020c165","0","268800","0","","0","0","1","0","0","0","0","0","0","0","","ntoskrnl.exe","func@0x14020c165","[Unknown]","0x14020c165"
"func@0x1401aea20","0","268800","0","","0","0","1","0","0","0","0","0","0","0","","igdkmdn64.sys","func@0x1401aea20","[Unknown]","0x1401aea20"
"func@0x140018f80","0","268800","0","","0","0","1","0","0","0","0","0","0","0","","ntfs.sys","func@0x140018f80","[Unknown]","0x140018f80"
"func@0x140196000","0","268800","0","","0","0","1","0","0","0","0","0","0","0","","igdkmdn64.sys","func@0x140196000","[Unknown]","0x140196000"
"func@0x1404de0cc","0","0","1075200","0","0","0","1","0","0","0","0","0","0","0","0","ntoskrnl.exe","func@0x1404de0cc","[Unknown]","0x1404de0cc"
"func@0x140180050","0","0","0","0","0","","","0","0","0","0","0","0","0","0","igdkmdn64.sys","func@0x140180050","[Unknown]","0x140180050"
"func@0x14031bf10","0","0","0","0","0","0","1","0","0","0","0","0","0","0","0","ntoskrnl.exe","func@0x14031bf10","[Unknown]","0x14031bf10"
"func@0x1401f7a80","0","268800","0","","0","0","1","0","0","0","0","0","0","0","","ntfs.sys","func@0x1401f7a80","[Unknown]","0x1401f7a80"
"func@0x1403e2f90","0","0","0","0","0","","","0","0","0","0","0","0","0","0","ntoskrnl.exe","func@0x1403e2f90","[Unknown]","0x1403e2f90"
"func@0x140038bf0","0","268800","537600","0.5","0","0","1","0","0","0","0","0","0","0","","ntfs.sys","func@0x140038bf0","[Unknown]","0x140038bf0"
"func@0x140157aa0","0","537600","0","","0","0","1","0","0","0","0","0","0","0","","igdkmdn64.sys","func@0x140157aa0","[Unknown]","0x140157aa0"
"func@0x1402162a0","0","268800","0","","0","0","1","0","0","0","0","0","0","0","","igdkmdn64.sys","func@0x1402162a0","[Unknown]","0x1402162a0"
"RtlTryEnterCriticalSection","0","537600","0","","0","0","1","0","0","0","0","0","0","0","","ntdll.dll","RtlTryEnterCriticalSection","[Unknown]","0x1800a09e0"
"func@0x14016b5c0","0","537600","0","","0","0","1","0","0","0","0","0","0","0","","igdkmdn64.sys","func@0x14016b5c0","[Unknown]","0x14016b5c0"
"func@0x140178c80","0","0","0","0","0","","","0","0","0","0","0","0","0","0","igdkmdn64.sys","func@0x140178c80","[Unknown]","0x140178c80"
"func@0x14016b340","0","0","0","0","0","0","1","0","0","0","0","0","0","0","0","igdkmdn64.sys","func@0x14016b340","[Unknown]","0x14016b340"
"func@0x1404fef28","0","0","537600","0","0","0","1","0","0","0","0","0","0","0","0","ntoskrnl.exe","func@0x1404fef28","[Unknown]","0x1404fef28"
"func@0x14009cb40","0","268800","0","","0","0","1","0","0","0","0","0","0","0","","igdkmdn64.sys","func@0x14009cb40","[Unknown]","0x14009cb40"
"memcmp","0","268800","0","","0","0","1","0","0","0","0","0","0","0","","ntdll.dll","memcmp","[Unknown]","0x180165d90"
"func@0x14001cb10","0","268800","0","","0","0","1","0","0","0","0","0","0","0","","igdkmdn64.sys","func@0x14001cb10","[Unknown]","0x14001cb10"
"func@0x1402a8f30","0","0","537600","0","0","0","1","0","0","0","0","0","0","0","0","igdkmdn64.sys","func@0x1402a8f30","[Unknown]","0x1402a8f30"
"func@0x140483480","0","268800","0","","0","0","1","0","0","0","0","0","0","0","","igdkmdn64.sys","func@0x140483480","[Unknown]","0x140483480"
"func@0x140033950","0","806400","0","","0","0","1","0","0","0","0","0","0","0","","ntfs.sys","func@0x140033950","[Unknown]","0x140033950"
"func@0x180070c20","0","0","0","0","0","0","1","0","0","0","0","0","0","0","0","ntdll.dll","func@0x180070c20","[Unknown]","0x180070c20"
"func@0x1403d9b40","0","0","0","0","0","0","1","0","0","0","0","0","0","0","0","ntoskrnl.exe","func@0x1403d9b40","[Unknown]","0x1403d9b40"
"func@0x180134a34","0","0","1075200","0","0","0","1","0","0","0","0","0","0","0","0","ntdll.dll","func@0x180134a34","[Unknown]","0x180134a34"
"NtSetInformationProcess","0","268800","0","","0","0","1","0","0","0","0","0","0","0","","ntoskrnl.exe","NtSetInformationProcess","[Unknown]","0x1408ec6f0"
"func@0x18000dd00","0","0","0","0","0","0","1","0","0","0","0","0","0","0","0","ntdll.dll","func@0x18000dd00","[Unknown]","0x18000dd00"
"func@0x140abcaf0","0","0","537600","0","0","","","0","0","0","0","0","0","0","0","ntoskrnl.exe","func@0x140abcaf0","[Unknown]","0x140abcaf0"
"wcscpy_s","0","268800","0","","0","0","1","0","0","0","0","0","0","0","","ntdll.dll","wcscpy_s","[Unknown]","0x18012c160"
"func@0x1801173c0","0","268800","0","","0","0","1","0","0","0","0","0","0","0","","ntdll.dll","func@0x1801173c0","[Unknown]","0x1801173c0"
"func@0x1404014c0","0","0","1612800","0","0","0","1","0","0","0","0","0","0","0","0","ntoskrnl.exe","func@0x1404014c0","[Unknown]","0x1404014c0"
"func@0x140234c90","0","268800","1075200","0.25","0","","","0","0","0","0","0","0","0","","ntoskrnl.exe","func@0x140234c90","[Unknown]","0x140234c90"
"func@0x180054f7a","0","0","0","0","0","0","1","0","0","0","0","0","0","0","0","ntdll.dll","func@0x180054f7a","[Unknown]","0x180054f7a"
"NtClose","0","268800","0","","0","0","1","0","0","0","0","0","0","0","","ntdll.dll","NtClose","[Unknown]","0x180160550"
"func@0x14029a400","0","537600","0","","0","0","1","0","0","0","0","0","0","0","","ntoskrnl.exe","func@0x14029a400","[Unknown]","0x14029a400"
"RtlReleaseSRWLockShared","0","1344000","537600","2.5","","","","0","0","0","0","0","0","0","","ntdll.dll","RtlReleaseSRWLockShared","[Unknown]","0x18003cc80"
"func@0x1800cae83","0","0","0","0","0","0","1","0","0","0","0","0","0","0","0","ntdll.dll","func@0x1800cae83","[Unknown]","0x1800cae83"
"func@0x140125430","0","537600","0","","0","0","1","0","0","0","0","0","0","0","","ntfs.sys","func@0x140125430","[Unknown]","0x140125430"
"func@0x1400057f0","0","0","0","0","0","0","1","0","0","0","0","0","0","0","0","ntfs.sys","func@0x1400057f0","[Unknown]","0x1400057f0"
"func@0x140156560","0","0","1612800","0","0","0","1","0","0","0","0","0","0","0","0","ntfs.sys","func@0x140156560","[Unknown]","0x140156560"
"func@0x14087bb10","0","0","537600","0","0","0","1","0","0","0","0","0","0","0","0","ntoskrnl.exe","func@0x14087bb10","[Unknown]","0x14087bb10"
"func@0x140165250","0","268800","0","","0","0","1","0","0","0","0","0","0","0","","ntfs.sys","func@0x140165250","[Unknown]","0x140165250"
"ExReleaseResourceAndLeaveCriticalRegion","0","268800","0","","0","0","1","0","0","0","0","0","0","0","","ntoskrnl.exe","ExReleaseResourceAndLeaveCriticalRegion","[Unknown]","0x14027dc00"
"func@0x1402c2e80","0","0","0","0","0","0","1","0","0","0","0","0","0","0","0","ntoskrnl.exe","func@0x1402c2e80","[Unknown]","0x1402c2e80"
"func@0x14011b5c0","0","268800","0","","0","0","1","0","0","0","0","0","0","0","","ntfs.sys","func@0x14011b5c0","[Unknown]","0x14011b5c0"
"func@0x14024437d","0","268800","0","","0","0","1","0","0","0","0","0","0","0","","ntoskrnl.exe","func@0x14024437d","[Unknown]","0x14024437d"
"func@0x140848c33","0","0","0","0","0","","","0","0","0","0","0","0","0","0","ntoskrnl.exe","func@0x140848c33","[Unknown]","0x140848c33"
"std::vector<unsigned char,std::allocator<unsigned char> >::operator[]","0","0","0","0","0","0","1","0","0","0","0","0","0","0","0","kip_sequential_soa_profile.exe","std::vector<unsigned char,std::allocator<unsigned char> >::operator[]","vector","0x1400264c2"
"func@0x1403e13a0","0","0","537600","0","0","0","1","0","0","0","0","0","0","0","0","ntoskrnl.exe","func@0x1403e13a0","[Unknown]","0x1403e13a0"
"func@0x140141900","0","268800","537600","0.5","0","0","1","0","0","0","0","0","0","0","","ntfs.sys","func@0x140141900","[Unknown]","0x140141900"
"func@0x140010520","0","537600","0","","0","0","1","0","0","0","0","0","0","0","","ntfs.sys","func@0x140010520","[Unknown]","0x140010520"
"func@0x14015ea50","0","268800","0","","0","0","1","0","0","0","0","0","0","0","","ntfs.sys","func@0x14015ea50","[Unknown]","0x14015ea50"
"ExAcquireSpinLockExclusiveAtDpcLevel","0","806400","537600","1.5","0","0","0","1","0","0","0","0","0","0","","ntoskrnl.exe","ExAcquireSpinLockExclusiveAtDpcLevel","[Unknown]","0x14032ecd0"
"func@0x140055b00","0","268800","0","","0","0","1","0","0","0","0","0","0","0","","ntfs.sys","func@0x140055b00","[Unknown]","0x140055b00"
"func@0x1800465e6","0","268800","0","","0","0","1","0","0","0","0","0","0","0","","ntdll.dll","func@0x1800465e6","[Unknown]","0x1800465e6"
"func@0x140012300","0","0","537600","0","0","0","1","0","0","0","0","0","0","0","0","ntfs.sys","func@0x140012300","[Unknown]","0x140012300"
"func@0x1400081ec","0","0","0","0","0","0","1","0","0","0","0","0","0","0","0","ntfs.sys","func@0x1400081ec","[Unknown]","0x1400081ec"
"func@0x1409892a0","0","268800","0","","0","0","1","0","0","0","0","0","0","0","","ntoskrnl.exe","func@0x1409892a0","[Unknown]","0x1409892a0"
"func@0x140150d20","0","268800","1612800","0.166667","0","0","1","0","0","0","0","0","0","0","","ntfs.sys","func@0x140150d20","[Unknown]","0x140150d20"
"NtCreateEvent","0","0","0","0","0","0","1","0","0","0","0","0","0","0","0","ntdll.dll","NtCreateEvent","[Unknown]","0x180160c70"
"func@0x140209ee0","0","0","0","0","0","0","1","0","0","0","0","0","0","0","0","ntoskrnl.exe","func@0x140209ee0","[Unknown]","0x140209ee0"
"func@0x18002c3b0","0","268800","0","","0","0","1","0","0","0","0","0","0","0","","ntdll.dll","func@0x18002c3b0","[Unknown]","0x18002c3b0"
"func@0x140320594","0","268800","0","","0","0","1","0","0","0","0","0","0","0","","ntoskrnl.exe","func@0x140320594","[Unknown]","0x140320594"
"func@0x1800bd9ab","0","537600","2688000","0.2","","0","","0","0","0","0","0","0","0","","ntdll.dll","func@0x1800bd9ab","[Unknown]","0x1800bd9ab"
"stbi__build_huffman","0","268800","0","","0","0","1","0","0","0","0","0","0","0","","kip_sequential_soa_profile.exe","stbi__build_huffman(struct stbi__huffman *, int *)","stb_image.h","0x140020e60"
"func@0x1400155e0","0","0","0","0","0","","","0","0","0","0","0","0","0","0","ntfs.sys","func@0x1400155e0","[Unknown]","0x1400155e0"
"func@0x14000beba","0","268800","0","","0","0","1","0","0","0","0","0","0","0","","ntfs.sys","func@0x14000beba","[Unknown]","0x14000beba"
"func@0x140013742","0","0","0","0","0","0","1","0","0","0","0","0","0","0","0","ntfs.sys","func@0x140013742","[Unknown]","0x140013742"
"func@0x1402534f0","0","268800","0","","0","0","1","0","0","0","0","0","0","0","","ntfs.sys","func@0x1402534f0","[Unknown]","0x1402534f0"
"func@0x140013230","0","0","537600","0","0","0","1","0","0","0","0","0","0","0","0","ntfs.sys","func@0x140013230","[Unknown]","0x140013230"
"func@0x140386f98","0","0","1075200","0","0","","","0","0","0","0","0","0","0","0","ntoskrnl.exe","func@0x140386f98","[Unknown]","0x140386f98"
"func@0x14003f784","0","0","0","0","0","0","1","0","0","0","0","0","0","0","0","ntfs.sys","func@0x14003f784","[Unknown]","0x14003f784"
"func@0x140250bb0","0","0","0","0","0","0","1","0","0","0","0","0","0","0","0","ntfs.sys","func@0x140250bb0","[Unknown]","0x140250bb0"
"func@0x1405ea6ef","0","268800","0","","0","0","1","0","0","0","0","0","0","0","","atc.sys","func@0x1405ea6ef","[Unknown]","0x1405ea6ef"
"NtProtectVirtualMemory","0","0","0","0","0","0","1","0","0","0","0","0","0","0","0","ntdll.dll","NtProtectVirtualMemory","[Unknown]","0x180160d70"
"func@0x18002cd6c","0","0","0","0","0","0","1","0","0","0","0","0","0","0","0","ntdll.dll","func@0x18002cd6c","[Unknown]","0x18002cd6c"
"func@0x140384300","0","0","0","0","0","","","0","0","0","0","0","0","0","0","atc.sys","func@0x140384300","[Unknown]","0x140384300"
"func@0x1402d9820","0","0","0","0","0","0","1","0","0","0","0","0","0","0","0","atc.sys","func@0x1402d9820","[Unknown]","0x1402d9820"
"func@0x1405a8600","0","268800","0","","0","0","1","0","0","0","0","0","0","0","","atc.sys","func@0x1405a8600","[Unknown]","0x1405a8600"
"stbi__jpeg_get_bits","0","268800","0","","0","0","1","0","0","0","0","0","0","0","","kip_sequential_soa_profile.exe","stbi__jpeg_get_bits","stb_image.h","0x140012dfc"
"func@0x14047f460","0","0","0","0","","0","","0","0","0","0","0","0","0","0","atc.sys","func@0x14047f460","[Unknown]","0x14047f460"
"func@0x1405ef760","0","0","0","0","0","0","1","0","0","0","0","0","0","0","0","atc.sys","func@0x1405ef760","[Unknown]","0x1405ef760"
"wcsrchr","0","0","0","0","0","0","1","0","0","0","0","0","0","0","0","ntdll.dll","wcsrchr","[Unknown]","0x180125e50"
"func@0x1401c08a8","0","268800","0","","0","0","1","0","0","0","0","0","0","0","","atc.sys","func@0x1401c08a8","[Unknown]","0x1401c08a8"
"RtlCopyMemory","0","0","537600","0","0","0","1","0","0","0","0","0","0","0","0","ntdll.dll","RtlCopyMemory","[Unknown]","0x180165ac0"
"func@0x1401416a0","0","0","0","0","0","0","1","0","0","0","0","0","0","0","0","atc.sys","func@0x1401416a0","[Unknown]","0x1401416a0"
"func@0x140380940","0","268800","0","","0","0","1","0","0","0","0","0","0","0","","atc.sys","func@0x140380940","[Unknown]","0x140380940"
"func@0x180134552","0","0","0","0","0","0","1","0","0","0","0","0","0","0","0","ntdll.dll","func@0x180134552","[Unknown]","0x180134552"
"func@0x140069d10","0","268800","0","","0","0","1","0","0","0","0","0","0","0","","atc.sys","func@0x140069d10","[Unknown]","0x140069d10"
"func@0x14047f380","0","0","0","0","0","0","1","0","0","0","0","0","0","0","0","atc.sys","func@0x14047f380","[Unknown]","0x14047f380"
"func@0x1800049fc","0","268800","0","","0","0","1","0","0","0","0","0","0","0","","ntdll.dll","func@0x1800049fc","[Unknown]","0x1800049fc"
"func@0x14037efc0","0","268800","0","","0","0","1","0","0","0","0","0","0","0","","atc.sys","func@0x14037efc0","[Unknown]","0x14037efc0"
"func@0x1403e95c0","0","268800","0","","0","0","1","0","0","0","0","0","0","0","","atc.sys","func@0x1403e95c0","[Unknown]","0x1403e95c0"
"func@0x180127148","0","0","537600","0","0","0","1","0","0","0","0","0","0","0","0","ntdll.dll","func@0x180127148","[Unknown]","0x180127148"
"func@0x1402d5210","0","268800","0","","0","0","1","0","0","0","0","0","0","0","","atc.sys","func@0x1402d5210","[Unknown]","0x1402d5210"
"func@0x18006db10","0","537600","0","","0","0","1","0","0","0","0","0","0","0","","ntdll.dll","func@0x18006db10","[Unknown]","0x18006db10"
"func@0x140405760","0","537600","537600","1","0","0","1","0","0","0","0","0","0","0","","atc.sys","func@0x140405760","[Unknown]","0x140405760"
"func@0x18000fc70","0","0","0","0","0","0","1","0","0","0","0","0","0","0","0","ntdll.dll","func@0x18000fc70","[Unknown]","0x18000fc70"
"func@0x1401693d0","0","268800","537600","0.5","0","0","1","0","0","0","0","0","0","0","","ntfs.sys","func@0x1401693d0","[Unknown]","0x1401693d0"
"func@0x1401c2860","0","268800","0","","0","0","1","0","0","0","0","0","0","0","","atc.sys","func@0x1401c2860","[Unknown]","0x1401c2860"
"func@0x1402462e0","0","268800","0","","0","0","1","0","0","0","0","0","0","0","","atc.sys","func@0x1402462e0","[Unknown]","0x1402462e0"
"func@0x14047f240","0","0","537600","0","0","0","1","0","0","0","0","0","0","0","0","atc.sys","func@0x14047f240","[Unknown]","0x14047f240"
"func@0x1405f4640","0","0","0","0","0","0","1","0","0","0","0","0","0","0","0","atc.sys","func@0x1405f4640","[Unknown]","0x1405f4640"
"func@0x1402e4ae0","0","268800","0","","0","0","1","0","0","0","0","0","0","0","","atc.sys","func@0x1402e4ae0","[Unknown]","0x1402e4ae0"
"func@0x1401950c0","0","0","0","0","0","0","1","0","0","0","0","0","0","0","0","atc.sys","func@0x1401950c0","[Unknown]","0x1401950c0"
"func@0x1402e40e0","0","0","0","0","0","0","1","0","0","0","0","0","0","0","0","atc.sys","func@0x1402e40e0","[Unknown]","0x1402e40e0"
"func@0x14040ede0","0","0","0","0","0","0","1","0","0","0","0","0","0","0","0","atc.sys","func@0x14040ede0","[Unknown]","0x14040ede0"
"func@0x1401959e0","0","0","0","0","0","0","1","0","0","0","0","0","0","0","0","atc.sys","func@0x1401959e0","[Unknown]","0x1401959e0"
"func@0x1402e6c80","0","0","537600","0","0","0","1","0","0","0","0","0","0","0","0","atc.sys","func@0x1402e6c80","[Unknown]","0x1402e6c80"
"NtGetNlsSectionPtr","0","268800","0","","0","0","1","0","0","0","0","0","0","0","","ntdll.dll","NtGetNlsSectionPtr","[Unknown]","0x1801623a0"
"func@0x1402d78a0","0","268800","0","","0","0","1","0","0","0","0","0","0","0","","atc.sys","func@0x1402d78a0","[Unknown]","0x1402d78a0"
"func@0x14000b3e0","0","268800","537600","0.5","0","0","1","0","0","0","0","0","0","0","","ntfs.sys","func@0x14000b3e0","[Unknown]","0x14000b3e0"
"func@0x140380c60","0","268800","0","","0","0","1","0","0","0","0","0","0","0","","atc.sys","func@0x140380c60","[Unknown]","0x140380c60"
"func@0x1405f07c0","0","537600","537600","1","0","0","1","0","0","0","0","0","0","0","","atc.sys","func@0x1405f07c0","[Unknown]","0x1405f07c0"
"func@0x140320e00","0","268800","0","","0","0","1","0","0","0","0","0","0","0","","atc.sys","func@0x140320e00","[Unknown]","0x140320e00"
"func@0x1402e51c0","0","0","0","0","0","0","1","0","0","0","0","0","0","0","0","atc.sys","func@0x1402e51c0","[Unknown]","0x1402e51c0"
"func@0x1402f8e80","0","0","0","0","0","0","1","0","0","0","0","0","0","0","0","atc.sys","func@0x1402f8e80","[Unknown]","0x1402f8e80"
"func@0x14047f600","0","268800","0","","0","0","1","0","0","0","0","0","0","0","","atc.sys","func@0x14047f600","[Unknown]","0x14047f600"
"func@0x1405a8160","0","0","0","0","0","","","0","0","0","0","0","0","0","0","atc.sys","func@0x1405a8160","[Unknown]","0x1405a8160"
"func@0x1405fb220","0","268800","0","","0","0","1","0","0","0","0","0","0","0","","atc.sys","func@0x1405fb220","[Unknown]","0x1405fb220"
"func@0x1405ea833","0","268800","0","","0","0","1","0","0","0","0","0","0","0","","atc.sys","func@0x1405ea833","[Unknown]","0x1405ea833"
"func@0x14047da10","0","268800","0","","0","0","1","0","0","0","0","0","0","0","","atc.sys","func@0x14047da10","[Unknown]","0x14047da10"
"func@0x140380060","0","0","537600","0","0","0","1","0","0","0","0","0","0","0","0","atc.sys","func@0x140380060","[Unknown]","0x140380060"
"func@0x180039365","0","268800","0","","0","0","1","0","0","0","0","0","0","0","","ntdll.dll","func@0x180039365","[Unknown]","0x180039365"
"func@0x1402ef600","0","0","0","0","0","0","1","0","0","0","0","0","0","0","0","atc.sys","func@0x1402ef600","[Unknown]","0x1402ef600"
"func@0x140188a60","0","0","537600","0","0","","","0","0","0","0","0","0","0","0","ntfs.sys","func@0x140188a60","[Unknown]","0x140188a60"
"stbi__build_fast_ac","0","0","537600","0","0","0","1","0","0","0","0","0","0","0","0","kip_sequential_soa_profile.exe","stbi__build_fast_ac","stb_image.h","0x140020220"
"func@0x140164850","0","268800","0","","0","","","0","0","0","0","0","0","0","","ntfs.sys","func@0x140164850","[Unknown]","0x140164850"
"func@0x1405eefa0","0","268800","0","","0","0","1","0","0","0","0","0","0","0","","atc.sys","func@0x1405eefa0","[Unknown]","0x1405eefa0"
"RtlDowncaseUnicodeString","0","0","537600","0","0","0","1","0","0","0","0","0","0","0","0","ntdll.dll","RtlDowncaseUnicodeString","[Unknown]","0x1800d77e0"
"func@0x140a13530","0","0","537600","0","0","0","1","0","0","0","0","0","0","0","0","ntoskrnl.exe","func@0x140a13530","[Unknown]","0x140a13530"
"func@0x140298d30","0","268800","1075200","0.25","0","","","0","0","0","0","0","0","0","","ntoskrnl.exe","func@0x140298d30","[Unknown]","0x140298d30"
"RtlAcquireSRWLockShared","0","537600","537600","1","0","0","1","0","0","0","0","0","0","0","","ntdll.dll","RtlAcquireSRWLockShared","[Unknown]","0x18003cc20"
"func@0x1402c6f68","0","0","0","0","0","0","1","0","0","0","0","0","0","0","0","ntoskrnl.exe","func@0x1402c6f68","[Unknown]","0x1402c6f68"
"func@0x1401c3a40","0","537600","0","","0","0","1","0","0","0","0","0","0","0","","atc.sys","func@0x1401c3a40","[Unknown]","0x1401c3a40"
"func@0x1402e5220","0","806400","0","","0","","","0","0","0","0","0","0","0","","atc.sys","func@0x1402e5220","[Unknown]","0x1402e5220"
"func@0x18008f820","0","0","0","0","0","0","1","0","0","0","0","0","0","0","0","ntdll.dll","func@0x18008f820","[Unknown]","0x18008f820"
"func@0x1405f07a0","0","0","537600","0","0","0","1","0","0","0","0","0","0","0","0","atc.sys","func@0x1405f07a0","[Unknown]","0x1405f07a0"
"func@0x1401c37c0","0","537600","0","","0","0","1","0","0","0","0","0","0","0","","atc.sys","func@0x1401c37c0","[Unknown]","0x1401c37c0"
"func@0x1401f20a0","0","268800","0","","0","0","1","0","0","0","0","0","0","0","","atc.sys","func@0x1401f20a0","[Unknown]","0x1401f20a0"
"func@0x140410ac4","0","268800","0","","0","0","1","0","0","0","0","0","0","0","","atc.sys","func@0x140410ac4","[Unknown]","0x140410ac4"
"func@0x140415260","0","268800","0","","0","0","1","0","0","0","0","0","0","0","","atc.sys","func@0x140415260","[Unknown]","0x140415260"
"func@0x14002ea30","0","0","0","0","0","0","1","0","0","0","0","0","0","0","0","ntfs.sys","func@0x14002ea30","[Unknown]","0x14002ea30"
"func@0x180002bc4","0","268800","0","","0","0","1","0","0","0","0","0","0","0","","ntdll.dll","func@0x180002bc4","[Unknown]","0x180002bc4"
"func@0x1405ea707","0","0","0","0","0","","","0","0","0","0","0","0","0","0","atc.sys","func@0x1405ea707","[Unknown]","0x1405ea707"
"func@0x140140500","0","0","537600","0","0","0","1","0","0","0","0","0","0","0","0","ntfs.sys","func@0x140140500","[Unknown]","0x140140500"
"func@0x1402d705f","0","0","0","0","0","0","1","0","0","0","0","0","0","0","0","atc.sys","func@0x1402d705f","[Unknown]","0x1402d705f"
"func@0x14026c660","0","268800","1612800","0.166667","0","0.1","0.9","0","0","0","0","0","0","0","","atc.sys","func@0x14026c660","[Unknown]","0x14026c660"
"func@0x1403ba800","0","0","0","0","0","0","1","0","0","0","0","0","0","0","0","atc.sys","func@0x1403ba800","[Unknown]","0x1403ba800"
"func@0x14013019b","0","268800","0","","0","0","1","0","0","0","0","0","0","0","","ntfs.sys","func@0x14013019b","[Unknown]","0x14013019b"
"func@0x1401958c0","0","806400","537600","1.5","0","0","1","0","0","0","0","0","0","0","","atc.sys","func@0x1401958c0","[Unknown]","0x1401958c0"
"func@0x140137f20","0","268800","0","","0","0","1","0","0","0","0","0","0","0","","atc.sys","func@0x140137f20","[Unknown]","0x140137f20"
"func@0x14040fc80","0","0","0","0","","0","","0","0","0","0","0","0","0","0","atc.sys","func@0x14040fc80","[Unknown]","0x14040fc80"
"func@0x140253460","0","0","0","0","0","0","1","0","0","0","0","0","0","0","0","atc.sys","func@0x140253460","[Unknown]","0x140253460"
"func@0x140415740","0","268800","0","","","","","0","0","0","0","0","0","0","","atc.sys","func@0x140415740","[Unknown]","0x140415740"
"RtlRestoreLastWin32Error","0","0","0","0","0","","","0","0","0","0","0","0","0","0","ntdll.dll","RtlRestoreLastWin32Error","[Unknown]","0x180048fd0"
"func@0x1400f5280","0","268800","0","","0","0","1","0","0","0","0","0","0","0","","atc.sys","func@0x1400f5280","[Unknown]","0x1400f5280"
"func@0x1403f3500","0","0","537600","0","0","0","1","0","0","0","0","0","0","0","0","atc.sys","func@0x1403f3500","[Unknown]","0x1403f3500"
"wcsicmp","0","0","537600","0","0","0","1","0","0","0","0","0","0","0","0","ntdll.dll","wcsicmp","[Unknown]","0x180120e70"
"func@0x140414f80","0","537600","0","","0","0","1","0","0","0","0","0","0","0","","atc.sys","func@0x140414f80","[Unknown]","0x140414f80"
"stbi__refill_buffer","0","537600","0","","0","0","1","0","0","0","0","0","0","0","","kip_sequential_soa_profile.exe","stbi__refill_buffer","stb_image.h","0x140021b41"
"NtQueryVolumeInformationFile","0","0","0","0","0","0","1","0","0","0","0","0","0","0","0","ntdll.dll","NtQueryVolumeInformationFile","[Unknown]","0x180160c90"
"func@0x14018b8a0","0","268800","0","","0","0","1","0","0","0","0","0","0","0","","ntfs.sys","func@0x14018b8a0","[Unknown]","0x14018b8a0"
"func@0x140015900","0","268800","0","","0","0","1","0","0","0","0","0","0","0","","ntfs.sys","func@0x140015900","[Unknown]","0x140015900"
"func@0x140382740","0","537600","0","","0","0","1","0","0","0","0","0","0","0","","atc.sys","func@0x140382740","[Unknown]","0x140382740"
"func@0x140233010","0","0","0","0","0","0","1","0","0","0","0","0","0","0","0","ntoskrnl.exe","func@0x140233010","[Unknown]","0x140233010"
"func@0x1401c27a0","0","268800","0","","0","0","1","0","0","0","0","0","0","0","","atc.sys","func@0x1401c27a0","[Unknown]","0x1401c27a0"
"std::vector<unsigned char,std::allocator<unsigned char> >::operator[]","0","268800","0","","0","0","1","0","0","0","0","0","0","0","","kip_sequential_soa_profile.exe","std::vector<unsigned char,std::allocator<unsigned char> >::operator[]","vector","0x14002660d"
"func@0x14047f440","0","268800","0","","0","0","1","0","0","0","0","0","0","0","","atc.sys","func@0x14047f440","[Unknown]","0x14047f440"
"std::vector<unsigned char,std::allocator<unsigned char> >::vector","0","268800","0","","0","0","1","0","0","0","0","0","0","0","","kip_sequential_soa_profile.exe","std::vector<unsigned char,std::allocator<unsigned char> >::vector","vector","0x14000e3ba"
"std::vector<unsigned char,std::allocator<unsigned char> >::operator[]","0","0","0","0","0","0","1","0","0","0","0","0","0","0","0","kip_sequential_soa_profile.exe","std::vector<unsigned char,std::allocator<unsigned char> >::operator[]","vector","0x140026727"
"func@0x140224780","0","268800","0","","0","0","1","0","0","0","0","0","0","0","","ntoskrnl.exe","func@0x140224780","[Unknown]","0x140224780"
"func@0x140144a60","0","0","537600","0","0","0","1","0","0","0","0","0","0","0","0","atc.sys","func@0x140144a60","[Unknown]","0x140144a60"
"func@0x140320740","0","268800","0","","0","0","1","0","0","0","0","0","0","0","","atc.sys","func@0x140320740","[Unknown]","0x140320740"
"func@0x1402de8e0","0","268800","0","","0","0","1","0","0","0","0","0","0","0","","atc.sys","func@0x1402de8e0","[Unknown]","0x1402de8e0"
"func@0x140320ee0","0","806400","1075200","0.75","0","0","1","0","0","0","0","0","0","0","","atc.sys","func@0x140320ee0","[Unknown]","0x140320ee0"
"std::operator<<<struct std::char_traits<char> >","0","268800","0","","0","0","1","0","0","0","0","0","0","0","","kip_sequential_soa_profile.exe","std::operator<<<struct std::char_traits<char> >(class std::basic_ostream<char,struct std::char_traits<char> > &,char const *)","__msvc_ostream.hpp","0x140002340"
"func@0x1405f0380","0","0","537600","0","0","0","1","0","0","0","0","0","0","0","0","atc.sys","func@0x1405f0380","[Unknown]","0x1405f0380"
"func@0x1405ee9e0","0","537600","0","","0","0","1","0","0","0","0","0","0","0","","atc.sys","func@0x1405ee9e0","[Unknown]","0x1405ee9e0"
"std::vector<unsigned char,std::allocator<unsigned char> >::operator[]","0","0","537600","0","0","0","1","0","0","0","0","0","0","0","0","kip_sequential_soa_profile.exe","std::vector<unsigned char,std::allocator<unsigned char> >::operator[]","vector","0x140026730"
"stbi__get8","0","268800","1075200","0.25","0","0","1","0","0","0","0","0","0","0","","kip_sequential_soa_profile.exe","stbi__get8","stb_image.h","0x140021b9f"
"func@0x1404614e0","0","0","0","0","0","0","1","0","0","0","0","0","0","0","0","atc.sys","func@0x1404614e0","[Unknown]","0x1404614e0"
"std::vector<unsigned char,std::allocator<unsigned char> >::operator[]","0","0","537600","0","0","0","1","0","0","0","0","0","0","0","0","kip_sequential_soa_profile.exe","std::vector<unsigned char,std::allocator<unsigned char> >::operator[]","vector","0x14002667e"
"func@0x1404606c0","0","268800","0","","0","0","1","0","0","0","0","0","0","0","","atc.sys","func@0x1404606c0","[Unknown]","0x1404606c0"
"std::vector<unsigned char,std::allocator<unsigned char> >::operator[]","0","0","0","0","0","0","1","0","0","0","0","0","0","0","0","kip_sequential_soa_profile.exe","std::vector<unsigned char,std::allocator<unsigned char> >::operator[]","vector","0x140026686"
"std::vector<unsigned char,std::allocator<unsigned char> >::operator[]","0","0","0","0","0","0","1","0","0","0","0","0","0","0","0","kip_sequential_soa_profile.exe","std::vector<unsigned char,std::allocator<unsigned char> >::operator[]","vector","0x14002668f"
"func@0x140416040","0","268800","0","","0","0","1","0","0","0","0","0","0","0","","atc.sys","func@0x140416040","[Unknown]","0x140416040"
"func@0x1403f3380","0","537600","0","","0","0","1","0","0","0","0","0","0","0","","atc.sys","func@0x1403f3380","[Unknown]","0x1403f3380"
"operator new","0","268800","0","","0","0","1","0","0","0","0","0","0","0","","kip_sequential_soa_profile.exe","operator new(unsigned __int64)","new_scalar.cpp","0x140027790"
"func@0x14047ca00","0","806400","0","","0","","","0","0","0","0","0","0","0","","atc.sys","func@0x14047ca00","[Unknown]","0x14047ca00"
"func@0x1403ee5c0","0","268800","0","","0","0","1","0","0","0","0","0","0","0","","atc.sys","func@0x1403ee5c0","[Unknown]","0x1403ee5c0"
"stbiw__putc","0","537600","3225600","0.166667","0.2","0","0.8","0","0","0","0","0","0","0","","kip_sequential_soa_profile.exe","stbiw__putc","stb_image_write.h","0x140024ae3"
"stbiw__putc","0","0","0","0","0","0","1","0","0","0","0","0","0","0","0","kip_sequential_soa_profile.exe","stbiw__putc","stb_image_write.h","0x1400248f6"
"stbiw__jpg_writeBits","0","806400","2150400","0.375","0","","","0","0","0","0","0","0","0","","kip_sequential_soa_profile.exe","stbiw__jpg_writeBits","stb_image_write.h","0x140024afb"
"func@0x140357ee0","0","268800","0","","0","0","1","0","0","0","0","0","0","0","","ntoskrnl.exe","func@0x140357ee0","[Unknown]","0x140357ee0"
"func@0x1405efc70","0","0","0","0","0","","","0","0","0","0","0","0","0","0","atc.sys","func@0x1405efc70","[Unknown]","0x1405efc70"
"func@0x1405f06a0","0","268800","0","","0","0","1","0","0","0","0","0","0","0","","atc.sys","func@0x1405f06a0","[Unknown]","0x1405f06a0"
"func@0x140415580","0","0","0","0","0","0","1","0","0","0","0","0","0","0","0","atc.sys","func@0x140415580","[Unknown]","0x140415580"
"func@0x1405ea701","0","268800","0","","0","0","1","0","0","0","0","0","0","0","","atc.sys","func@0x1405ea701","[Unknown]","0x1405ea701"
"func@0x140382920","0","268800","0","","0","0","1","0","0","0","0","0","0","0","","atc.sys","func@0x140382920","[Unknown]","0x140382920"
"func@0x1402d90bc","0","268800","0","","0","0","1","0","0","0","0","0","0","0","","ntoskrnl.exe","func@0x1402d90bc","[Unknown]","0x1402d90bc"
