"Function / Call Stack","CPU Time","Instructions Retired","Microarchitecture Usage","Module","Function (Full)","Source File","Start Address"
"ImageProcessing::convolution","9.38486","167779046400","0.667455","kip_sequential_soa_profile.exe","ImageProcessing::convolution(class Image const &,class Kernel const &)","ImageProcessing.cpp","0x140025a90"
" [Unknown]","9.38486","167779046400","0.667455","[Unknown]","[Unknown]","[Unknown]","[Unknown]"
"stbiw__jpg_processDU","0.278199","1372761600","","kip_sequential_soa_profile.exe","stbiw__jpg_processDU(struct stbi__write_context *, int *, int *, float *, int, float *, int, unsigned short[2] *, unsigned short[2] *)","stb_image_write.h","0x140023f40"
"stbi__jpeg_decode_block_prog_ac","0.197699","1087833600","0.201668","kip_sequential_soa_profile.exe","stbi__jpeg_decode_block_prog_ac","stb_image.h","0x140012af5"
"stbi_write_jpg_core","0.0696997","1091328000","0.562089","kip_sequential_soa_profile.exe","stbi_write_jpg_core(struct stbi__write_context *, int, int, int, const void *, int)","stb_image_write.h","0x14000cb90"
"RtlLeaveCriticalSection","0.0695997","867417600","0.379614","ntdll.dll","RtlLeaveCriticalSection","[Unknown]","0x1800413f0"
"RtlEnterCriticalSection","0.0620997","855590400","","ntdll.dll","RtlEnterCriticalSection","[Unknown]","0x1800412f0"
"stbi__YCbCr_to_RGB_simd","0.0492998","1008000000","0.63652","kip_sequential_soa_profile.exe","stbi__YCbCr_to_RGB_simd(unsigned char *, const unsigned char *, const unsigned char *, const unsigned char *, int, int)","stb_image.h","0x14001f570"
"func@0x18001cb40","0.0491998","46233600","0.0623912","vcruntime140.dll","func@0x18001cb40","[Unknown]","0x18001cb40"
"stbi__jpeg_huff_decode","0.0411998","168000000","","kip_sequential_soa_profile.exe","stbi__jpeg_huff_decode","stb_image.h","0x140012ce3"
"stbiw__jpg_DCT","0.0370998","580339200","0.57994","kip_sequential_soa_profile.exe","stbiw__jpg_DCT","stb_image_write.h","0x140024010"
"func@0x18001e560","0.0341999","4300800","0.0394412","vcruntime140.dll","func@0x18001e560","[Unknown]","0x18001e560"
"getChannelAsUint8","0.0279999","442444800","0.373417","kip_sequential_soa_profile.exe","getChannelAsUint8","ImageProcessing.cpp","0x140026022"
"stbi__grow_buffer_unsafe","0.0232999","109939200","0.162897","kip_sequential_soa_profile.exe","stbi__grow_buffer_unsafe(struct stbi__jpeg *)","stb_image.h","0x140021ae0"
"func@0x18001b950","0.0225999","91392000","0.347545","ucrtbase.dll","func@0x18001b950","[Unknown]","0x18001b950"
"stbi__jpeg_get_bit","0.0221999","84940800","0.129887","kip_sequential_soa_profile.exe","stbi__jpeg_get_bit","stb_image.h","0x140012edd"
"fwrite","0.0203999","161280000","0.361801","ucrtbase.dll","fwrite","[Unknown]","0x18001b760"
"STBImageReader::loadRGBImage","0.0187999","358041600","0.622987","kip_sequential_soa_profile.exe","STBImageReader::loadRGBImage(class std::filesystem::path const &)","STBImageReader.cpp","0x14000e300"
"stbi__idct_simd","0.0174999","238156800","0.542241","kip_sequential_soa_profile.exe","stbi__idct_simd(unsigned char *, int, short *)","stb_image.h","0x14001ed60"
"stbiw__jpg_writeBits","0.0169999","130099200","0.365451","kip_sequential_soa_profile.exe","stbiw__jpg_writeBits","stb_image_write.h","0x140024939"
"getChannelAsUint8","0.0146999","313958400","","kip_sequential_soa_profile.exe","getChannelAsUint8","ImageProcessing.cpp","0x140026053"
"std::vector<unsigned char,std::allocator<unsigned char> >::operator[]","0.0137999","405619200","0.470865","kip_sequential_soa_profile.exe","std::vector<unsigned char,std::allocator<unsigned char> >::operator[]","vector","0x14002604b"
"STBImageReader::saveJPGImage","0.0134999","289766400","0.771205","kip_sequential_soa_profile.exe","STBImageReader::saveJPGImage(class Image const &,class std::filesystem::path const &)","STBImageReader.cpp","0x14000e7e0"
"stbiw__jpg_DCT","0.0134999","165580800","0.499232","kip_sequential_soa_profile.exe","stbiw__jpg_DCT","stb_image_write.h","0x14002416b"
"stbiw__jpg_calcBits","0.0133999","120691200","0.469767","kip_sequential_soa_profile.exe","stbiw__jpg_calcBits","stb_image_write.h","0x140024930"
"getChannelAsUint8","0.0130999","118540800","0.408768","kip_sequential_soa_profile.exe","getChannelAsUint8","ImageProcessing.cpp","0x140025fda"
"func@0x18001b850","0.0128999","145689600","0.436031","ucrtbase.dll","func@0x18001b850","[Unknown]","0x18001b850"
"func@0x1406bb5ae","0.0120999","10214400","0.0909091","ntoskrnl.exe","func@0x1406bb5ae","[Unknown]","0x1406bb5ae"
"func@0x14024aa70","0.0119999","100531200","0.29881","ntoskrnl.exe","func@0x14024aa70","[Unknown]","0x14024aa70"
"func@0x18001b8a0","0.011","179558400","0.669598","ucrtbase.dll","func@0x18001b8a0","[Unknown]","0x18001b8a0"
"stbiw__jpg_writeBits","0.0101","113433600","0.451389","kip_sequential_soa_profile.exe","stbiw__jpg_writeBits","stb_image_write.h","0x140024800"
"ImageProcessing::extendEdge","0.00869996","158592000","0.717241","kip_sequential_soa_profile.exe","ImageProcessing::extendEdge(class Image const &,unsigned int)","ImageProcessing.cpp","0x140026280"
"func@0x140307a70","0.00849996","15590400","0.101732","ntoskrnl.exe","func@0x140307a70","[Unknown]","0x140307a70"
"func@0x18000bf20","0.00809997","179020800","0.808594","ucrtbase.dll","func@0x18000bf20","[Unknown]","0x18000bf20"
"stbi__parse_entropy_coded_data","0.00679997","81984000","0.417397","kip_sequential_soa_profile.exe","stbi__parse_entropy_coded_data","stb_image.h","0x1400129c4"
"stbi__jpeg_decode_block_prog_dc","0.00659997","27955200","0.189904","kip_sequential_soa_profile.exe","stbi__jpeg_decode_block_prog_dc(struct stbi__jpeg *, short *, struct stbi__huffman *, int)","stb_image.h","0x140021c90"
"stbi__jpeg_get_bit","0.00619997","30643200","0.205729","kip_sequential_soa_profile.exe","stbi__jpeg_get_bit","stb_image.h","0x140012e4e"
"func@0x140344510","0.00579998","23654400","0.128019","ntoskrnl.exe","func@0x140344510","[Unknown]","0x140344510"
"stbi__resample_row_hv_2_simd","0.00569998","120422400","0.698565","kip_sequential_soa_profile.exe","stbi__resample_row_hv_2_simd(unsigned char *, unsigned char *, unsigned char *, int, int)","stb_image.h","0x14001f7d0"
"memcpy","0.00519998","8064000","","ucrtbase.dll","memcpy","[Unknown]","0x1800ee2d0"
"std::vector<unsigned char,std::allocator<unsigned char> >::operator[]","0.00509998","108057600","0.75","kip_sequential_soa_profile.exe","std::vector<unsigned char,std::allocator<unsigned char> >::operator[]","vector","0x1400264e8"
"std::vector<unsigned char,std::allocator<unsigned char> >::operator[]","0.00509998","145152000","0.919192","kip_sequential_soa_profile.exe","std::vector<unsigned char,std::allocator<unsigned char> >::operator[]","vector","0x140025f22"
"stbi__jpeg_huff_decode","0.00509998","45696000","0.281964","kip_sequential_soa_profile.exe","stbi__jpeg_huff_decode","stb_image.h","0x140013011"
"stbiw__jpg_writeBits","0.00499998","17740800","0.156069","kip_sequential_soa_profile.exe","stbiw__jpg_writeBits","stb_image_write.h","0x1400245f1"
"stbi__stdio_write","0.00459998","38169600","0.376543","kip_sequential_soa_profile.exe","stbi__stdio_write(void *, void *, int)","stb_image_write.h","0x140023ef0"
"func@0x140201850","0.00459998","74726400","0.613014","ntoskrnl.exe","func@0x140201850","[Unknown]","0x140201850"
"func@0x1800413b9","0.00429998","106444800","0.421384","ntdll.dll","func@0x1800413b9","[Unknown]","0x1800413b9"
"func@0x14028dde0","0.00419998","29568000","0.260606","ntoskrnl.exe","func@0x14028dde0","[Unknown]","0x14028dde0"
"func@0x14030f65d","0.00379998","10752000","0.252903","ntoskrnl.exe","func@0x14030f65d","[Unknown]","0x14030f65d"
"stbi__get8","0.00379998","16665600","0.185212","kip_sequential_soa_profile.exe","stbi__get8","stb_image.h","0x140021b25"
"std::vector<unsigned char,std::allocator<unsigned char> >::operator[]","0.00379998","84403200","0.75969","kip_sequential_soa_profile.exe","std::vector<unsigned char,std::allocator<unsigned char> >::operator[]","vector","0x14000e914"
"std::vector<unsigned char,std::allocator<unsigned char> >::operator[]","0.00379998","46233600","0.240157","kip_sequential_soa_profile.exe","std::vector<unsigned char,std::allocator<unsigned char> >::operator[]","vector","0x14002601a"
"func@0x1403441f5","0.00369998","15590400","0.173228","ntoskrnl.exe","func@0x1403441f5","[Unknown]","0x1403441f5"
"func@0x1406b4c60","0.00329999","10752000","0.142857","ntoskrnl.exe","func@0x1406b4c60","[Unknown]","0x1406b4c60"
"func@0x18001bcc0","0.00319999","65587200","0.762987","ucrtbase.dll","func@0x18001bcc0","[Unknown]","0x18001bcc0"
"func@0x18004152e","0.00289999","68275200","0.771845","ntdll.dll","func@0x18004152e","[Unknown]","0x18004152e"
"std::vector<unsigned char,std::allocator<unsigned char> >::operator[]","0.00289999","65587200","0.681481","kip_sequential_soa_profile.exe","std::vector<unsigned char,std::allocator<unsigned char> >::operator[]","vector","0x1400264ce"
"func@0x1400010e0","0.00279999","1075200","0.0185185","intelppm.sys","func@0x1400010e0","[Unknown]","0x1400010e0"
"std::vector<unsigned char,std::allocator<unsigned char> >::operator[]","0.00259999","56985600","0.647619","kip_sequential_soa_profile.exe","std::vector<unsigned char,std::allocator<unsigned char> >::operator[]","vector","0x1400264d6"
"stbiw__putc","0.00259999","12364800","0.317308","kip_sequential_soa_profile.exe","stbiw__putc","stb_image_write.h","0x1400249f9"
"func@0x1406ae6c0","0.00249999","4838400","0.168919","ntoskrnl.exe","func@0x1406ae6c0","[Unknown]","0x1406ae6c0"
"stbiw__jpg_calcBits","0.00239999","12902400","0.207692","kip_sequential_soa_profile.exe","stbiw__jpg_calcBits","stb_image_write.h","0x1400245ba"
"func@0x140241a70","0.00229999","13977600","0.3","ntoskrnl.exe","func@0x140241a70","[Unknown]","0x140241a70"
"ExpInterlockedPopEntrySList","0.00209999","9139200","0.0511364","ntoskrnl.exe","ExpInterlockedPopEntrySList","[Unknown]","0x1406b5160"
"func@0x1403acc30","0.00199999","10214400","0.207692","ntoskrnl.exe","func@0x1403acc30","[Unknown]","0x1403acc30"
"RtlCopyMemory","0.00199999","5376000","0.13","ntoskrnl.exe","RtlCopyMemory","[Unknown]","0x1406c1440"
"func@0x1402f88d0","0.00199999","18816000","0.340909","ntoskrnl.exe","func@0x1402f88d0","[Unknown]","0x1402f88d0"
"func@0x1403440b0","0.00189999","10752000","0.268293","ntoskrnl.exe","func@0x1403440b0","[Unknown]","0x1403440b0"
"std::vector<unsigned char,std::allocator<unsigned char> >::operator[]","0.00179999","26342400","0.571429","kip_sequential_soa_profile.exe","std::vector<unsigned char,std::allocator<unsigned char> >::operator[]","vector","0x14000e54a"
"func@0x140bc076a","0.00179999","2150400","0.111111","ntoskrnl.exe","func@0x140bc076a","[Unknown]","0x140bc076a"
"func@0x1406b3623","0.00169999","0","0.113407","ntoskrnl.exe","func@0x1406b3623","[Unknown]","0x1406b3623"
"func@0x1403642d0","0.00159999","3225600","0.0930233","ntoskrnl.exe","func@0x1403642d0","[Unknown]","0x1403642d0"
"stbi__jpeg_huff_decode","0.00159999","15590400","0.475","kip_sequential_soa_profile.exe","stbi__jpeg_huff_decode","stb_image.h","0x140021d87"
"func@0x1402c6150","0.00159999","2688000","0.0581395","ntoskrnl.exe","func@0x1402c6150","[Unknown]","0x1402c6150"
"std::vector<unsigned char,std::allocator<unsigned char> >::operator[]","0.00159999","42470400","0.688889","kip_sequential_soa_profile.exe","std::vector<unsigned char,std::allocator<unsigned char> >::operator[]","vector","0x14000e92c"
"func@0x1402498a0","0.00159999","10752000","0.258929","ntoskrnl.exe","func@0x1402498a0","[Unknown]","0x1402498a0"
"func@0x140332f40","0.00149999","5376000","0.117647","ntoskrnl.exe","func@0x140332f40","[Unknown]","0x140332f40"
"stbiw__jpg_writeBits","0.00149999","15590400","0.336538","kip_sequential_soa_profile.exe","stbiw__jpg_writeBits","stb_image_write.h","0x14002468e"
"stbi__extend_receive","0.00139999","23654400","0.460317","kip_sequential_soa_profile.exe","stbi__extend_receive","stb_image.h","0x140021e0d"
"func@0x14024d940","0.00139999","3225600","0.0689655","ntoskrnl.exe","func@0x14024d940","[Unknown]","0x14024d940"
"func@0x14024e770","0.00139999","4300800","0.223214","ntoskrnl.exe","func@0x14024e770","[Unknown]","0x14024e770"
"std::vector<unsigned char,std::allocator<unsigned char> >::operator[]","0.00129999","32256000","0.697917","kip_sequential_soa_profile.exe","std::vector<unsigned char,std::allocator<unsigned char> >::operator[]","vector","0x1400264df"
"func@0x1406b473f","0.00129999","0","0.0483871","ntoskrnl.exe","func@0x1406b473f","[Unknown]","0x1406b473f"
"func@0x14024ed2a","0.00129999","8601600","0.276316","ntoskrnl.exe","func@0x14024ed2a","[Unknown]","0x14024ed2a"
"std::vector<unsigned char,std::allocator<unsigned char> >::operator[]","0.00129999","16128000","0.759259","kip_sequential_soa_profile.exe","std::vector<unsigned char,std::allocator<unsigned char> >::operator[]","vector","0x1400264f1"
"func@0x14027b070","0.00129999","5376000","0.258621","ntoskrnl.exe","func@0x14027b070","[Unknown]","0x14027b070"
"func@0x14024bee0","0.00129999","1612800","0.133333","ntoskrnl.exe","func@0x14024bee0","[Unknown]","0x14024bee0"
"stbiw__jpg_writeBits","0.00119999","17203200","0.36","kip_sequential_soa_profile.exe","stbiw__jpg_writeBits","stb_image_write.h","0x140024a82"
"stbiw__jpg_writeBits","0.00119999","6451200","0.217949","kip_sequential_soa_profile.exe","stbiw__jpg_writeBits","stb_image_write.h","0x140024530"
"func@0x18002e9f0","0.00119999","8064000","0.46","cng.sys","func@0x18002e9f0","[Unknown]","0x18002e9f0"
"func@0x140298af0","0.0011","1612800","0.272727","ntoskrnl.exe","func@0x140298af0","[Unknown]","0x140298af0"
"func@0x1403637e0","0.0011","4300800","0.125","ntoskrnl.exe","func@0x1403637e0","[Unknown]","0x1403637e0"
"func@0x1402a7440","0.0011","3225600","0.0384615","ntoskrnl.exe","func@0x1402a7440","[Unknown]","0x1402a7440"
"func@0x1406c2140","0.0011","5376000","0.23913","ntoskrnl.exe","func@0x1406c2140","[Unknown]","0x1406c2140"
"func@0x140226fb0","0.0011","2150400","0.0379651","ntoskrnl.exe","func@0x140226fb0","[Unknown]","0x140226fb0"
"func@0x18000b730","0.0011","7526400","0.25","fltmgr.sys","func@0x18000b730","[Unknown]","0x18000b730"
"func@0x140250fc0","0.0011","5913600","0.163793","ntoskrnl.exe","func@0x140250fc0","[Unknown]","0x140250fc0"
"func@0x14040a340","0.000999996","8064000","0.119048","ntoskrnl.exe","func@0x14040a340","[Unknown]","0x14040a340"
"func@0x140217428","0.000999996","0","0.0789474","igdkmdn64.sys","func@0x140217428","[Unknown]","0x140217428"
"func@0x1402fcd10","0.000999996","7526400","0.185185","ntoskrnl.exe","func@0x1402fcd10","[Unknown]","0x1402fcd10"
"func@0x1406b3ad0","0.000999996","1075200","0.105263","ntoskrnl.exe","func@0x1406b3ad0","[Unknown]","0x1406b3ad0"
"stbiw__jpg_writeBits","0.000999996","17203200","0.5625","kip_sequential_soa_profile.exe","stbiw__jpg_writeBits","stb_image_write.h","0x140024880"
"func@0x1402a5560","0.000999996","4300800","0.185185","ntoskrnl.exe","func@0x1402a5560","[Unknown]","0x1402a5560"
"fread","0.000899996","1881600","0.0526316","ucrtbase.dll","fread","[Unknown]","0x18001de00"
"func@0x1404f1d10","0.000899996","1075200","0.0625","ntoskrnl.exe","func@0x1404f1d10","[Unknown]","0x1404f1d10"
"stbi__jpeg_dequantize","0.000899996","14515200","0.367647","kip_sequential_soa_profile.exe","stbi__jpeg_dequantize","stb_image.h","0x140013ac0"
"ExAcquireSpinLockShared","0.000899996","2150400","0.107143","ntoskrnl.exe","ExAcquireSpinLockShared","[Unknown]","0x1402b8500"
"stbi__extend_receive","0.000899996","2688000","0.0899281","kip_sequential_soa_profile.exe","stbi__extend_receive","stb_image.h","0x140012f6c"
"ExReleasePushLockEx","0.000799997","4569600","","ntoskrnl.exe","ExReleasePushLockEx","[Unknown]","0x1402842d0"
"[ntoskrnl.exe]","0.000799997","3225600","0.235294","ntoskrnl.exe","[ntoskrnl.exe]","[Unknown]","0"
"func@0x14023b3f0","0.000799997","2150400","0.0909091","ntoskrnl.exe","func@0x14023b3f0","[Unknown]","0x14023b3f0"
"func@0x140006960","0.000799997","14515200","0.395833","atc.sys","func@0x140006960","[Unknown]","0x140006960"
"func@0x1405dfd2c","0.000799997","7526400","0.25","ntoskrnl.exe","func@0x1405dfd2c","[Unknown]","0x1405dfd2c"
"KeAndAffinityEx2","0.000799997","8064000","0.269231","ntoskrnl.exe","KeAndAffinityEx2","[Unknown]","0x1403220c0"
"func@0x140363e30","0.000799997","1612800","0.111111","ntoskrnl.exe","func@0x140363e30","[Unknown]","0x140363e30"
"func@0x140331740","0.000799997","1612800","0.1875","ntoskrnl.exe","func@0x140331740","[Unknown]","0x140331740"
"func@0x14023a1d0","0.000799997","3763200","0.428571","ntoskrnl.exe","func@0x14023a1d0","[Unknown]","0x14023a1d0"
"func@0x14027cf20","0.000799997","4300800","0.291667","ntoskrnl.exe","func@0x14027cf20","[Unknown]","0x14027cf20"
"func@0x140282b40","0.000699997","1612800","0.109375","ntoskrnl.exe","func@0x140282b40","[Unknown]","0x140282b40"
"func@0x1402fd4b0","0.000699997","6988800","0.18","ntoskrnl.exe","func@0x1402fd4b0","[Unknown]","0x1402fd4b0"
"func@0x1402fe9a0","0.000699997","6988800","0.403846","ntoskrnl.exe","func@0x1402fe9a0","[Unknown]","0x1402fe9a0"
"RtlHashUnicodeString","0.000699997","6988800","0.166667","ntoskrnl.exe","RtlHashUnicodeString","[Unknown]","0x14096eab0"
"std::vector<unsigned char,std::allocator<unsigned char> >::operator[]","0.000699997","12364800","0.62","kip_sequential_soa_profile.exe","std::vector<unsigned char,std::allocator<unsigned char> >::operator[]","vector","0x14000e903"
"func@0x140002700","0.000699997","0","0.0294118","intelppm.sys","func@0x140002700","[Unknown]","0x140002700"
"func@0x140241500","0.000699997","3225600","0.241379","ntoskrnl.exe","func@0x140241500","[Unknown]","0x140241500"
"func@0x1402bd0a0","0.000699997","537600","0.111111","ntoskrnl.exe","func@0x1402bd0a0","[Unknown]","0x1402bd0a0"
"stbiw__jpg_writeBits","0.000699997","1075200","0.416667","kip_sequential_soa_profile.exe","stbiw__jpg_writeBits","stb_image_write.h","0x140024afb"
"func@0x140242e20","0.000599997","1612800","0.625","ntoskrnl.exe","func@0x140242e20","[Unknown]","0x140242e20"
"func@0x14024fe10","0.000599997","1612800","0.0357143","ntoskrnl.exe","func@0x14024fe10","[Unknown]","0x14024fe10"
"func@0x14030fecd","0.000599997","537600","0.125","ntoskrnl.exe","func@0x14030fecd","[Unknown]","0x14030fecd"
"ExpInterlockedPushEntrySList","0.000599997","3225600","0.205882","ntoskrnl.exe","ExpInterlockedPushEntrySList","[Unknown]","0x1406b51a0"
"func@0x14001ce70","0.000599997","0","0","igdkmdn64.sys","func@0x14001ce70","[Unknown]","0x14001ce70"
"func@0x14027a0b0","0.000599997","537600","0.1","ntoskrnl.exe","func@0x14027a0b0","[Unknown]","0x14027a0b0"
"func@0x140311af2","0.000499998","3225600","0.666667","ntoskrnl.exe","func@0x140311af2","[Unknown]","0x140311af2"
"ExAcquireAutoExpandPushLockShared","0.000499998","5913600","0.566667","ntoskrnl.exe","ExAcquireAutoExpandPushLockShared","[Unknown]","0x140314840"
"KeEnumerateNextProcessor","0.000499998","5913600","0.306452","ntoskrnl.exe","KeEnumerateNextProcessor","[Unknown]","0x140408580"
"func@0x140314fe1","0.000499998","5376000","0.375","ntoskrnl.exe","func@0x140314fe1","[Unknown]","0x140314fe1"
"func@0x14041bb67","0.000499998","13440000","0.452381","ntoskrnl.exe","func@0x14041bb67","[Unknown]","0x14041bb67"
"stbiw__putc","0.000499998","1075200","0.0714286","kip_sequential_soa_profile.exe","stbiw__putc","stb_image_write.h","0x140024ac8"
"ExReleaseResourceLite","0.000499998","1075200","0.0833333","ntoskrnl.exe","ExReleaseResourceLite","[Unknown]","0x1402801f0"
"func@0x1406bf883","0.000499998","1612800","0.166667","ntoskrnl.exe","func@0x1406bf883","[Unknown]","0x1406bf883"
"[Outside any known module]","0.000499998","1075200","0.214286","[Unknown]","[Outside any known module]","[Unknown]","0"
"func@0x1401c0900","0.000499998","537600","0","atc.sys","func@0x1401c0900","[Unknown]","0x1401c0900"
"func@0x1402fd9ef","0.000499998","1612800","0.178571","ntoskrnl.exe","func@0x1402fd9ef","[Unknown]","0x1402fd9ef"
"func@0x1402fe397","0.000499998","6451200","0.285714","ntoskrnl.exe","func@0x1402fe397","[Unknown]","0x1402fe397"
"ExReleaseRundownProtectionCacheAwareEx","0.000499998","4838400","0.375","ntoskrnl.exe","ExReleaseRundownProtectionCacheAwareEx","[Unknown]","0x14027f3a0"
"func@0x18006cb10","0.000399998","1075200","0.1","ntdll.dll","func@0x18006cb10","[Unknown]","0x18006cb10"
"func@0x140267660","0.000399998","5376000","0.2","ntoskrnl.exe","func@0x140267660","[Unknown]","0x140267660"
"func@0x14026c440","0.000399998","1075200","0","atc.sys","func@0x14026c440","[Unknown]","0x14026c440"
"std::vector<unsigned char,std::allocator<unsigned char> >::operator[]","0.000399998","5376000","0.71875","kip_sequential_soa_profile.exe","std::vector<unsigned char,std::allocator<unsigned char> >::operator[]","vector","0x14000e921"
"func@0x1402a00f0","0.000399998","2688000","0.142857","ntoskrnl.exe","func@0x1402a00f0","[Unknown]","0x1402a00f0"
"ExAcquireRundownProtectionCacheAwareEx","0.000399998","3225600","0.075","ntoskrnl.exe","ExAcquireRundownProtectionCacheAwareEx","[Unknown]","0x140408170"
"func@0x1400142ad","0.000399998","0","0","wdf01000.sys","func@0x1400142ad","[Unknown]","0x1400142ad"
"func@0x1402a1518","0.000399998","0","0","ntoskrnl.exe","func@0x1402a1518","[Unknown]","0x1402a1518"
"stbiw__putc","0.000399998","2150400","0.1875","kip_sequential_soa_profile.exe","stbiw__putc","stb_image_write.h","0x14002464b"
"func@0x14029e750","0.000399998","1075200","0.5","ntoskrnl.exe","func@0x14029e750","[Unknown]","0x14029e750"
"KeClockInterruptNotify","0.000399998","1612800","0.333333","ntoskrnl.exe","KeClockInterruptNotify","[Unknown]","0x14030f2c0"
"ExAcquirePushLockSharedEx","0.000399998","3225600","0.361111","ntoskrnl.exe","ExAcquirePushLockSharedEx","[Unknown]","0x140315160"
"KeSetEvent","0.000399998","537600","0.142857","ntoskrnl.exe","KeSetEvent","[Unknown]","0x140227340"
"func@0x14027d21a","0.000399998","3763200","0.2","ntoskrnl.exe","func@0x14027d21a","[Unknown]","0x14027d21a"
"func@0x1402a8238","0.000399998","4300800","0.257576","ntoskrnl.exe","func@0x1402a8238","[Unknown]","0x1402a8238"
"func@0x1405f8e00","0.000399998","1075200","0.205882","atc.sys","func@0x1405f8e00","[Unknown]","0x1405f8e00"
"NtWriteFile","0.000399998","537600","0.2","ntdll.dll","NtWriteFile","[Unknown]","0x180160470"
"stbi__stdio_read","0.000399998","2150400","0.05","kip_sequential_soa_profile.exe","stbi__stdio_read(void *, char *, int)","stb_image.h","0x14000ecb0"
"func@0x14026cf20","0.000399998","537600","0.2","ntoskrnl.exe","func@0x14026cf20","[Unknown]","0x14026cf20"
"RtlReleaseSRWLockShared","0.000399998","1075200","0","ntdll.dll","RtlReleaseSRWLockShared","[Unknown]","0x18003cc80"
"func@0x14040a230","0.000399998","0","0.0416667","ntoskrnl.exe","func@0x14040a230","[Unknown]","0x14040a230"
"func@0x180014d60","0.000399998","537600","0.0555556","bdhkm64.dll","func@0x180014d60","[Unknown]","0x180014d60"
"func@0x140293920","0.000299999","537600","0.25","ntoskrnl.exe","func@0x140293920","[Unknown]","0x140293920"
"func@0x140256eb5","0.000299999","537600","0.25","ntoskrnl.exe","func@0x140256eb5","[Unknown]","0x140256eb5"
"func@0x1406163c0","0.000299999","0","0.125","atc.sys","func@0x1406163c0","[Unknown]","0x1406163c0"
"func@0x1405f07e0","0.000299999","1612800","","atc.sys","func@0x1405f07e0","[Unknown]","0x1405f07e0"
"func@0x140283ead","0.000299999","2688000","0.0714286","ntoskrnl.exe","func@0x140283ead","[Unknown]","0x140283ead"
"func@0x1403ad370","0.000299999","0","0.5","ntoskrnl.exe","func@0x1403ad370","[Unknown]","0x1403ad370"
"func@0x140bc0760","0.000299999","2150400","0.25","ntoskrnl.exe","func@0x140bc0760","[Unknown]","0x140bc0760"
"func@0x1402a0f93","0.000299999","0","0.0714286","ntoskrnl.exe","func@0x1402a0f93","[Unknown]","0x1402a0f93"
"func@0x1405de530","0.000299999","6451200","0.333333","ntoskrnl.exe","func@0x1405de530","[Unknown]","0x1405de530"
"func@0x140480bc0","0.000299999","1075200","0","atc.sys","func@0x140480bc0","[Unknown]","0x140480bc0"
"func@0x1402a03b0","0.000299999","4300800","0.111111","ntoskrnl.exe","func@0x1402a03b0","[Unknown]","0x1402a03b0"
"func@0x140344f90","0.000299999","537600","0","ntoskrnl.exe","func@0x140344f90","[Unknown]","0x140344f90"
"func@0x14027f360","0.000299999","1075200","0","ntoskrnl.exe","func@0x14027f360","[Unknown]","0x14027f360"
"stbiw__jpg_writeBits","0.000299999","3225600","0.2","kip_sequential_soa_profile.exe","stbiw__jpg_writeBits","stb_image_write.h","0x140024711"
"func@0x140320250","0.000299999","3763200","0.7","ntoskrnl.exe","func@0x140320250","[Unknown]","0x140320250"
"func@0x1402272f0","0.000299999","537600","0.5","ntoskrnl.exe","func@0x1402272f0","[Unknown]","0x1402272f0"
"func@0x140600020","0.000299999","0","0","atc.sys","func@0x140600020","[Unknown]","0x140600020"
"func@0x1402138b1","0.000299999","0","0.5","ntoskrnl.exe","func@0x1402138b1","[Unknown]","0x1402138b1"
"ExAcquireSpinLockExclusiveAtDpcLevel","0.000299999","0","0.166667","ntoskrnl.exe","ExAcquireSpinLockExclusiveAtDpcLevel","[Unknown]","0x14032ecd0"
"func@0x1402d0460","0.000299999","537600","0.25","ntoskrnl.exe","func@0x1402d0460","[Unknown]","0x1402d0460"
"func@0x14024c277","0.000299999","2688000","0.25","ntoskrnl.exe","func@0x14024c277","[Unknown]","0x14024c277"
"func@0x140217670","0.000299999","0","0.0833333","igdkmdn64.sys","func@0x140217670","[Unknown]","0x140217670"
"func@0x1402fdfc0","0.000299999","1075200","0.3","ntoskrnl.exe","func@0x1402fdfc0","[Unknown]","0x1402fdfc0"
"ExReleaseRundownProtection","0.000299999","0","0.25","ntoskrnl.exe","ExReleaseRundownProtection","[Unknown]","0x14020dda0"
"func@0x14037f840","0.000299999","537600","0.1","atc.sys","func@0x14037f840","[Unknown]","0x14037f840"
"func@0x140404690","0.000299999","1612800","1","ntoskrnl.exe","func@0x140404690","[Unknown]","0x140404690"
"func@0x14031ff50","0.000299999","1075200","0.1875","ntoskrnl.exe","func@0x14031ff50","[Unknown]","0x14031ff50"
"func@0x18000d8b0","0.000299999","0","0.333333","fltmgr.sys","func@0x18000d8b0","[Unknown]","0x18000d8b0"
"func@0x1404efaa0","0.000299999","0","0.2","ntoskrnl.exe","func@0x1404efaa0","[Unknown]","0x1404efaa0"
"func@0x140298d30","0.000299999","1612800","0.230769","ntoskrnl.exe","func@0x140298d30","[Unknown]","0x140298d30"
"func@0x1800a5b00","0.000299999","0","0.5","cng.sys","func@0x1800a5b00","[Unknown]","0x1800a5b00"
"func@0x14026c040","0.000299999","2688000","0.157895","atc.sys","func@0x14026c040","[Unknown]","0x14026c040"
"func@0x1403a2260","0.000299999","0","0.125","ntoskrnl.exe","func@0x1403a2260","[Unknown]","0x1403a2260"
"func@0x140227496","0.000299999","0","0","ntoskrnl.exe","func@0x140227496","[Unknown]","0x140227496"
"MmMapLockedPagesSpecifyCache","0.000299999","0","","ntoskrnl.exe","MmMapLockedPagesSpecifyCache","[Unknown]","0x140294e30"
"KeEnterCriticalRegion","0.000299999","1612800","0.25","ntoskrnl.exe","KeEnterCriticalRegion","[Unknown]","0x14040bf80"
"func@0x1402be140","0.000299999","0","0.178571","ntoskrnl.exe","func@0x1402be140","[Unknown]","0x1402be140"
"stbiw__putc","0.000299999","4838400","0.111111","kip_sequential_soa_profile.exe","stbiw__putc","stb_image_write.h","0x1400246f3"
"func@0x14023c95c","0.000299999","7526400","0.642857","ntoskrnl.exe","func@0x14023c95c","[Unknown]","0x14023c95c"
"func@0x140213710","0.000299999","10214400","0.307692","ntoskrnl.exe","func@0x140213710","[Unknown]","0x140213710"
"func@0x14026c7d0","0.000299999","1612800","0.178571","atc.sys","func@0x14026c7d0","[Unknown]","0x14026c7d0"
"FsRtlAcquireHeaderMutex","0.000299999","537600","0.75","ntoskrnl.exe","FsRtlAcquireHeaderMutex","[Unknown]","0x140312fd0"
"func@0x140227ad0","0.000299999","537600","0.25","ntoskrnl.exe","func@0x140227ad0","[Unknown]","0x140227ad0"
"stbi__addints_valid","0.000299999","8064000","0.45","kip_sequential_soa_profile.exe","stbi__addints_valid","stb_image.h","0x140021e8b"
"fread_nolock_s","0.000299999","537600","0","ucrtbase.dll","fread_nolock_s","[Unknown]","0x18001def0"
"func@0x1403619d0","0.000299999","537600","0.25","ntoskrnl.exe","func@0x1403619d0","[Unknown]","0x1403619d0"
"func@0x1402a6220","0.000299999","1612800","0.875","ntoskrnl.exe","func@0x1402a6220","[Unknown]","0x1402a6220"
"func@0x1404e01d0","0.000299999","0","0","ntoskrnl.exe","func@0x1404e01d0","[Unknown]","0x1404e01d0"
"func@0x14028451b","0.000199999","537600","0.2","ntoskrnl.exe","func@0x14028451b","[Unknown]","0x14028451b"
"func@0x14032eca3","0.000199999","3763200","0.8","ntoskrnl.exe","func@0x14032eca3","[Unknown]","0x14032eca3"
"func@0x14024ae29","0.000199999","4300800","0.75","ntoskrnl.exe","func@0x14024ae29","[Unknown]","0x14024ae29"
"NtReadFile","0.000199999","1075200","0.416667","ntdll.dll","NtReadFile","[Unknown]","0x180160430"
"func@0x1402c6b30","0.000199999","537600","0","ntoskrnl.exe","func@0x1402c6b30","[Unknown]","0x1402c6b30"
"func@0x1406b4410","0.000199999","0","0.166667","ntoskrnl.exe","func@0x1406b4410","[Unknown]","0x1406b4410"
"func@0x1400555c0","0.000199999","2150400","0.125","ntfs.sys","func@0x1400555c0","[Unknown]","0x1400555c0"
"func@0x14029ae48","0.000199999","1075200","0","ntoskrnl.exe","func@0x14029ae48","[Unknown]","0x14029ae48"
"func@0x1402d14a0","0.000199999","0","0","ntoskrnl.exe","func@0x1402d14a0","[Unknown]","0x1402d14a0"
"func@0x1402a72d1","0.000199999","0","0","ntoskrnl.exe","func@0x1402a72d1","[Unknown]","0x1402a72d1"
"func@0x14029f99c","0.000199999","3763200","0.55","ntoskrnl.exe","func@0x14029f99c","[Unknown]","0x14029f99c"
"func@0x1402bcd80","0.000199999","1075200","0.125","ntoskrnl.exe","func@0x1402bcd80","[Unknown]","0x1402bcd80"
"func@0x1402e8090","0.000199999","0","0","ntoskrnl.exe","func@0x1402e8090","[Unknown]","0x1402e8090"
"stbi__get8","0.000199999","0","0.25","kip_sequential_soa_profile.exe","stbi__get8","stb_image.h","0x140021b9f"
"func@0x1404e0fa8","0.000199999","0","0.2","ntoskrnl.exe","func@0x1404e0fa8","[Unknown]","0x1404e0fa8"
"func@0x140202630","0.000199999","2688000","0.25","ntoskrnl.exe","func@0x140202630","[Unknown]","0x140202630"
"RtlRestoreLastWin32Error","0.000199999","0","0.25","ntdll.dll","RtlRestoreLastWin32Error","[Unknown]","0x180048fd0"
"std::vector<unsigned char,std::allocator<unsigned char> >::operator[]","0.000199999","0","0","kip_sequential_soa_profile.exe","std::vector<unsigned char,std::allocator<unsigned char> >::operator[]","vector","0x14002656c"
"func@0x140364134","0.000199999","537600","0.0333333","ntoskrnl.exe","func@0x140364134","[Unknown]","0x140364134"
"func@0x140294f40","0.000199999","0","0","ntfs.sys","func@0x140294f40","[Unknown]","0x140294f40"
"func@0x14001d190","0.000199999","0","0","classpnp.sys","func@0x14001d190","[Unknown]","0x14001d190"
"func@0x140228c90","0.000199999","0","0.277778","ntoskrnl.exe","func@0x140228c90","[Unknown]","0x140228c90"
"func@0x1400cdb3f","0.000199999","0","0","nvlddmkm.sys","func@0x1400cdb3f","[Unknown]","0x1400cdb3f"
"func@0x1403ce8ef","0.000199999","0","0.5","ntoskrnl.exe","func@0x1403ce8ef","[Unknown]","0x1403ce8ef"
"stbiw__putc","0.000199999","2150400","0.357143","kip_sequential_soa_profile.exe","stbiw__putc","stb_image_write.h","0x1400246d9"
"func@0x140418672","0.000199999","1612800","0.125","ntoskrnl.exe","func@0x140418672","[Unknown]","0x140418672"
"stbiw__putc","0.000199999","1075200","1","kip_sequential_soa_profile.exe","stbiw__putc","stb_image_write.h","0x1400248db"
"func@0x140010520","0.000199999","1075200","0","ntfs.sys","func@0x140010520","[Unknown]","0x140010520"
"stbiw__jpg_writeBits","0.000199999","3763200","1","kip_sequential_soa_profile.exe","stbiw__jpg_writeBits","stb_image_write.h","0x140024768"
"func@0x1406b4250","0.000199999","537600","0.166667","ntoskrnl.exe","func@0x1406b4250","[Unknown]","0x1406b4250"
"func@0x14022b530","0.000199999","0","0.25","ntoskrnl.exe","func@0x14022b530","[Unknown]","0x14022b530"
"func@0x140483740","0.000199999","0","0.5","igdkmdn64.sys","func@0x140483740","[Unknown]","0x140483740"
"func@0x140157aa0","0.000199999","0","0.333333","igdkmdn64.sys","func@0x140157aa0","[Unknown]","0x140157aa0"
"func@0x14029f310","0.000199999","1612800","0.142857","ntoskrnl.exe","func@0x14029f310","[Unknown]","0x14029f310"
"func@0x1402a50c0","0.000199999","1075200","0","ntoskrnl.exe","func@0x1402a50c0","[Unknown]","0x1402a50c0"
"func@0x1403281e0","0.000199999","0","0.0555556","igdkmdn64.sys","func@0x1403281e0","[Unknown]","0x1403281e0"
"func@0x14030c730","0.000199999","0","0","ntoskrnl.exe","func@0x14030c730","[Unknown]","0x14030c730"
"KeAcquireInStackQueuedSpinLock","0.000199999","1612800","0.2","ntoskrnl.exe","KeAcquireInStackQueuedSpinLock","[Unknown]","0x14034efc0"
"func@0x1402bea40","0.000199999","0","0","igdkmdn64.sys","func@0x1402bea40","[Unknown]","0x1402bea40"
"func@0x140241e6e","0.000199999","537600","1","ntoskrnl.exe","func@0x140241e6e","[Unknown]","0x140241e6e"
"func@0x14023c870","0.000199999","1612800","0.173913","ntoskrnl.exe","func@0x14023c870","[Unknown]","0x14023c870"
"func@0x1405ea707","0.000199999","537600","0.5","atc.sys","func@0x1405ea707","[Unknown]","0x1405ea707"
"func@0x140616d00","0.000199999","0","0.25","atc.sys","func@0x140616d00","[Unknown]","0x140616d00"
"func@0x140235d5a","0.000199999","0","0","ntoskrnl.exe","func@0x140235d5a","[Unknown]","0x140235d5a"
"func@0x14041bab0","0.000199999","3763200","0.428571","ntoskrnl.exe","func@0x14041bab0","[Unknown]","0x14041bab0"
"func@0x1405f06e0","0.000199999","2150400","0.166667","atc.sys","func@0x1405f06e0","[Unknown]","0x1405f06e0"
"func@0x140404920","0.000199999","537600","0.5","atc.sys","func@0x140404920","[Unknown]","0x140404920"
"func@0x14023a5c0","0.000199999","0","1","atc.sys","func@0x14023a5c0","[Unknown]","0x14023a5c0"
"func@0x1401958c0","0.000199999","537600","0","atc.sys","func@0x1401958c0","[Unknown]","0x1401958c0"
"func@0x1400b6a00","0.000199999","0","0.25","atc.sys","func@0x1400b6a00","[Unknown]","0x1400b6a00"
"func@0x140330830","0.000199999","2688000","0.583333","ntoskrnl.exe","func@0x140330830","[Unknown]","0x140330830"
"func@0x1402e5ba0","0.000199999","1075200","0.166667","atc.sys","func@0x1402e5ba0","[Unknown]","0x1402e5ba0"
"func@0x1405eee00","0.000199999","4838400","0.233333","atc.sys","func@0x1405eee00","[Unknown]","0x1405eee00"
"func@0x1402a06c0","0.000199999","1075200","1","ntoskrnl.exe","func@0x1402a06c0","[Unknown]","0x1402a06c0"
"func@0x140329f60","0.000199999","0","0.125","ntoskrnl.exe","func@0x140329f60","[Unknown]","0x140329f60"
"func@0x140320e00","0.000199999","0","0","atc.sys","func@0x140320e00","[Unknown]","0x140320e00"
"func@0x1403cd100","0.000199999","2150400","0.181818","ntoskrnl.exe","func@0x1403cd100","[Unknown]","0x1403cd100"
"func@0x14029fac0","0.000199999","0","0.178571","ntoskrnl.exe","func@0x14029fac0","[Unknown]","0x14029fac0"
"func@0x1406ae580","0.000199999","0","0.142857","ntoskrnl.exe","func@0x1406ae580","[Unknown]","0x1406ae580"
"func@0x1403e8fc3","0.000199999","537600","0.1875","ntoskrnl.exe","func@0x1403e8fc3","[Unknown]","0x1403e8fc3"
"ExReleaseSpinLockShared","0.000199999","0","0.153846","ntoskrnl.exe","ExReleaseSpinLockShared","[Unknown]","0x140219330"
"func@0x283d0","0.000199999","0","0","sepdrv5.sys","func@0x283d0","[Unknown]","0x283d0"
"func@0x1800554a0","0.000199999","1612800","0.2","ntdll.dll","func@0x1800554a0","[Unknown]","0x1800554a0"
"RtlAnsiCharToUnicodeChar","0.000199999","537600","0.1875","ntdll.dll","RtlAnsiCharToUnicodeChar","[Unknown]","0x1800bd8a0"
"stbi__jpeg_finish","0.000199999","6451200","0.3","kip_sequential_soa_profile.exe","stbi__jpeg_finish","stb_image.h","0x140013a23"
"WriteFile","0.000199999","0","0.25","kernelbase.dll","WriteFile","[Unknown]","0x1800b01e0"
"func@0x14027f340","0.000199999","537600","0","ntoskrnl.exe","func@0x14027f340","[Unknown]","0x14027f340"
"EntropyProvideData","0.000199999","0","0","cng.sys","EntropyProvideData","[Unknown]","0x18002e130"
"func@0x14031c530","0.000199999","1075200","0.1875","ntoskrnl.exe","func@0x14031c530","[Unknown]","0x14031c530"
"func@0x1402f5bf0","0.000199999","1075200","0","ntoskrnl.exe","func@0x1402f5bf0","[Unknown]","0x1402f5bf0"
"func@0x14027c530","0.000199999","1075200","0.333333","ntoskrnl.exe","func@0x14027c530","[Unknown]","0x14027c530"
"FltReleasePushLock","0.000199999","0","0","fltmgr.sys","FltReleasePushLock","[Unknown]","0x1800141e0"
"FltGetStreamContext","0.000199999","537600","0.75","fltmgr.sys","FltGetStreamContext","[Unknown]","0x1800091a0"
"func@0x1800064b0","0.000199999","1075200","0.214286","fltmgr.sys","func@0x1800064b0","[Unknown]","0x1800064b0"
"fread_s","0.000199999","2419200","0.0833333","ucrtbase.dll","fread_s","[Unknown]","0x18001de30"
"func@0x14045a530","0.000199999","0","0","ntoskrnl.exe","func@0x14045a530","[Unknown]","0x14045a530"
"func@0x14002e700","0.000199999","0","0","dxgkrnl.sys","func@0x14002e700","[Unknown]","0x14002e700"
"FltReleaseContext","0.000199999","1612800","0.2","fltmgr.sys","FltReleaseContext","[Unknown]","0x180003820"
"func@0x14040a6b1","0.000199999","537600","0","ntoskrnl.exe","func@0x14040a6b1","[Unknown]","0x14040a6b1"
"func@0x14032aca0","0.000199999","537600","0.2","ntoskrnl.exe","func@0x14032aca0","[Unknown]","0x14032aca0"
"func@0x140239838","0.000199999","0","0","ntoskrnl.exe","func@0x140239838","[Unknown]","0x140239838"
"func@0x1403108f0","0.000199999","537600","0","ntoskrnl.exe","func@0x1403108f0","[Unknown]","0x1403108f0"
"func@0x1402a6d30","0.000199999","0","0.125","ntoskrnl.exe","func@0x1402a6d30","[Unknown]","0x1402a6d30"
"func@0x1402a6250","0.000199999","537600","0.1","ntoskrnl.exe","func@0x1402a6250","[Unknown]","0x1402a6250"
"func@0x1404e53a0","0.000199999","0","","ntoskrnl.exe","func@0x1404e53a0","[Unknown]","0x1404e53a0"
"func@0x140240a60","0.000199999","0","0","ntoskrnl.exe","func@0x140240a60","[Unknown]","0x140240a60"
"func@0x1402c6f30","0.000199999","0","0.0833333","ntoskrnl.exe","func@0x1402c6f30","[Unknown]","0x1402c6f30"
"EtwWriteEx","9.99996e-05","0","0.125","ntoskrnl.exe","EtwWriteEx","[Unknown]","0x14027f420"
"func@0x140364d20","9.99996e-05","0","0","ntoskrnl.exe","func@0x140364d20","[Unknown]","0x140364d20"
"func@0x140311970","9.99996e-05","0","0.1","ntoskrnl.exe","func@0x140311970","[Unknown]","0x140311970"
"func@0x14042ee00","9.99996e-05","2150400","0.428571","ntoskrnl.exe","func@0x14042ee00","[Unknown]","0x14042ee00"
"func@0x14029a400","9.99996e-05","0","0","ntoskrnl.exe","func@0x14029a400","[Unknown]","0x14029a400"
"func@0x1402fb450","9.99996e-05","537600","0","ntoskrnl.exe","func@0x1402fb450","[Unknown]","0x1402fb450"
"func@0x140314f30","9.99996e-05","1612800","0.428571","ntoskrnl.exe","func@0x140314f30","[Unknown]","0x140314f30"
"func@0x14030fd30","9.99996e-05","0","0.0909091","ntoskrnl.exe","func@0x14030fd30","[Unknown]","0x14030fd30"
"func@0x1402129c8","9.99996e-05","0","0","ntoskrnl.exe","func@0x1402129c8","[Unknown]","0x1402129c8"
"func@0x14025fdb0","9.99996e-05","0","0","ntoskrnl.exe","func@0x14025fdb0","[Unknown]","0x14025fdb0"
"func@0x14026bea7","9.99996e-05","0","0","ntoskrnl.exe","func@0x14026bea7","[Unknown]","0x14026bea7"
"RtlNumberOfSetBitsEx","9.99996e-05","0","","ntoskrnl.exe","RtlNumberOfSetBitsEx","[Unknown]","0x14040ad60"
"func@0x140326bc8","9.99996e-05","0","","ntoskrnl.exe","func@0x140326bc8","[Unknown]","0x140326bc8"
"func@0x1402ff500","9.99996e-05","0","0","ntoskrnl.exe","func@0x1402ff500","[Unknown]","0x1402ff500"
"func@0x14040f380","9.99996e-05","0","0","ntoskrnl.exe","func@0x14040f380","[Unknown]","0x14040f380"
"ExAcquireRundownProtectionCacheAware","9.99996e-05","0","0","ntoskrnl.exe","ExAcquireRundownProtectionCacheAware","[Unknown]","0x1402387b0"
"FsRtlReleaseEofLock","9.99996e-05","0","0.125","ntoskrnl.exe","FsRtlReleaseEofLock","[Unknown]","0x1402d6110"
"func@0x140919de0","9.99996e-05","0","0","ntoskrnl.exe","func@0x140919de0","[Unknown]","0x140919de0"
"KeLeaveGuardedRegion","9.99996e-05","0","0","ntoskrnl.exe","KeLeaveGuardedRegion","[Unknown]","0x1403583a0"
"MmUnmapLockedPages","9.99996e-05","0","0","ntoskrnl.exe","MmUnmapLockedPages","[Unknown]","0x140292e00"
"func@0x1402a8320","9.99996e-05","0","0.333333","ntoskrnl.exe","func@0x1402a8320","[Unknown]","0x1402a8320"
"func@0x1402fe64c","9.99996e-05","3763200","","ntoskrnl.exe","func@0x1402fe64c","[Unknown]","0x1402fe64c"
"func@0x1402a3710","9.99996e-05","0","0","ntoskrnl.exe","func@0x1402a3710","[Unknown]","0x1402a3710"
"func@0x14092321c","9.99996e-05","0","0","ntoskrnl.exe","func@0x14092321c","[Unknown]","0x14092321c"
"func@0x140234e30","9.99996e-05","537600","0.5","ntoskrnl.exe","func@0x140234e30","[Unknown]","0x140234e30"
"func@0x140221a80","9.99996e-05","0","0","ntoskrnl.exe","func@0x140221a80","[Unknown]","0x140221a80"
"func@0x140919ef0","9.99996e-05","0","0","ntoskrnl.exe","func@0x140919ef0","[Unknown]","0x140919ef0"
"EtwEventEnabled","9.99996e-05","1075200","0.2","ntoskrnl.exe","EtwEventEnabled","[Unknown]","0x1402c6ad0"
"func@0x1404de0cc","9.99996e-05","1075200","0.5","ntoskrnl.exe","func@0x1404de0cc","[Unknown]","0x1404de0cc"
"func@0x140387fb8","9.99996e-05","0","","ntoskrnl.exe","func@0x140387fb8","[Unknown]","0x140387fb8"
"func@0x1409478c0","9.99996e-05","0","0","nvlddmkm.sys","func@0x1409478c0","[Unknown]","0x1409478c0"
"func@0x14029229c","9.99996e-05","0","0","ntoskrnl.exe","func@0x14029229c","[Unknown]","0x14029229c"
"func@0x140878660","9.99996e-05","0","0","ntoskrnl.exe","func@0x140878660","[Unknown]","0x140878660"
"func@0x1403afd50","9.99996e-05","0","0","ntoskrnl.exe","func@0x1403afd50","[Unknown]","0x1403afd50"
"KeCountSetBitsAffinityEx","9.99996e-05","537600","0.25","ntoskrnl.exe","KeCountSetBitsAffinityEx","[Unknown]","0x1403ab190"
"func@0x140241100","9.99996e-05","0","0.25","ntoskrnl.exe","func@0x140241100","[Unknown]","0x140241100"
"func@0x14042dc50","9.99996e-05","0","0.166667","ntoskrnl.exe","func@0x14042dc50","[Unknown]","0x14042dc50"
"func@0x140970d75","9.99996e-05","0","0","ntoskrnl.exe","func@0x140970d75","[Unknown]","0x140970d75"
"func@0x1402a6cb8","9.99996e-05","0","0","ntoskrnl.exe","func@0x1402a6cb8","[Unknown]","0x1402a6cb8"
"func@0x14064d928","9.99996e-05","0","0.1","ntoskrnl.exe","func@0x14064d928","[Unknown]","0x14064d928"
"func@0x1402a7d00","9.99996e-05","0","0","ntoskrnl.exe","func@0x1402a7d00","[Unknown]","0x1402a7d00"
"func@0x140437850","9.99996e-05","0","0","ntoskrnl.exe","func@0x140437850","[Unknown]","0x140437850"
"KeAddProcessorAffinityEx","9.99996e-05","537600","0","ntoskrnl.exe","KeAddProcessorAffinityEx","[Unknown]","0x14027ced0"
"KeIsEmptyAffinityEx","9.99996e-05","2150400","0.357143","ntoskrnl.exe","KeIsEmptyAffinityEx","[Unknown]","0x140367180"
"func@0x1403e7670","9.99996e-05","0","0","ntoskrnl.exe","func@0x1403e7670","[Unknown]","0x1403e7670"
"func@0x1403c4920","9.99996e-05","0","0","ntoskrnl.exe","func@0x1403c4920","[Unknown]","0x1403c4920"
"func@0x140299e00","9.99996e-05","1075200","0","ntoskrnl.exe","func@0x140299e00","[Unknown]","0x140299e00"
"func@0x14029c9c0","9.99996e-05","0","0","ntoskrnl.exe","func@0x14029c9c0","[Unknown]","0x14029c9c0"
"func@0x1403635c0","9.99996e-05","0","0","ntoskrnl.exe","func@0x1403635c0","[Unknown]","0x1403635c0"
"func@0x14030fd80","9.99996e-05","1075200","0.3","ntoskrnl.exe","func@0x14030fd80","[Unknown]","0x14030fd80"
"func@0x1405df2d4","9.99996e-05","0","0.5","ntoskrnl.exe","func@0x1405df2d4","[Unknown]","0x1405df2d4"
"func@0x14025bd9d","9.99996e-05","0","","ntoskrnl.exe","func@0x14025bd9d","[Unknown]","0x14025bd9d"
"func@0x14023043c","9.99996e-05","0","0","ntoskrnl.exe","func@0x14023043c","[Unknown]","0x14023043c"
"func@0x1403ae130","9.99996e-05","0","","ntoskrnl.exe","func@0x1403ae130","[Unknown]","0x1403ae130"
"func@0x1406b4330","9.99996e-05","0","0","ntoskrnl.exe","func@0x1406b4330","[Unknown]","0x1406b4330"
"func@0x1408a67f0","9.99996e-05","0","0","ntoskrnl.exe","func@0x1408a67f0","[Unknown]","0x1408a67f0"
"KeGetCurrentIrql","9.99996e-05","537600","0","ntoskrnl.exe","KeGetCurrentIrql","[Unknown]","0x140416cd0"
"func@0x14030b5c5","9.99996e-05","0","0","ntoskrnl.exe","func@0x14030b5c5","[Unknown]","0x14030b5c5"
"func@0x1402402c0","9.99996e-05","537600","0.0333333","ntoskrnl.exe","func@0x1402402c0","[Unknown]","0x1402402c0"
"ExAcquireSpinLockExclusive","9.99996e-05","0","0.2","ntoskrnl.exe","ExAcquireSpinLockExclusive","[Unknown]","0x1402947b0"
"func@0x1402a36b0","9.99996e-05","537600","0","ntoskrnl.exe","func@0x1402a36b0","[Unknown]","0x1402a36b0"
"FsRtlRemoveExtraCreateParameter","9.99996e-05","0","0","ntoskrnl.exe","FsRtlRemoveExtraCreateParameter","[Unknown]","0x14098aa10"
"PsGetProcessId","9.99996e-05","0","0","ntoskrnl.exe","PsGetProcessId","[Unknown]","0x14042b160"
"KePulseEvent","9.99996e-05","0","0","ntoskrnl.exe","KePulseEvent","[Unknown]","0x140461280"
"func@0x1402a5490","9.99996e-05","0","0","ntoskrnl.exe","func@0x1402a5490","[Unknown]","0x1402a5490"
"func@0x1402d5200","9.99996e-05","0","0","ntoskrnl.exe","func@0x1402d5200","[Unknown]","0x1402d5200"
"ExReleaseSpinLockSharedFromDpcLevel","9.99996e-05","1075200","0.166667","ntoskrnl.exe","ExReleaseSpinLockSharedFromDpcLevel","[Unknown]","0x14032f7e0"
"func@0x14020a640","9.99996e-05","1075200","0","ntoskrnl.exe","func@0x14020a640","[Unknown]","0x14020a640"
"func@0x1404e5cd0","9.99996e-05","0","0","ntoskrnl.exe","func@0x1404e5cd0","[Unknown]","0x1404e5cd0"
"func@0x140298c96","9.99996e-05","0","0","ntoskrnl.exe","func@0x140298c96","[Unknown]","0x140298c96"
"func@0x1402beaf0","9.99996e-05","0","0","ntoskrnl.exe","func@0x1402beaf0","[Unknown]","0x1402beaf0"
"func@0x14028f200","9.99996e-05","0","0","ntoskrnl.exe","func@0x14028f200","[Unknown]","0x14028f200"
"func@0x1403c8300","9.99996e-05","0","0","ntoskrnl.exe","func@0x1403c8300","[Unknown]","0x1403c8300"
"func@0x14035a04a","9.99996e-05","0","0","ntoskrnl.exe","func@0x14035a04a","[Unknown]","0x14035a04a"
"func@0x1403c2dd0","9.99996e-05","0","0","ntoskrnl.exe","func@0x1403c2dd0","[Unknown]","0x1403c2dd0"
"func@0x140291a83","9.99996e-05","0","0","ntoskrnl.exe","func@0x140291a83","[Unknown]","0x140291a83"
"func@0x1403eb690","9.99996e-05","0","0","ntoskrnl.exe","func@0x1403eb690","[Unknown]","0x1403eb690"
"func@0x140252b44","9.99996e-05","0","0.25","ntoskrnl.exe","func@0x140252b44","[Unknown]","0x140252b44"
"func@0x1404e02d9","9.99996e-05","0","0","ntoskrnl.exe","func@0x1404e02d9","[Unknown]","0x1404e02d9"
"func@0x1402990b0","9.99996e-05","0","0","ntoskrnl.exe","func@0x1402990b0","[Unknown]","0x1402990b0"
"func@0x14023ffe8","9.99996e-05","537600","0","ntoskrnl.exe","func@0x14023ffe8","[Unknown]","0x14023ffe8"
"func@0x1402f7772","9.99996e-05","0","0","ntoskrnl.exe","func@0x1402f7772","[Unknown]","0x1402f7772"
"func@0x1408bfafa","9.99996e-05","0","0","ntoskrnl.exe","func@0x1408bfafa","[Unknown]","0x1408bfafa"
"func@0x140269560","9.99996e-05","0","0","ntoskrnl.exe","func@0x140269560","[Unknown]","0x140269560"
"func@0x1404480cc","9.99996e-05","0","0.142857","ntoskrnl.exe","func@0x1404480cc","[Unknown]","0x1404480cc"
"func@0x140279dd7","9.99996e-05","0","0","ntoskrnl.exe","func@0x140279dd7","[Unknown]","0x140279dd7"
"func@0x140355f50","9.99996e-05","537600","0","ntoskrnl.exe","func@0x140355f50","[Unknown]","0x140355f50"
"func@0x1409350e3","9.99996e-05","537600","0.1","ntoskrnl.exe","func@0x1409350e3","[Unknown]","0x1409350e3"
"KeRcuReadUnlock","9.99996e-05","0","0","ntoskrnl.exe","KeRcuReadUnlock","[Unknown]","0x14040eff0"
"func@0x14041b940","9.99996e-05","0","0.25","ntoskrnl.exe","func@0x14041b940","[Unknown]","0x14041b940"
"func@0x140295e70","9.99996e-05","0","","ntoskrnl.exe","func@0x140295e70","[Unknown]","0x140295e70"
"func@0x1404014c0","9.99996e-05","1075200","","ntoskrnl.exe","func@0x1404014c0","[Unknown]","0x1404014c0"
"func@0x140320455","9.99996e-05","537600","","ntoskrnl.exe","func@0x140320455","[Unknown]","0x140320455"
"func@0x14030b490","9.99996e-05","0","0","ntoskrnl.exe","func@0x14030b490","[Unknown]","0x14030b490"
"func@0x1402ce820","9.99996e-05","0","0","ntoskrnl.exe","func@0x1402ce820","[Unknown]","0x1402ce820"
"func@0x14025c270","9.99996e-05","0","0","ntoskrnl.exe","func@0x14025c270","[Unknown]","0x14025c270"
"func@0x1403cebba","9.99996e-05","0","0","ntoskrnl.exe","func@0x1403cebba","[Unknown]","0x1403cebba"
"func@0x14033ef40","9.99996e-05","0","0","ntoskrnl.exe","func@0x14033ef40","[Unknown]","0x14033ef40"
"func@0x1403db639","9.99996e-05","0","0","ntoskrnl.exe","func@0x1403db639","[Unknown]","0x1403db639"
"NtWriteFile","9.99996e-05","0","0","ntoskrnl.exe","NtWriteFile","[Unknown]","0x1408bfa70"
"func@0x1404d684b","9.99996e-05","0","0.5","ntoskrnl.exe","func@0x1404d684b","[Unknown]","0x1404d684b"
"func@0x140391750","9.99996e-05","0","0","ntoskrnl.exe","func@0x140391750","[Unknown]","0x140391750"
"func@0x140292030","9.99996e-05","537600","0.5","ntoskrnl.exe","func@0x140292030","[Unknown]","0x140292030"
"func@0x14022b999","9.99996e-05","0","","ntoskrnl.exe","func@0x14022b999","[Unknown]","0x14022b999"
"ExAcquireFastMutex","9.99996e-05","1612800","0.416667","ntoskrnl.exe","ExAcquireFastMutex","[Unknown]","0x140313530"
"func@0x1402961b4","9.99996e-05","0","0","ntoskrnl.exe","func@0x1402961b4","[Unknown]","0x1402961b4"
"func@0x1402090f0","9.99996e-05","0","0","ntoskrnl.exe","func@0x1402090f0","[Unknown]","0x1402090f0"
"func@0x1402a07f9","9.99996e-05","0","0","ntoskrnl.exe","func@0x1402a07f9","[Unknown]","0x1402a07f9"
"func@0x140395df1","9.99996e-05","0","0","ntoskrnl.exe","func@0x140395df1","[Unknown]","0x140395df1"
"func@0x1402f66f0","9.99996e-05","0","0","ntoskrnl.exe","func@0x1402f66f0","[Unknown]","0x1402f66f0"
"PfFileInfoNotify","9.99996e-05","0","0.166667","ntoskrnl.exe","PfFileInfoNotify","[Unknown]","0x140229fc0"
"func@0x140848c33","9.99996e-05","0","0.333333","ntoskrnl.exe","func@0x140848c33","[Unknown]","0x140848c33"
"MmUnlockPages","9.99996e-05","537600","0.333333","ntoskrnl.exe","MmUnlockPages","[Unknown]","0x14025ed20"
"func@0x140208168","9.99996e-05","0","0.5","ntoskrnl.exe","func@0x140208168","[Unknown]","0x140208168"
"func@0x1402b854f","9.99996e-05","537600","0.5","ntoskrnl.exe","func@0x1402b854f","[Unknown]","0x1402b854f"
"CcCopyReadEx","9.99996e-05","0","0","ntoskrnl.exe","CcCopyReadEx","[Unknown]","0x1404d5420"
"func@0x1402cf72c","9.99996e-05","0","0.25","ntoskrnl.exe","func@0x1402cf72c","[Unknown]","0x1402cf72c"
"func@0x1402262a0","9.99996e-05","0","0.5","ntoskrnl.exe","func@0x1402262a0","[Unknown]","0x1402262a0"
"KeQueryPerformanceCounter","9.99996e-05","0","0","ntoskrnl.exe","KeQueryPerformanceCounter","[Unknown]","0x140363710"
"func@0x1402ff770","9.99996e-05","0","0","ntoskrnl.exe","func@0x1402ff770","[Unknown]","0x1402ff770"
"ObfReferenceObjectWithTag","9.99996e-05","0","0","ntoskrnl.exe","ObfReferenceObjectWithTag","[Unknown]","0x1403150c0"
"func@0x1402ca9c0","9.99996e-05","537600","0.25","ntoskrnl.exe","func@0x1402ca9c0","[Unknown]","0x1402ca9c0"
"func@0x1402a82ff","9.99996e-05","0","0","ntoskrnl.exe","func@0x1402a82ff","[Unknown]","0x1402a82ff"
"func@0x1403c9f89","9.99996e-05","0","0","ntoskrnl.exe","func@0x1403c9f89","[Unknown]","0x1403c9f89"
"func@0x1402be1fb","9.99996e-05","0","0","ntoskrnl.exe","func@0x1402be1fb","[Unknown]","0x1402be1fb"
"ExReleaseFastMutex","9.99996e-05","0","0.1","ntoskrnl.exe","ExReleaseFastMutex","[Unknown]","0x1402bc7d0"
"func@0x1404457a0","9.99996e-05","0","0","ntoskrnl.exe","func@0x1404457a0","[Unknown]","0x1404457a0"
"IoGetRequestorProcessId","9.99996e-05","0","0","ntoskrnl.exe","IoGetRequestorProcessId","[Unknown]","0x140406220"
"func@0x140333930","9.99996e-05","0","0","ntoskrnl.exe","func@0x140333930","[Unknown]","0x140333930"
"func@0x1409892a0","9.99996e-05","0","0.166667","ntoskrnl.exe","func@0x1409892a0","[Unknown]","0x1409892a0"
"func@0x1403ce4b0","9.99996e-05","0","","ntoskrnl.exe","func@0x1403ce4b0","[Unknown]","0x1403ce4b0"
"func@0x14023d520","9.99996e-05","0","0","ntoskrnl.exe","func@0x14023d520","[Unknown]","0x14023d520"
"func@0x1402374d0","9.99996e-05","0","0","ntoskrnl.exe","func@0x1402374d0","[Unknown]","0x1402374d0"
"func@0x14089a8e0","9.99996e-05","0","0","ntoskrnl.exe","func@0x14089a8e0","[Unknown]","0x14089a8e0"
"func@0x14026f3c0","9.99996e-05","0","0","ntoskrnl.exe","func@0x14026f3c0","[Unknown]","0x14026f3c0"
"func@0x140209ee0","9.99996e-05","0","0","ntoskrnl.exe","func@0x140209ee0","[Unknown]","0x140209ee0"
"func@0x1402367c0","9.99996e-05","0","0","ntoskrnl.exe","func@0x1402367c0","[Unknown]","0x1402367c0"
"func@0x1409de1c9","9.99996e-05","0","0","ntoskrnl.exe","func@0x1409de1c9","[Unknown]","0x1409de1c9"
"func@0x1402a71a0","9.99996e-05","0","0.133333","ntoskrnl.exe","func@0x1402a71a0","[Unknown]","0x1402a71a0"
"PsGetCurrentProcessId","9.99996e-05","537600","0","ntoskrnl.exe","PsGetCurrentProcessId","[Unknown]","0x140421250"
"func@0x14091a10d","9.99996e-05","537600","0","ntoskrnl.exe","func@0x14091a10d","[Unknown]","0x14091a10d"
"func@0x1404085d1","9.99996e-05","0","0.25","ntoskrnl.exe","func@0x1404085d1","[Unknown]","0x1404085d1"
"func@0x14033d640","9.99996e-05","0","0","ntoskrnl.exe","func@0x14033d640","[Unknown]","0x14033d640"
"func@0x140849130","9.99996e-05","0","0","ntoskrnl.exe","func@0x140849130","[Unknown]","0x140849130"
"func@0x140308750","9.99996e-05","2150400","1","ntoskrnl.exe","func@0x140308750","[Unknown]","0x140308750"
"memcmp","9.99996e-05","537600","","ntoskrnl.exe","memcmp","[Unknown]","0x1406c1710"
"func@0x1402d6620","9.99996e-05","0","0","ntoskrnl.exe","func@0x1402d6620","[Unknown]","0x1402d6620"
"func@0x140357ee0","9.99996e-05","0","0","ntoskrnl.exe","func@0x140357ee0","[Unknown]","0x140357ee0"
"func@0x1404e0c30","9.99996e-05","0","0","ntoskrnl.exe","func@0x1404e0c30","[Unknown]","0x1404e0c30"
"func@0x1403d8630","9.99996e-05","0","0","ntoskrnl.exe","func@0x1403d8630","[Unknown]","0x1403d8630"
"func@0x1403ab5b2","9.99996e-05","0","0","ntoskrnl.exe","func@0x1403ab5b2","[Unknown]","0x1403ab5b2"
"func@0x140842ed0","9.99996e-05","0","0","ntoskrnl.exe","func@0x140842ed0","[Unknown]","0x140842ed0"
"func@0x1403af828","9.99996e-05","0","0.1875","ntoskrnl.exe","func@0x1403af828","[Unknown]","0x1403af828"
"func@0x14044f401","9.99996e-05","0","0.75","ntoskrnl.exe","func@0x14044f401","[Unknown]","0x14044f401"
"func@0x140296dd2","9.99996e-05","0","0","ntoskrnl.exe","func@0x140296dd2","[Unknown]","0x140296dd2"
"KeEnterGuardedRegion","9.99996e-05","537600","0","ntoskrnl.exe","KeEnterGuardedRegion","[Unknown]","0x140415420"
"func@0x14028f5c0","9.99996e-05","0","0","ntoskrnl.exe","func@0x14028f5c0","[Unknown]","0x14028f5c0"
"func@0x14084140e","9.99996e-05","0","0","ntoskrnl.exe","func@0x14084140e","[Unknown]","0x14084140e"
"func@0x140300370","9.99996e-05","0","0","ntoskrnl.exe","func@0x140300370","[Unknown]","0x140300370"
"func@0x14030a930","9.99996e-05","0","0.25","ntoskrnl.exe","func@0x14030a930","[Unknown]","0x14030a930"
"func@0x14027dbc0","9.99996e-05","4300800","0.15","ntoskrnl.exe","func@0x14027dbc0","[Unknown]","0x14027dbc0"
"func@0x140329e30","9.99996e-05","0","0","ntoskrnl.exe","func@0x140329e30","[Unknown]","0x140329e30"
"func@0x1403f9380","9.99996e-05","0","0","ntoskrnl.exe","func@0x1403f9380","[Unknown]","0x1403f9380"
"func@0x14029c8cf","9.99996e-05","0","0","ntoskrnl.exe","func@0x14029c8cf","[Unknown]","0x14029c8cf"
"IoGetRelatedDeviceObject","9.99996e-05","0","0.5","ntoskrnl.exe","IoGetRelatedDeviceObject","[Unknown]","0x14025bd40"
"func@0x1400127c0","9.99996e-05","0","0","ntfs.sys","func@0x1400127c0","[Unknown]","0x1400127c0"
"func@0x1400b694c","9.99996e-05","0","1","atc.sys","func@0x1400b694c","[Unknown]","0x1400b694c"
"func@0x14013d0ea","9.99996e-05","0","0","ntfs.sys","func@0x14013d0ea","[Unknown]","0x14013d0ea"
"func@0x1403de9e0","9.99996e-05","0","0.125","ntoskrnl.exe","func@0x1403de9e0","[Unknown]","0x1403de9e0"
"func@0x1401514e0","9.99996e-05","0","","ntfs.sys","func@0x1401514e0","[Unknown]","0x1401514e0"
"func@0x1402a1bf0","9.99996e-05","0","0.2","ntoskrnl.exe","func@0x1402a1bf0","[Unknown]","0x1402a1bf0"
"func@0x140034a3c","9.99996e-05","0","0","dxgmms2.sys","func@0x140034a3c","[Unknown]","0x140034a3c"
"func@0x14004efb0","9.99996e-05","0","0","storport.sys","func@0x14004efb0","[Unknown]","0x14004efb0"
"func@0x140343c70","9.99996e-05","0","0.25","ntoskrnl.exe","func@0x140343c70","[Unknown]","0x140343c70"
"func@0x140010c70","9.99996e-05","0","0","dxgmms2.sys","func@0x140010c70","[Unknown]","0x140010c70"
"func@0x1402ff7d2","9.99996e-05","537600","0","ntoskrnl.exe","func@0x1402ff7d2","[Unknown]","0x1402ff7d2"
"func@0x180001d1c","9.99996e-05","0","0.0555556","bdhkm64.dll","func@0x180001d1c","[Unknown]","0x180001d1c"
"func@0x1402a3678","9.99996e-05","0","0","ntoskrnl.exe","func@0x1402a3678","[Unknown]","0x1402a3678"
"func@0x14030ac66","9.99996e-05","0","0.166667","ntoskrnl.exe","func@0x14030ac66","[Unknown]","0x14030ac66"
"func@0x1405ef760","9.99996e-05","0","0","atc.sys","func@0x1405ef760","[Unknown]","0x1405ef760"
"func@0x14002bb60","9.99996e-05","537600","0","dxgkrnl.sys","func@0x14002bb60","[Unknown]","0x14002bb60"
"func@0x1400db1a0","9.99996e-05","0","0","atc.sys","func@0x1400db1a0","[Unknown]","0x1400db1a0"
"func@0x14040f560","9.99996e-05","0","0","atc.sys","func@0x14040f560","[Unknown]","0x14040f560"
"func@0x180010074","9.99996e-05","0","0","fltmgr.sys","func@0x180010074","[Unknown]","0x180010074"
"AreFileApisANSI","9.99996e-05","0","0","kernel32.dll","AreFileApisANSI","[Unknown]","0x18003e780"
"func@0x1406124a4","9.99996e-05","0","0","atc.sys","func@0x1406124a4","[Unknown]","0x1406124a4"
"func@0x140005c0c","9.99996e-05","0","0","dxgmms2.sys","func@0x140005c0c","[Unknown]","0x140005c0c"
"func@0x140127df0","9.99996e-05","0","0","ntfs.sys","func@0x140127df0","[Unknown]","0x140127df0"
"func@0x1400cdbd0","9.99996e-05","0","0","nvlddmkm.sys","func@0x1400cdbd0","[Unknown]","0x1400cdbd0"
"func@0x140159f10","9.99996e-05","0","0","vlflt.sys","func@0x140159f10","[Unknown]","0x140159f10"
"func@0x1400073b0","9.99996e-05","0","0","bindflt.sys","func@0x1400073b0","[Unknown]","0x1400073b0"
"func@0x14002ea30","9.99996e-05","0","0.25","ntfs.sys","func@0x14002ea30","[Unknown]","0x14002ea30"
"func@0x1400054c0","9.99996e-05","0","0","ntfs.sys","func@0x1400054c0","[Unknown]","0x1400054c0"
"func@0x140007010","9.99996e-05","0","0.25","bindflt.sys","func@0x140007010","[Unknown]","0x140007010"
"func@0x14001aed0","9.99996e-05","0","0","storport.sys","func@0x14001aed0","[Unknown]","0x14001aed0"
"func@0x1402e9ae0","9.99996e-05","0","0","atc.sys","func@0x1402e9ae0","[Unknown]","0x1402e9ae0"
"func@0x140195040","9.99996e-05","0","0.5","atc.sys","func@0x140195040","[Unknown]","0x140195040"
"func@0x1401c2860","9.99996e-05","0","0","atc.sys","func@0x1401c2860","[Unknown]","0x1401c2860"
"func@0x1400b91c0","9.99996e-05","0","0","atc.sys","func@0x1400b91c0","[Unknown]","0x1400b91c0"
"func@0x18000c880","9.99996e-05","537600","","ntdll.dll","func@0x18000c880","[Unknown]","0x18000c880"
"read","9.99996e-05","537600","0","ucrtbase.dll","read","[Unknown]","0x180007b70"
"func@0x18000f560","9.99996e-05","0","0","fltmgr.sys","func@0x18000f560","[Unknown]","0x18000f560"
"func@0x180044b80","9.99996e-05","0","0","ntdll.dll","func@0x180044b80","[Unknown]","0x180044b80"
"func@0x14024de1d","9.99996e-05","1075200","0.166667","ntoskrnl.exe","func@0x14024de1d","[Unknown]","0x14024de1d"
"fputc","9.99996e-05","0","0","ucrtbase.dll","fputc","[Unknown]","0x18001d930"
"func@0x1401950c0","9.99996e-05","0","0","atc.sys","func@0x1401950c0","[Unknown]","0x1401950c0"
"func@0x18000dff0","9.99996e-05","0","0.5","fltmgr.sys","func@0x18000dff0","[Unknown]","0x18000dff0"
"func@0x1402f8e80","9.99996e-05","0","0","atc.sys","func@0x1402f8e80","[Unknown]","0x1402f8e80"
"func@0x140405760","9.99996e-05","0","0.125","atc.sys","func@0x140405760","[Unknown]","0x140405760"
"stbi__jpeg_get_bits","9.99996e-05","1075200","0.142857","kip_sequential_soa_profile.exe","stbi__jpeg_get_bits","stb_image.h","0x14001319d"
"std::vector<unsigned char,std::allocator<unsigned char> >::operator[]","9.99996e-05","537600","0","kip_sequential_soa_profile.exe","std::vector<unsigned char,std::allocator<unsigned char> >::operator[]","vector","0x14002657d"
"func@0x14026c660","9.99996e-05","0","0.166667","atc.sys","func@0x14026c660","[Unknown]","0x14026c660"
"func@0x1800081d0","9.99996e-05","1075200","0","ucrtbase.dll","func@0x1800081d0","[Unknown]","0x1800081d0"
"func@0x1401c3a40","9.99996e-05","537600","0.166667","atc.sys","func@0x1401c3a40","[Unknown]","0x1401c3a40"
"FltGetStreamHandleContext","9.99996e-05","2688000","0.3125","fltmgr.sys","FltGetStreamHandleContext","[Unknown]","0x180008e90"
"std::vector<unsigned char,std::allocator<unsigned char> >::operator[]","9.99996e-05","0","0","kip_sequential_soa_profile.exe","std::vector<unsigned char,std::allocator<unsigned char> >::operator[]","vector","0x140026675"
"func@0x140410180","9.99996e-05","0","0.125","atc.sys","func@0x140410180","[Unknown]","0x140410180"
"func@0x1800098b0","9.99996e-05","1075200","0","fltmgr.sys","func@0x1800098b0","[Unknown]","0x1800098b0"
"func@0x18004f56c","9.99996e-05","0","0","ntdll.dll","func@0x18004f56c","[Unknown]","0x18004f56c"
"func@0x1403e95c0","9.99996e-05","0","0.5","atc.sys","func@0x1403e95c0","[Unknown]","0x1403e95c0"
"func@0x1801340b8","9.99996e-05","537600","0","ntdll.dll","func@0x1801340b8","[Unknown]","0x1801340b8"
"func@0x1402e4a4c","9.99996e-05","537600","0","atc.sys","func@0x1402e4a4c","[Unknown]","0x1402e4a4c"
"func@0x140033950","9.99996e-05","0","0","ntfs.sys","func@0x140033950","[Unknown]","0x140033950"
"func@0x1402ca3e0","9.99996e-05","0","0","igdkmdn64.sys","func@0x1402ca3e0","[Unknown]","0x1402ca3e0"
"func@0x1403b9660","9.99996e-05","0","0","atc.sys","func@0x1403b9660","[Unknown]","0x1403b9660"
"func@0x140414da0","9.99996e-05","537600","0.2","atc.sys","func@0x140414da0","[Unknown]","0x140414da0"
"func@0x140415740","9.99996e-05","0","0","atc.sys","func@0x140415740","[Unknown]","0x140415740"
"func@0x18005ba50","9.99996e-05","0","0","cng.sys","func@0x18005ba50","[Unknown]","0x18005ba50"
"func@0x18005a0ac","9.99996e-05","0","0.5","ntdll.dll","func@0x18005a0ac","[Unknown]","0x18005a0ac"
"func@0x1405ffec0","9.99996e-05","0","0","atc.sys","func@0x1405ffec0","[Unknown]","0x1405ffec0"
"stbi__mul2shorts_valid","9.99996e-05","3225600","0.3","kip_sequential_soa_profile.exe","stbi__mul2shorts_valid","stb_image.h","0x140021fa6"
"func@0x180091dd0","9.99996e-05","0","0","ntdll.dll","func@0x180091dd0","[Unknown]","0x180091dd0"
"func@0x1c0001dc0","9.99996e-05","0","0","fileinfo.sys","func@0x1c0001dc0","[Unknown]","0x1c0001dc0"
"func@0x1405f7840","9.99996e-05","0","0","atc.sys","func@0x1405f7840","[Unknown]","0x1405f7840"
"func@0x1402e5220","9.99996e-05","0","0.166667","atc.sys","func@0x1402e5220","[Unknown]","0x1402e5220"
"func@0x1400f78e0","9.99996e-05","0","0","iastorvd.sys","func@0x1400f78e0","[Unknown]","0x1400f78e0"
"func@0x140003120","9.99996e-05","0","0","iorate.sys","func@0x140003120","[Unknown]","0x140003120"
"bsearch","9.99996e-05","0","0","ntoskrnl.exe","bsearch","[Unknown]","0x1404fbff0"
"func@0x1403fcc00","9.99996e-05","0","0","atc.sys","func@0x1403fcc00","[Unknown]","0x1403fcc00"
"func@0x1404606c0","9.99996e-05","0","0","atc.sys","func@0x1404606c0","[Unknown]","0x1404606c0"
"func@0x140005b70","9.99996e-05","0","0","hdaudbus.sys","func@0x140005b70","[Unknown]","0x140005b70"
"func@0x18001a2cc","9.99996e-05","0","0","kernelbase.dll","func@0x18001a2cc","[Unknown]","0x18001a2cc"
"RtlEqualUnicodeString","9.99996e-05","0","0","ntdll.dll","RtlEqualUnicodeString","[Unknown]","0x1800a7500"
"func@0x140320ee0","9.99996e-05","0","0.25","atc.sys","func@0x140320ee0","[Unknown]","0x140320ee0"
"func@0x140461780","9.99996e-05","0","0","atc.sys","func@0x140461780","[Unknown]","0x140461780"
"load_jpeg_image","9.99996e-05","1075200","0.115385","kip_sequential_soa_profile.exe","load_jpeg_image","stb_image.h","0x140012541"
"func@0x140415580","9.99996e-05","537600","0.5","atc.sys","func@0x140415580","[Unknown]","0x140415580"
"NdisReferenceWithTag","9.99996e-05","0","0","ndis.sys","NdisReferenceWithTag","[Unknown]","0x1400111d0"
"func@0x180019ae0","9.99996e-05","0","0","apphelp.dll","func@0x180019ae0","[Unknown]","0x180019ae0"
"func@0x1402e6f20","9.99996e-05","0","0","atc.sys","func@0x1402e6f20","[Unknown]","0x1402e6f20"
"func@0x1401c37c0","9.99996e-05","0","0","atc.sys","func@0x1401c37c0","[Unknown]","0x1401c37c0"
"func@0x14047ca00","9.99996e-05","0","0.125","atc.sys","func@0x14047ca00","[Unknown]","0x14047ca00"
"func@0x140482698","9.99996e-05","537600","0.5","atc.sys","func@0x140482698","[Unknown]","0x140482698"
"RtlLookupFunctionEntry","9.99996e-05","0","0","ntdll.dll","RtlLookupFunctionEntry","[Unknown]","0x180041b10"
"func@0x1800444d4","9.99996e-05","1075200","0","apphelp.dll","func@0x1800444d4","[Unknown]","0x1800444d4"
"func@0x180047230","9.99996e-05","0","0","ntdll.dll","func@0x180047230","[Unknown]","0x180047230"
"func@0x1401c07d4","9.99996e-05","0","0","atc.sys","func@0x1401c07d4","[Unknown]","0x1401c07d4"
"func@0x1800044d3","9.99996e-05","0","0","apphelp.dll","func@0x1800044d3","[Unknown]","0x1800044d3"
"func@0x1800bd9ab","9.99996e-05","537600","0.833333","ntdll.dll","func@0x1800bd9ab","[Unknown]","0x1800bd9ab"
"func@0x1801668c0","9.99996e-05","0","0","ntdll.dll","func@0x1801668c0","[Unknown]","0x1801668c0"
"func@0x14040fc80","9.99996e-05","0","0","atc.sys","func@0x14040fc80","[Unknown]","0x14040fc80"
"func@0x140164850","9.99996e-05","0","0","ntfs.sys","func@0x140164850","[Unknown]","0x140164850"
"func@0x1401590df","9.99996e-05","0","0","vlflt.sys","func@0x1401590df","[Unknown]","0x1401590df"
"func@0x180164120","9.99996e-05","0","0","ntdll.dll","func@0x180164120","[Unknown]","0x180164120"
"NtClose","9.99996e-05","0","0","ntdll.dll","NtClose","[Unknown]","0x180160550"
"func@0x14038a1b0","9.99996e-05","0","0","igdkmdn64.sys","func@0x14038a1b0","[Unknown]","0x14038a1b0"
"func@0x140021a60","9.99996e-05","0","0","igdkmdn64.sys","func@0x140021a60","[Unknown]","0x140021a60"
"func@0x140188a60","9.99996e-05","0","0","ntfs.sys","func@0x140188a60","[Unknown]","0x140188a60"
"func@0x140250bb0","9.99996e-05","0","0","ntfs.sys","func@0x140250bb0","[Unknown]","0x140250bb0"
"func@0x140156560","9.99996e-05","3225600","0.375","ntfs.sys","func@0x140156560","[Unknown]","0x140156560"
"func@0x140046700","9.99996e-05","0","0","igdkmdn64.sys","func@0x140046700","[Unknown]","0x140046700"
"RtlReleaseSRWLockExclusive","9.99996e-05","0","0","ntdll.dll","RtlReleaseSRWLockExclusive","[Unknown]","0x18006c390"
"func@0x14004ad80","9.99996e-05","0","0","igdkmdn64.sys","func@0x14004ad80","[Unknown]","0x14004ad80"
"func@0x18016410c","9.99996e-05","0","0","ntdll.dll","func@0x18016410c","[Unknown]","0x18016410c"
"func@0x180115ab8","9.99996e-05","0","0.5","ntdll.dll","func@0x180115ab8","[Unknown]","0x180115ab8"
"func@0x14021bbe0","9.99996e-05","0","0","igdkmdn64.sys","func@0x14021bbe0","[Unknown]","0x14021bbe0"
"func@0x140037450","9.99996e-05","0","0","igdkmdn64.sys","func@0x140037450","[Unknown]","0x140037450"
"func@0x1800ad3a8","9.99996e-05","0","0","ntdll.dll","func@0x1800ad3a8","[Unknown]","0x1800ad3a8"
"memset","9.99996e-05","0","0","ntdll.dll","memset","[Unknown]","0x180171030"
"func@0x140037540","9.99996e-05","537600","0","igdkmdn64.sys","func@0x140037540","[Unknown]","0x140037540"
"func@0x140001b60","9.99996e-05","0","0","intelppm.sys","func@0x140001b60","[Unknown]","0x140001b60"
"func@0x14003e4f0","9.99996e-05","0","0","igdkmdn64.sys","func@0x14003e4f0","[Unknown]","0x14003e4f0"
"func@0x140034d20","9.99996e-05","0","0","vlflt.sys","func@0x140034d20","[Unknown]","0x140034d20"
"func@0x14012fb90","9.99996e-05","0","0","igdkmdn64.sys","func@0x14012fb90","[Unknown]","0x14012fb90"
"func@0x140223e40","9.99996e-05","0","0","igdkmdn64.sys","func@0x140223e40","[Unknown]","0x140223e40"
"func@0x140181a00","9.99996e-05","0","0","igdkmdn64.sys","func@0x140181a00","[Unknown]","0x140181a00"
"func@0x140317ac0","9.99996e-05","0","0","igdkmdn64.sys","func@0x140317ac0","[Unknown]","0x140317ac0"
"func@0x1403b82d0","9.99996e-05","0","0","igdkmdn64.sys","func@0x1403b82d0","[Unknown]","0x1403b82d0"
"func@0x140005b40","9.99996e-05","0","0.03125","intelppm.sys","func@0x140005b40","[Unknown]","0x140005b40"
"func@0x140257480","9.99996e-05","0","0","ntfs.sys","func@0x140257480","[Unknown]","0x140257480"
"func@0x140002fb0","9.99996e-05","0","0","partmgr.sys","func@0x140002fb0","[Unknown]","0x140002fb0"
"func@0x1401820e0","9.99996e-05","0","0","igdkmdn64.sys","func@0x1401820e0","[Unknown]","0x1401820e0"
"func@0x1403b62a0","9.99996e-05","0","0","igdkmdn64.sys","func@0x1403b62a0","[Unknown]","0x1403b62a0"
"func@0x140483480","9.99996e-05","0","0","igdkmdn64.sys","func@0x140483480","[Unknown]","0x140483480"
"operator delete","9.99996e-05","0","0","kip_sequential_soa_profile.exe","operator delete(void *,unsigned __int64)","delete_scalar_size.cpp","0x1400277e0"
"stbiw__putc","9.99996e-05","0","0","kip_sequential_soa_profile.exe","stbiw__putc","stb_image_write.h","0x1400247ac"
"func@0x140136ba0","9.99996e-05","0","0","ntfs.sys","func@0x140136ba0","[Unknown]","0x140136ba0"
"func@0x14001ce16","9.99996e-05","0","0","vlflt.sys","func@0x14001ce16","[Unknown]","0x14001ce16"
"stbiw__putc","9.99996e-05","3225600","0.266667","kip_sequential_soa_profile.exe","stbiw__putc","stb_image_write.h","0x140024a48"
"func@0x1400067e0","9.99996e-05","0","0","dxgmms2.sys","func@0x1400067e0","[Unknown]","0x1400067e0"
"func@0x180075280","9.99996e-05","0","0.5","atcuf64.dll","func@0x180075280","[Unknown]","0x180075280"
"FltDecodeParameters","9.99996e-05","0","0","fltmgr.sys","FltDecodeParameters","[Unknown]","0x18000f3d0"
"func@0x18002d5c0","9.99996e-05","0","0","atcuf64.dll","func@0x18002d5c0","[Unknown]","0x18002d5c0"
"func@0x180024440","9.99996e-05","0","0.5","fltmgr.sys","func@0x180024440","[Unknown]","0x180024440"
"FltIsOperationSynchronous","9.99996e-05","0","0.5","fltmgr.sys","FltIsOperationSynchronous","[Unknown]","0x180016520"
"stbi__refill_buffer","9.99996e-05","0","0.333333","kip_sequential_soa_profile.exe","stbi__refill_buffer","stb_image.h","0x140021b41"
"func@0x180065c00","9.99996e-05","0","","fltmgr.sys","func@0x180065c00","[Unknown]","0x180065c00"
"func@0x18000c310","9.99996e-05","0","0","fltmgr.sys","func@0x18000c310","[Unknown]","0x18000c310"
"func@0x180003f56","9.99996e-05","0","0","fltmgr.sys","func@0x180003f56","[Unknown]","0x180003f56"
"func@0x180127b8c","9.99996e-05","0","0","ntdll.dll","func@0x180127b8c","[Unknown]","0x180127b8c"
"func@0x18000b220","9.99996e-05","0","","fltmgr.sys","func@0x18000b220","[Unknown]","0x18000b220"
"func@0x18001a4a0","9.99996e-05","0","0","atcuf64.dll","func@0x18001a4a0","[Unknown]","0x18001a4a0"
"func@0x1401d3440","9.99996e-05","0","0","ntfs.sys","func@0x1401d3440","[Unknown]","0x1401d3440"
"func@0x140035790","9.99996e-05","0","0","vlflt.sys","func@0x140035790","[Unknown]","0x140035790"
"fileno","9.99996e-05","0","0","ucrtbase.dll","fileno","[Unknown]","0x180007d40"
"func@0x140005e00","9.99996e-05","0","0.25","ntfs.sys","func@0x140005e00","[Unknown]","0x140005e00"
"free_base","9.99996e-05","0","0","ucrtbase.dll","free_base","[Unknown]","0x180012d60"
"std::vector<unsigned char,std::allocator<unsigned char> >::vector","9.99996e-05","0","0","kip_sequential_soa_profile.exe","std::vector<unsigned char,std::allocator<unsigned char> >::vector","vector","0x14002558c"
"func@0x1401a9ed0","9.99996e-05","0","0","ntfs.sys","func@0x1401a9ed0","[Unknown]","0x1401a9ed0"
"func@0x18001c0c0","9.99996e-05","0","0","bdhkm64.dll","func@0x18001c0c0","[Unknown]","0x18001c0c0"
"func@0x14014d0b2","9.99996e-05","0","0","vlflt.sys","func@0x14014d0b2","[Unknown]","0x14014d0b2"
"func@0x1800577f0","9.99996e-05","0","0","fltmgr.sys","func@0x1800577f0","[Unknown]","0x1800577f0"
"func@0x1800181a0","9.99996e-05","0","0.125","bdhkm64.dll","func@0x1800181a0","[Unknown]","0x1800181a0"
"func@0x140006d60","9.99996e-05","0","0","ntfs.sys","func@0x140006d60","[Unknown]","0x140006d60"
"RtlTryAcquireSRWLockShared","9.99996e-05","2150400","0.0714286","ntdll.dll","RtlTryAcquireSRWLockShared","[Unknown]","0x18004b210"
"stbiw__putc","9.99996e-05","1612800","0.4375","kip_sequential_soa_profile.exe","stbiw__putc","stb_image_write.h","0x140024ae3"
"FltSupportsStreamContexts","9.99996e-05","537600","0.5","fltmgr.sys","FltSupportsStreamContexts","[Unknown]","0x180014370"
"func@0x140008420","9.99996e-05","0","0","ntfs.sys","func@0x140008420","[Unknown]","0x140008420"
"func@0x180007120","9.99996e-05","0","0","ucrtbase.dll","func@0x180007120","[Unknown]","0x180007120"
"func@0x1800819a0","9.99996e-05","0","0","atcuf64.dll","func@0x1800819a0","[Unknown]","0x1800819a0"
"func@0x180134a34","9.99996e-05","537600","0","ntdll.dll","func@0x180134a34","[Unknown]","0x180134a34"
"func@0x1401f2a70","9.99996e-05","0","0","ntfs.sys","func@0x1401f2a70","[Unknown]","0x1401f2a70"
"func@0x180017f40","9.99996e-05","537600","0","bdhkm64.dll","func@0x180017f40","[Unknown]","0x180017f40"
"stbi__jpeg_get_bits","9.99996e-05","1075200","0.5","kip_sequential_soa_profile.exe","stbi__jpeg_get_bits","stb_image.h","0x140012dfc"
"func@0x180002ce0","9.99996e-05","0","0","fltmgr.sys","func@0x180002ce0","[Unknown]","0x180002ce0"
"func@0x140038bf0","9.99996e-05","0","0","ntfs.sys","func@0x140038bf0","[Unknown]","0x140038bf0"
"func@0x180001500","9.99996e-05","0","","symcryptk.dll","func@0x180001500","[Unknown]","0x180001500"
"FltAcquirePushLockShared","9.99996e-05","537600","0.166667","fltmgr.sys","FltAcquirePushLockShared","[Unknown]","0x180013c40"
"func@0x180033f00","9.99996e-05","0","0","bdhkm64.dll","func@0x180033f00","[Unknown]","0x180033f00"
"func@0x18002d7e0","9.99996e-05","0","0","bdhkm64.dll","func@0x18002d7e0","[Unknown]","0x18002d7e0"
"func@0x1400e23d0","9.99996e-05","0","0","tcpip.sys","func@0x1400e23d0","[Unknown]","0x1400e23d0"
"std::vector<unsigned char,std::allocator<unsigned char> >::operator[]","9.99996e-05","2688000","0.833333","kip_sequential_soa_profile.exe","std::vector<unsigned char,std::allocator<unsigned char> >::operator[]","vector","0x14000e53a"
"func@0x140316fe0","0","2688000","0.178571","ntoskrnl.exe","func@0x140316fe0","[Unknown]","0x140316fe0"
"func@0x14027fcd0","0","0","0.5","ntoskrnl.exe","func@0x14027fcd0","[Unknown]","0x14027fcd0"
"func@0x14023cf64","0","537600","0","ntoskrnl.exe","func@0x14023cf64","[Unknown]","0x14023cf64"
"func@0x14029ef34","0","1075200","0.3125","ntoskrnl.exe","func@0x14029ef34","[Unknown]","0x14029ef34"
"func@0x1404e0250","0","537600","0","ntoskrnl.exe","func@0x1404e0250","[Unknown]","0x1404e0250"
"func@0x140342b60","0","0","0.333333","ntoskrnl.exe","func@0x140342b60","[Unknown]","0x140342b60"
"func@0x1404e0010","0","537600","0","ntoskrnl.exe","func@0x1404e0010","[Unknown]","0x1404e0010"
"func@0x1403f4e00","0","537600","0","atc.sys","func@0x1403f4e00","[Unknown]","0x1403f4e00"
"func@0x14043f70c","0","2150400","1","ntoskrnl.exe","func@0x14043f70c","[Unknown]","0x14043f70c"
"func@0x1403d5c00","0","537600","0","atc.sys","func@0x1403d5c00","[Unknown]","0x1403d5c00"
"func@0x140612454","0","1075200","0.375","atc.sys","func@0x140612454","[Unknown]","0x140612454"
"func@0x1402e5b00","0","537600","0","atc.sys","func@0x1402e5b00","[Unknown]","0x1402e5b00"
"func@0x14025ee60","0","0","0.25","atc.sys","func@0x14025ee60","[Unknown]","0x14025ee60"
"IoSetTopLevelIrp","0","0","1","ntoskrnl.exe","IoSetTopLevelIrp","[Unknown]","0x14041bd10"
"func@0x140242460","0","1075200","0","ntoskrnl.exe","func@0x140242460","[Unknown]","0x140242460"
"func@0x14033a3e0","0","1612800","1","ntoskrnl.exe","func@0x14033a3e0","[Unknown]","0x14033a3e0"
"func@0x1403845e0","0","537600","0.5","atc.sys","func@0x1403845e0","[Unknown]","0x1403845e0"
"func@0x1402e5164","0","0","0.166667","atc.sys","func@0x1402e5164","[Unknown]","0x1402e5164"
"func@0x1405a7ab0","0","0","0.25","atc.sys","func@0x1405a7ab0","[Unknown]","0x1405a7ab0"
"func@0x14032ae30","0","0","0.25","ntoskrnl.exe","func@0x14032ae30","[Unknown]","0x14032ae30"
"func@0x1405a77e0","0","1075200","","atc.sys","func@0x1405a77e0","[Unknown]","0x1405a77e0"
"func@0x1402e4200","0","537600","0","atc.sys","func@0x1402e4200","[Unknown]","0x1402e4200"
"func@0x1402e4ae0","0","1075200","0.166667","atc.sys","func@0x1402e4ae0","[Unknown]","0x1402e4ae0"
"func@0x1402d78a0","0","0","0.25","atc.sys","func@0x1402d78a0","[Unknown]","0x1402d78a0"
"func@0x140333163","0","537600","0.1","ntoskrnl.exe","func@0x140333163","[Unknown]","0x140333163"
"func@0x1400bbf20","0","0","0.5","atc.sys","func@0x1400bbf20","[Unknown]","0x1400bbf20"
"func@0x1405f06a0","0","0","0.5","atc.sys","func@0x1405f06a0","[Unknown]","0x1405f06a0"
"func@0x14029f65c","0","537600","0.625","ntoskrnl.exe","func@0x14029f65c","[Unknown]","0x14029f65c"
"func@0x1402e5060","0","537600","0.5","atc.sys","func@0x1402e5060","[Unknown]","0x1402e5060"
"func@0x1402feccf","0","0","1","ntoskrnl.exe","func@0x1402feccf","[Unknown]","0x1402feccf"
"func@0x1405f07a0","0","537600","0","atc.sys","func@0x1405f07a0","[Unknown]","0x1405f07a0"
"func@0x1402506ec","0","0","0.5","ntoskrnl.exe","func@0x1402506ec","[Unknown]","0x1402506ec"
"func@0x140414140","0","0","0.5","atc.sys","func@0x140414140","[Unknown]","0x140414140"
"func@0x1405df32c","0","537600","0.166667","ntoskrnl.exe","func@0x1405df32c","[Unknown]","0x1405df32c"
"func@0x140282a80","0","537600","0","ntoskrnl.exe","func@0x140282a80","[Unknown]","0x140282a80"
"KeCheckProcessorAffinityEx","0","537600","","ntoskrnl.exe","KeCheckProcessorAffinityEx","[Unknown]","0x1403d0fc0"
"func@0x140073060","0","537600","0","atc.sys","func@0x140073060","[Unknown]","0x140073060"
"func@0x1405fb660","0","537600","0.25","atc.sys","func@0x1405fb660","[Unknown]","0x1405fb660"
"func@0x1403f7e20","0","537600","0.5","atc.sys","func@0x1403f7e20","[Unknown]","0x1403f7e20"
"func@0x140844f10","0","537600","1","ntoskrnl.exe","func@0x140844f10","[Unknown]","0x140844f10"
"func@0x140382740","0","0","1","atc.sys","func@0x140382740","[Unknown]","0x140382740"
"func@0x14047da10","0","537600","0","atc.sys","func@0x14047da10","[Unknown]","0x14047da10"
"func@0x1405ee9e0","0","1075200","0.25","atc.sys","func@0x1405ee9e0","[Unknown]","0x1405ee9e0"
"func@0x14020cf20","0","0","0.5","ntoskrnl.exe","func@0x14020cf20","[Unknown]","0x14020cf20"
"func@0x140416040","0","0","0.5","atc.sys","func@0x140416040","[Unknown]","0x140416040"
"func@0x1405db840","0","537600","0","ntoskrnl.exe","func@0x1405db840","[Unknown]","0x1405db840"
"func@0x1400730a0","0","0","0.5","atc.sys","func@0x1400730a0","[Unknown]","0x1400730a0"
"func@0x14040ede0","0","537600","0","atc.sys","func@0x14040ede0","[Unknown]","0x14040ede0"
"func@0x1403af7a0","0","537600","0.5","ntoskrnl.exe","func@0x1403af7a0","[Unknown]","0x1403af7a0"
"func@0x14020c165","0","268800","1","ntoskrnl.exe","func@0x14020c165","[Unknown]","0x14020c165"
"func@0x1404614e0","0","537600","0","atc.sys","func@0x1404614e0","[Unknown]","0x1404614e0"
"func@0x14025ff70","0","537600","0.25","ntoskrnl.exe","func@0x14025ff70","[Unknown]","0x14025ff70"
"func@0x1401c05e0","0","0","0.5","atc.sys","func@0x1401c05e0","[Unknown]","0x1401c05e0"
"func@0x140321f60","0","0","0.625","ntoskrnl.exe","func@0x140321f60","[Unknown]","0x140321f60"
"func@0x1402162a0","0","0","0.5","igdkmdn64.sys","func@0x1402162a0","[Unknown]","0x1402162a0"
"func@0x14024fc30","0","1075200","0.2","ntoskrnl.exe","func@0x14024fc30","[Unknown]","0x14024fc30"
"ExReleaseAutoExpandPushLockShared","0","0","0.5","ntoskrnl.exe","ExReleaseAutoExpandPushLockShared","[Unknown]","0x140283d90"
"func@0x140159230","0","0","0.125","igdkmdn64.sys","func@0x140159230","[Unknown]","0x140159230"
"func@0x140388690","0","4300800","0.875","ntoskrnl.exe","func@0x140388690","[Unknown]","0x140388690"
"func@0x1408489e0","0","0","0.25","ntoskrnl.exe","func@0x1408489e0","[Unknown]","0x1408489e0"
"func@0x1402b8190","0","0","0.5","igdkmdn64.sys","func@0x1402b8190","[Unknown]","0x1402b8190"
"func@0x1406a7250","0","537600","0.733333","ntoskrnl.exe","func@0x1406a7250","[Unknown]","0x1406a7250"
"func@0x140172830","0","0","0.5","igdkmdn64.sys","func@0x140172830","[Unknown]","0x140172830"
"func@0x14043f8f0","0","537600","0","ntoskrnl.exe","func@0x14043f8f0","[Unknown]","0x14043f8f0"
"ExAcquireCacheAwarePushLockSharedEx","0","2688000","0.444444","ntoskrnl.exe","ExAcquireCacheAwarePushLockSharedEx","[Unknown]","0x140314790"
"func@0x140841a30","0","537600","0","ntoskrnl.exe","func@0x140841a30","[Unknown]","0x140841a30"
"RtlCompareUnicodeString","0","537600","","ntoskrnl.exe","RtlCompareUnicodeString","[Unknown]","0x140935050"
"func@0x14035fce0","0","537600","0","ntoskrnl.exe","func@0x14035fce0","[Unknown]","0x14035fce0"
"func@0x14031bf10","0","537600","0","ntoskrnl.exe","func@0x14031bf10","[Unknown]","0x14031bf10"
"func@0x1404eff80","0","2150400","0.444444","ntoskrnl.exe","func@0x1404eff80","[Unknown]","0x1404eff80"
"func@0x14027f970","0","2688000","0.285714","ntoskrnl.exe","func@0x14027f970","[Unknown]","0x14027f970"
"func@0x1402467b0","0","537600","0.5","ntoskrnl.exe","func@0x1402467b0","[Unknown]","0x1402467b0"
"func@0x1402bcb00","0","0","0.25","ntoskrnl.exe","func@0x1402bcb00","[Unknown]","0x1402bcb00"
"func@0x18001a400","0","537600","0.166667","bdhkm64.dll","func@0x18001a400","[Unknown]","0x18001a400"
"func@0x1402068e0","0","0","1","ntoskrnl.exe","func@0x1402068e0","[Unknown]","0x1402068e0"
"func@0x14029d84b","0","537600","0","ntoskrnl.exe","func@0x14029d84b","[Unknown]","0x14029d84b"
"func@0x180019da0","0","0","0.5","atcuf64.dll","func@0x180019da0","[Unknown]","0x180019da0"
"func@0x1408bf1d2","0","537600","0","ntoskrnl.exe","func@0x1408bf1d2","[Unknown]","0x1408bf1d2"
"func@0x180081700","0","537600","0","atcuf64.dll","func@0x180081700","[Unknown]","0x180081700"
"stbiw__putc","0","537600","0","kip_sequential_soa_profile.exe","stbiw__putc","stb_image_write.h","0x140024a13"
"func@0x180020720","0","0","0.125","atcuf64.dll","func@0x180020720","[Unknown]","0x180020720"
"func@0x180020460","0","0","0.166667","atcuf64.dll","func@0x180020460","[Unknown]","0x180020460"
"func@0x180005200","0","1075200","0","bdhkm64.dll","func@0x180005200","[Unknown]","0x180005200"
"func@0x18009cc80","0","537600","1","atcuf64.dll","func@0x18009cc80","[Unknown]","0x18009cc80"
"func@0x14018b8a0","0","537600","0","ntfs.sys","func@0x14018b8a0","[Unknown]","0x14018b8a0"
"func@0x14032ffb0","0","537600","0","ntoskrnl.exe","func@0x14032ffb0","[Unknown]","0x14032ffb0"
"func@0x1403c2aa0","0","0","0.333333","ntoskrnl.exe","func@0x1403c2aa0","[Unknown]","0x1403c2aa0"
"func@0x180002a6e","0","537600","0","bdhkm64.dll","func@0x180002a6e","[Unknown]","0x180002a6e"
"stbiw__putc","0","0","1","kip_sequential_soa_profile.exe","stbiw__putc","stb_image_write.h","0x1400248f6"
"ExReleaseRundownProtectionCacheAware","0","537600","0","ntoskrnl.exe","ExReleaseRundownProtectionCacheAware","[Unknown]","0x14022ab80"
"func@0x140127ac0","0","537600","0","ntfs.sys","func@0x140127ac0","[Unknown]","0x140127ac0"
"func@0x140abcaf0","0","0","0.5","ntoskrnl.exe","func@0x140abcaf0","[Unknown]","0x140abcaf0"
"func@0x180082140","0","537600","0","atcuf64.dll","func@0x180082140","[Unknown]","0x180082140"
"func@0x1401690e0","0","537600","0","ntfs.sys","func@0x1401690e0","[Unknown]","0x1401690e0"
"func@0x180005d60","0","537600","0","bdhkm64.dll","func@0x180005d60","[Unknown]","0x180005d60"
"func@0x180029860","0","0","0.5","bdhkm64.dll","func@0x180029860","[Unknown]","0x180029860"
"func@0x1400e2fb0","0","537600","0","nvlddmkm.sys","func@0x1400e2fb0","[Unknown]","0x1400e2fb0"
"func@0x140282be2","0","1075200","0","ntoskrnl.exe","func@0x140282be2","[Unknown]","0x140282be2"
"func@0x1401564d9","0","0","0.5","ntfs.sys","func@0x1401564d9","[Unknown]","0x1401564d9"
"func@0x140338140","0","537600","0","ntoskrnl.exe","func@0x140338140","[Unknown]","0x140338140"
"func@0x140163890","0","0","0.1","ntfs.sys","func@0x140163890","[Unknown]","0x140163890"
"func@0x1402a0de0","0","537600","0","ntoskrnl.exe","func@0x1402a0de0","[Unknown]","0x1402a0de0"
"TlsGetValue","0","0","0.5","kernel32.dll","TlsGetValue","[Unknown]","0x180084560"
"func@0x140235c30","0","537600","0.25","ntoskrnl.exe","func@0x140235c30","[Unknown]","0x140235c30"
"func@0x1403ce568","0","0","0.125","ntoskrnl.exe","func@0x1403ce568","[Unknown]","0x1403ce568"
"func@0x1402bb880","0","0","0.25","ntoskrnl.exe","func@0x1402bb880","[Unknown]","0x1402bb880"
"func@0x1403b5b80","0","0","0.5","ntoskrnl.exe","func@0x1403b5b80","[Unknown]","0x1403b5b80"
"func@0x1401693d0","0","537600","0","ntfs.sys","func@0x1401693d0","[Unknown]","0x1401693d0"
"func@0x1800401a4","0","537600","0","msvcrt.dll","func@0x1800401a4","[Unknown]","0x1800401a4"
"std::vector<unsigned char,std::allocator<unsigned char> >::operator[]","0","537600","","kip_sequential_soa_profile.exe","std::vector<unsigned char,std::allocator<unsigned char> >::operator[]","vector","0x140026686"
"func@0x140273eeb","0","1612800","0.0833333","ntfs.sys","func@0x140273eeb","[Unknown]","0x140273eeb"
"[storqosflt.sys]","0","0","0.5","storqosflt.sys","[storqosflt.sys]","[Unknown]","0"
"func@0x140001af3","0","537600","0","luafv.sys","func@0x140001af3","[Unknown]","0x140001af3"
"func@0x1400019b0","0","537600","","luafv.sys","func@0x1400019b0","[Unknown]","0x1400019b0"
"IoGetStackLimits","0","0","0.125","ntoskrnl.exe","IoGetStackLimits","[Unknown]","0x140236ae0"
"func@0x1408a57bd","0","537600","0","ntoskrnl.exe","func@0x1408a57bd","[Unknown]","0x1408a57bd"
"func@0x1405b23c4","0","537600","0","ntoskrnl.exe","func@0x1405b23c4","[Unknown]","0x1405b23c4"
"func@0x140333eb4","0","0","0.125","ntoskrnl.exe","func@0x140333eb4","[Unknown]","0x140333eb4"
"IoGetActivityIdThread","0","537600","0.25","ntoskrnl.exe","IoGetActivityIdThread","[Unknown]","0x1404380b0"
"RtlRbRemoveNode","0","537600","0","ntoskrnl.exe","RtlRbRemoveNode","[Unknown]","0x14035b090"
"RtlUnicodeToMultiByteN","0","537600","0.5","ntdll.dll","RtlUnicodeToMultiByteN","[Unknown]","0x18007ecd0"
"func@0x140328d20","0","0","0.5","ntoskrnl.exe","func@0x140328d20","[Unknown]","0x140328d20"
"func@0x180016650","0","537600","0","ntdll.dll","func@0x180016650","[Unknown]","0x180016650"
"func@0x140140cf6","0","537600","0","ntfs.sys","func@0x140140cf6","[Unknown]","0x140140cf6"
"func@0x140125430","0","1612800","0.166667","ntfs.sys","func@0x140125430","[Unknown]","0x140125430"
"func@0x1402c252c","0","0","0.5","ntoskrnl.exe","func@0x1402c252c","[Unknown]","0x1402c252c"
"func@0x14027ae90","0","537600","0.375","ntoskrnl.exe","func@0x14027ae90","[Unknown]","0x14027ae90"
"func@0x140005d10","0","537600","","ntfs.sys","func@0x140005d10","[Unknown]","0x140005d10"
"RtlAcquireSRWLockExclusive","0","537600","0.3","ntdll.dll","RtlAcquireSRWLockExclusive","[Unknown]","0x18006b6c0"
"func@0x180023d10","0","537600","0","ucrtbase.dll","func@0x180023d10","[Unknown]","0x180023d10"
"func@0x140206e50","0","0","0.5","ntoskrnl.exe","func@0x140206e50","[Unknown]","0x140206e50"
"func@0x140156430","0","537600","0","ntfs.sys","func@0x140156430","[Unknown]","0x140156430"
"func@0x180073bf0","0","537600","","ntdll.dll","func@0x180073bf0","[Unknown]","0x180073bf0"
"func@0x140206290","0","1075200","1","ntoskrnl.exe","func@0x140206290","[Unknown]","0x140206290"
"func@0x14027a90d","0","537600","0.25","ntoskrnl.exe","func@0x14027a90d","[Unknown]","0x14027a90d"
"func@0x1406b75c0","0","0","0.5","ntoskrnl.exe","func@0x1406b75c0","[Unknown]","0x1406b75c0"
"func@0x18000fa00","0","537600","0.5","fltmgr.sys","func@0x18000fa00","[Unknown]","0x18000fa00"
"func@0x140055b00","0","1075200","0","ntfs.sys","func@0x140055b00","[Unknown]","0x140055b00"
"func@0x18000ebc9","0","2150400","0","fltmgr.sys","func@0x18000ebc9","[Unknown]","0x18000ebc9"
"RtlFreeHeap","0","537600","0","ntdll.dll","RtlFreeHeap","[Unknown]","0x1800533f0"
"std::vector<unsigned char,std::allocator<unsigned char> >::operator[]","0","0","0.25","kip_sequential_soa_profile.exe","std::vector<unsigned char,std::allocator<unsigned char> >::operator[]","vector","0x14002660d"
"func@0x1403089ac","0","0","0.25","ntoskrnl.exe","func@0x1403089ac","[Unknown]","0x1403089ac"
"RtlInitializeCriticalSectionEx","0","537600","0","ntdll.dll","RtlInitializeCriticalSectionEx","[Unknown]","0x180030bc0"
"KeRemoveProcessorAffinityEx","0","1075200","0.5","ntoskrnl.exe","KeRemoveProcessorAffinityEx","[Unknown]","0x1403d1030"
"func@0x1402416e0","0","537600","0","ntoskrnl.exe","func@0x1402416e0","[Unknown]","0x1402416e0"
"func@0x1403918a0","0","537600","0","ntoskrnl.exe","func@0x1403918a0","[Unknown]","0x1403918a0"
"func@0x140298740","0","0","0.5","ntoskrnl.exe","func@0x140298740","[Unknown]","0x140298740"
"func@0x1405d0190","0","0","0.333333","ntoskrnl.exe","func@0x1405d0190","[Unknown]","0x1405d0190"
"[vlflt.sys]","0","537600","0.4","vlflt.sys","[vlflt.sys]","[Unknown]","0"
"func@0x18006de14","0","537600","0","ntdll.dll","func@0x18006de14","[Unknown]","0x18006de14"
"func@0x140279a00","0","537600","0","ntoskrnl.exe","func@0x140279a00","[Unknown]","0x140279a00"
"func@0x180070150","0","0","0.5","ntdll.dll","func@0x180070150","[Unknown]","0x180070150"
"func@0x14027aa10","0","0","0.125","ntoskrnl.exe","func@0x14027aa10","[Unknown]","0x14027aa10"
"func@0x1402c6f68","0","0","0.5","ntoskrnl.exe","func@0x1402c6f68","[Unknown]","0x1402c6f68"
"KeAcquireSpinLockRaiseToDpc","0","0","0.25","ntoskrnl.exe","KeAcquireSpinLockRaiseToDpc","[Unknown]","0x14027a8c0"
"func@0x1406b6883","0","0","0.5","ntoskrnl.exe","func@0x1406b6883","[Unknown]","0x1406b6883"
"func@0x14015bde0","0","537600","0","vlflt.sys","func@0x14015bde0","[Unknown]","0x14015bde0"
"func@0x1404e5b78","0","0","0.5","ntoskrnl.exe","func@0x1404e5b78","[Unknown]","0x1404e5b78"
"FltGetRequestorProcessIdEx","0","0","0.5","fltmgr.sys","FltGetRequestorProcessIdEx","[Unknown]","0x180012170"
"func@0x1402a1ad0","0","537600","0","ntoskrnl.exe","func@0x1402a1ad0","[Unknown]","0x1402a1ad0"
"func@0x1406abc60","0","537600","0","ntoskrnl.exe","func@0x1406abc60","[Unknown]","0x1406abc60"
"KeFindFirstSetRightAffinityEx","0","1075200","0","ntoskrnl.exe","KeFindFirstSetRightAffinityEx","[Unknown]","0x1403205f0"
"func@0x14022ac60","0","0","0.166667","ntoskrnl.exe","func@0x14022ac60","[Unknown]","0x14022ac60"
"func@0x140204780","0","1075200","0.25","ntoskrnl.exe","func@0x140204780","[Unknown]","0x140204780"
"func@0x1403e7f81","0","537600","0","ntoskrnl.exe","func@0x1403e7f81","[Unknown]","0x1403e7f81"
"KeReleaseInStackQueuedSpinLock","0","0","0.25","ntoskrnl.exe","KeReleaseInStackQueuedSpinLock","[Unknown]","0x14022aa70"
"func@0x1403acc72","0","537600","0","ntoskrnl.exe","func@0x1403acc72","[Unknown]","0x1403acc72"
"func@0x140034b31","0","0","0.166667","dxgmms2.sys","func@0x140034b31","[Unknown]","0x140034b31"
"KfRaiseIrql","0","1075200","0","ntoskrnl.exe","KfRaiseIrql","[Unknown]","0x1403f9ac0"
"func@0x140323720","0","0","0.5","ntoskrnl.exe","func@0x140323720","[Unknown]","0x140323720"
"func@0x14014b0c0","0","537600","0","vlflt.sys","func@0x14014b0c0","[Unknown]","0x14014b0c0"
"func@0x14027bb79","0","537600","0.166667","ntoskrnl.exe","func@0x14027bb79","[Unknown]","0x14027bb79"
"func@0x14029b041","0","537600","0","ntoskrnl.exe","func@0x14029b041","[Unknown]","0x14029b041"
"std::vector<unsigned char,std::allocator<unsigned char> >::operator[]","0","537600","1","kip_sequential_soa_profile.exe","std::vector<unsigned char,std::allocator<unsigned char> >::operator[]","vector","0x140026716"
"func@0x140236e90","0","537600","0","ntoskrnl.exe","func@0x140236e90","[Unknown]","0x140236e90"
"func@0x140320594","0","537600","0","ntoskrnl.exe","func@0x140320594","[Unknown]","0x140320594"
"func@0x140343d40","0","537600","0","ntoskrnl.exe","func@0x140343d40","[Unknown]","0x140343d40"
"func@0x140030480","0","537600","0","dxgkrnl.sys","func@0x140030480","[Unknown]","0x140030480"
"func@0x140220f80","0","0","0.166667","ntoskrnl.exe","func@0x140220f80","[Unknown]","0x140220f80"
"func@0x1400080b0","0","0","0.1","dxgmms2.sys","func@0x1400080b0","[Unknown]","0x1400080b0"
"KeReleaseSpinLock","0","1075200","0.125","ntoskrnl.exe","KeReleaseSpinLock","[Unknown]","0x140273ad0"
"func@0x18001bda0","0","537600","0","ucrtbase.dll","func@0x18001bda0","[Unknown]","0x18001bda0"
"func@0x1405b2418","0","0","0.5","ntoskrnl.exe","func@0x1405b2418","[Unknown]","0x1405b2418"
"func@0x14047a36c","0","537600","0","ntoskrnl.exe","func@0x14047a36c","[Unknown]","0x14047a36c"
"func@0x1402c01e0","0","0","0.5","ntoskrnl.exe","func@0x1402c01e0","[Unknown]","0x1402c01e0"
"func@0x1402c6d0d","0","537600","0","ntoskrnl.exe","func@0x1402c6d0d","[Unknown]","0x1402c6d0d"
"func@0x1403671a2","0","0","0.25","ntoskrnl.exe","func@0x1403671a2","[Unknown]","0x1403671a2"
"func@0x140036850","0","537600","0","vlflt.sys","func@0x140036850","[Unknown]","0x140036850"
"func@0x1403091f7","0","537600","0","ntoskrnl.exe","func@0x1403091f7","[Unknown]","0x1403091f7"
"func@0x1403adcc0","0","537600","0","ntoskrnl.exe","func@0x1403adcc0","[Unknown]","0x1403adcc0"
"func@0x14032214d","0","0","0.25","ntoskrnl.exe","func@0x14032214d","[Unknown]","0x14032214d"
"ExAcquireRundownProtection","0","1612800","0.5","ntoskrnl.exe","ExAcquireRundownProtection","[Unknown]","0x1402eb890"
"func@0x180043630","0","537600","0","ntdll.dll","func@0x180043630","[Unknown]","0x180043630"
"func@0x18000eb10","0","537600","0","ntdll.dll","func@0x18000eb10","[Unknown]","0x18000eb10"
"func@0x18000d620","0","1075200","0","fltmgr.sys","func@0x18000d620","[Unknown]","0x18000d620"
"func@0x1402a8478","0","0","0.5","ntoskrnl.exe","func@0x1402a8478","[Unknown]","0x1402a8478"
"func@0x14022aac3","0","537600","0","ntoskrnl.exe","func@0x14022aac3","[Unknown]","0x14022aac3"
"func@0x14032375a","0","1075200","0","ntoskrnl.exe","func@0x14032375a","[Unknown]","0x14032375a"
"func@0x1402a83fe","0","0","0.5","ntoskrnl.exe","func@0x1402a83fe","[Unknown]","0x1402a83fe"
"func@0x1403e7e80","0","537600","0","ntoskrnl.exe","func@0x1403e7e80","[Unknown]","0x1403e7e80"
"func@0x140331eac","0","1075200","","ntoskrnl.exe","func@0x140331eac","[Unknown]","0x140331eac"
"func@0x1400069c0","0","537600","0","ntfs.sys","func@0x1400069c0","[Unknown]","0x1400069c0"
"func@0x1402a7fd8","0","537600","0","ntoskrnl.exe","func@0x1402a7fd8","[Unknown]","0x1402a7fd8"
"ExAcquireResourceExclusiveLite","0","537600","0.166667","ntoskrnl.exe","ExAcquireResourceExclusiveLite","[Unknown]","0x14022b760"
"func@0x1402f7a00","0","0","1","ntoskrnl.exe","func@0x1402f7a00","[Unknown]","0x1402f7a00"
"func@0x1402378ca","0","537600","0.0833333","ntoskrnl.exe","func@0x1402378ca","[Unknown]","0x1402378ca"
"func@0x14020944f","0","537600","0.25","ntoskrnl.exe","func@0x14020944f","[Unknown]","0x14020944f"
"ExReleaseSpinLockExclusive","0","537600","0","ntoskrnl.exe","ExReleaseSpinLockExclusive","[Unknown]","0x1402dc610"
"func@0x140308610","0","537600","0","ntoskrnl.exe","func@0x140308610","[Unknown]","0x140308610"
"func@0x140237200","0","0","0.5","ntoskrnl.exe","func@0x140237200","[Unknown]","0x140237200"
"FsRtlAddBaseMcbEntryEx","0","1075200","0.75","ntoskrnl.exe","FsRtlAddBaseMcbEntryEx","[Unknown]","0x1403b48c0"
"func@0x180008fb4","0","0","0.3","fltmgr.sys","func@0x180008fb4","[Unknown]","0x180008fb4"
"func@0x1403f7110","0","537600","","ntoskrnl.exe","func@0x1403f7110","[Unknown]","0x1403f7110"
"FsRtlReleaseHeaderMutex","0","537600","0","ntoskrnl.exe","FsRtlReleaseHeaderMutex","[Unknown]","0x1402bc4d0"
"func@0x1800092b0","0","537600","0","fltmgr.sys","func@0x1800092b0","[Unknown]","0x1800092b0"
"func@0x180010040","0","537600","0","fltmgr.sys","func@0x180010040","[Unknown]","0x180010040"
"CcCanIWrite","0","537600","0.5","ntoskrnl.exe","CcCanIWrite","[Unknown]","0x1404d4f50"
"func@0x18001bd40","0","0","1","fltmgr.sys","func@0x18001bd40","[Unknown]","0x18001bd40"
"func@0x14033d704","0","0","1","ntoskrnl.exe","func@0x14033d704","[Unknown]","0x14033d704"
"func@0x14013cb80","0","537600","0.0786164","ntfs.sys","func@0x14013cb80","[Unknown]","0x14013cb80"
"func@0x140222c10","0","0","0.5","ntoskrnl.exe","func@0x140222c10","[Unknown]","0x140222c10"
"func@0x1800094a0","0","0","0.375","fltmgr.sys","func@0x1800094a0","[Unknown]","0x1800094a0"
"func@0x1402230d0","0","537600","0.833333","ntoskrnl.exe","func@0x1402230d0","[Unknown]","0x1402230d0"
"func@0x1403f9057","0","0","0.5","ntoskrnl.exe","func@0x1403f9057","[Unknown]","0x1403f9057"
"func@0x18000d68e","0","0","0.166667","fltmgr.sys","func@0x18000d68e","[Unknown]","0x18000d68e"
"func@0x140006c72","0","537600","0","dxgmms2.sys","func@0x140006c72","[Unknown]","0x140006c72"
"func@0x140295350","0","0","0.166667","ntoskrnl.exe","func@0x140295350","[Unknown]","0x140295350"
"func@0x180024580","0","1075200","0","fltmgr.sys","func@0x180024580","[Unknown]","0x180024580"
"func@0x1402931e0","0","537600","0.25","ntoskrnl.exe","func@0x1402931e0","[Unknown]","0x1402931e0"
"func@0x140330d20","0","537600","0","ntoskrnl.exe","func@0x140330d20","[Unknown]","0x140330d20"
"func@0x1402534d8","0","0","0.5","ntoskrnl.exe","func@0x1402534d8","[Unknown]","0x1402534d8"
"func@0x1800092d6","0","1075200","0.25","fltmgr.sys","func@0x1800092d6","[Unknown]","0x1800092d6"
"func@0x14013c940","0","0","0.125","ntfs.sys","func@0x14013c940","[Unknown]","0x14013c940"
"func@0x140abd1d0","0","537600","0","ntoskrnl.exe","func@0x140abd1d0","[Unknown]","0x140abd1d0"
"func@0x14000be40","0","537600","","ntfs.sys","func@0x14000be40","[Unknown]","0x14000be40"
"func@0x180009542","0","1612800","0.277778","fltmgr.sys","func@0x180009542","[Unknown]","0x180009542"
"func@0x14000dc30","0","537600","0","dxgmms2.sys","func@0x14000dc30","[Unknown]","0x14000dc30"
"ExAllocatePool2","0","0","0.5","ntoskrnl.exe","ExAllocatePool2","[Unknown]","0x140b740f0"
"KeRcuReadLock","0","537600","0","ntoskrnl.exe","KeRcuReadLock","[Unknown]","0x14040f120"
"func@0x1403f6b80","0","537600","0","ntoskrnl.exe","func@0x1403f6b80","[Unknown]","0x1403f6b80"
"func@0x180039ce0","0","0","0.5","ntdll.dll","func@0x180039ce0","[Unknown]","0x180039ce0"
"func@0x1403151e0","0","0","0.5","ntoskrnl.exe","func@0x1403151e0","[Unknown]","0x1403151e0"
"FltGetEcpListFromCallbackData","0","537600","0","fltmgr.sys","FltGetEcpListFromCallbackData","[Unknown]","0x18005ebf0"
"func@0x1403f8dc0","0","537600","0","ntoskrnl.exe","func@0x1403f8dc0","[Unknown]","0x1403f8dc0"
"FsRtlGetNextBaseMcbEntry","0","537600","","ntoskrnl.exe","FsRtlGetNextBaseMcbEntry","[Unknown]","0x1404044f0"
"func@0x1800f15e0","0","537600","0","kernelbase.dll","func@0x1800f15e0","[Unknown]","0x1800f15e0"
"IoAllocateMdl","0","0","0.5","ntoskrnl.exe","IoAllocateMdl","[Unknown]","0x14025e9e0"
"stbi__build_huffman","0","537600","0","kip_sequential_soa_profile.exe","stbi__build_huffman(struct stbi__huffman *, int *)","stb_image.h","0x140020e60"
"func@0x140342a90","0","537600","0.25","ntoskrnl.exe","func@0x140342a90","[Unknown]","0x140342a90"
"func@0x1c0013500","0","0","0.5","fileinfo.sys","func@0x1c0013500","[Unknown]","0x1c0013500"
"func@0x1404e25d8","0","1612800","0.142857","ntoskrnl.exe","func@0x1404e25d8","[Unknown]","0x1404e25d8"
"CcPinMappedData","0","537600","","ntoskrnl.exe","CcPinMappedData","[Unknown]","0x1409ae800"
"func@0x14028f7f0","0","1075200","0.333333","ntoskrnl.exe","func@0x14028f7f0","[Unknown]","0x14028f7f0"
"func@0x14040edd0","0","537600","0","ntoskrnl.exe","func@0x14040edd0","[Unknown]","0x14040edd0"
"func@0x140229260","0","0","0.5","ntoskrnl.exe","func@0x140229260","[Unknown]","0x140229260"
"func@0x1c0001000","0","537600","0.25","fileinfo.sys","func@0x1c0001000","[Unknown]","0x1c0001000"
"func@0x140211530","0","537600","0","ntoskrnl.exe","func@0x140211530","[Unknown]","0x140211530"
"func@0x14032b9b0","0","537600","","ntoskrnl.exe","func@0x14032b9b0","[Unknown]","0x14032b9b0"
"func@0x1800360b0","0","537600","0","ntdll.dll","func@0x1800360b0","[Unknown]","0x1800360b0"
"func@0x14000b410","0","1612800","0.166667","ntfs.sys","func@0x14000b410","[Unknown]","0x14000b410"
"func@0x1403f13ad","0","0","0.5","ntoskrnl.exe","func@0x1403f13ad","[Unknown]","0x1403f13ad"
"func@0x14097659d","0","537600","0","ntoskrnl.exe","func@0x14097659d","[Unknown]","0x14097659d"
"func@0x140002cb0","0","0","0.5","intelppm.sys","func@0x140002cb0","[Unknown]","0x140002cb0"
"ReadFile","0","0","0.5","kernelbase.dll","ReadFile","[Unknown]","0x180022d10"
"func@0x180127280","0","537600","0","ntdll.dll","func@0x180127280","[Unknown]","0x180127280"
"func@0x1400424d0","0","0","0.25","storport.sys","func@0x1400424d0","[Unknown]","0x1400424d0"
"func@0x14040ee83","0","0","0.5","ntoskrnl.exe","func@0x14040ee83","[Unknown]","0x14040ee83"
"func@0x14024caf0","0","0","0.25","ntoskrnl.exe","func@0x14024caf0","[Unknown]","0x14024caf0"
"SdbFindFirstTag","0","537600","0","apphelp.dll","SdbFindFirstTag","[Unknown]","0x180006a30"
"func@0x1c000bbd0","0","0","0.5","condrv.sys","func@0x1c000bbd0","[Unknown]","0x1c000bbd0"
"ExReleaseFastMutexUnsafe","0","0","0.5","ntoskrnl.exe","ExReleaseFastMutexUnsafe","[Unknown]","0x1402bb2d0"
"KeLeaveCriticalRegion","0","0","0.5","ntoskrnl.exe","KeLeaveCriticalRegion","[Unknown]","0x14027dbe0"
"func@0x1405e0b90","0","1075200","0.1","ntoskrnl.exe","func@0x1405e0b90","[Unknown]","0x1405e0b90"
"func@0x1402106e0","0","537600","0","ntoskrnl.exe","func@0x1402106e0","[Unknown]","0x1402106e0"
"func@0x180010140","0","537600","0.5","apphelp.dll","func@0x180010140","[Unknown]","0x180010140"
"func@0x180012260","0","0","0.25","apphelp.dll","func@0x180012260","[Unknown]","0x180012260"
"func@0x180040780","0","0","0.5","ntdll.dll","func@0x180040780","[Unknown]","0x180040780"
"func@0x140314cd0","0","0","0.5","ntoskrnl.exe","func@0x140314cd0","[Unknown]","0x140314cd0"
"func@0x14040f700","0","537600","0","ntoskrnl.exe","func@0x14040f700","[Unknown]","0x14040f700"
"func@0x14033a770","0","0","0.5","ntoskrnl.exe","func@0x14033a770","[Unknown]","0x14033a770"
"func@0x14030e07c","0","537600","0","ntoskrnl.exe","func@0x14030e07c","[Unknown]","0x14030e07c"
"func@0x18000dd00","0","537600","0.25","ntdll.dll","func@0x18000dd00","[Unknown]","0x18000dd00"
"func@0x1403da9f0","0","1075200","0","ntoskrnl.exe","func@0x1403da9f0","[Unknown]","0x1403da9f0"
